timestamp,symbol,decision,approved,confidence,confidence_label,direction,data_quality_status,reasons,sector,account_balance,price,affordable_quantity,technical_score,fundamental_score,market_score,sector_score,momentum_score,news_score,sentiment_score,volume_score,risk_score,ml_probability,risk_reward_ratio,expected_value,estimated_cost,position_size,rejection_reason,market_regime,fundamental_risk,news_sentiment_class
2026-09-10 14:33:14.843912+00:00,20MICRONS.NS,NO TRADE,False,65.60060606321036,WATCH,UP,DEGRADED,No risk assessment available (entry/stop/target could not be computed).; Failed check: signal is directional.; Failed check: confidence sufficient.; Failed check: risk reward sufficient.; Failed check: expected value positive.; Failed check: positive edge after costs.; Failed check: stop loss logical.; Failed check: position size within limits.; Failed check: news credibility acceptable.,,1000000.0,212.88999938964844,,61.666666666666664,65.0,70.0,,70.0,,,55.0,79.91280638114108,,,,,,No risk assessment available (entry/stop/target could not be computed).,BULL_HIGH_VOL,20.0,
2026-09-10 14:33:15.934301+00:00,21STCENMGM.NS,NO TRADE,False,46.954269846216796,NO TRADE,UP,DEGRADED,No risk assessment available (entry/stop/target could not be computed).; Failed check: signal is directional.; Failed check: confidence sufficient.; Failed check: risk reward sufficient.; Failed check: expected value positive.; Failed check: positive edge after costs.; Failed check: stop loss logical.; Failed check: position size within limits.; Failed check: sufficient liquidity.; Failed check: strong technical setup.; Failed check: market conditions acceptable.; Failed check: news credibility acceptable.,,1000000.0,38.970001220703125,,43.333333333333336,74.0,37.74893117543616,,40.0,,,25.0,74.57124271315902,,,,,,No risk assessment available (entry/stop/target could not be computed).,BULL_LOW_VOL,30.0,
2026-09-10 14:33:16.381932+00:00,3IINFOTECH.NS,NO TRADE,False,0.0,NO TRADE,NONE,INVALID,"Data Quality [3IINFOTECH.NS] as of 2026-09-10T14:33:16.381800+00:00: INVALID (score=0.00, threshold=0.70)
  [CRITICAL] provider_unavailable: No data returned for 3IINFOTECH.NS (2y/1d)",,1000000.0,,,,,,,,,,,,,,,,,"Data Quality [3IINFOTECH.NS] as of 2026-09-10T14:33:16.381800+00:00: INVALID (score=0.00, threshold=0.70)
  [CRITICAL] provider_unavailable: No data returned for 3IINFOTECH.NS (2y/1d)",UNKNOWN,,
2026-09-10 14:33:17.835685+00:00,3MINDIA.NS,NO TRADE,False,41.12621513635516,NO TRADE,UP,DEGRADED,No risk assessment available (entry/stop/target could not be computed).; Failed check: signal is directional.; Failed check: confidence sufficient.; Failed check: risk reward sufficient.; Failed check: expected value positive.; Failed check: positive edge after costs.; Failed check: stop loss logical.; Failed check: position size within limits.; Failed check: sufficient liquidity.; Failed check: strong technical setup.; Failed check: market conditions acceptable.; Failed check: news credibility acceptable.,,1000000.0,32800.0,,35.0,70.0,38.681327835692514,,40.0,,,10.0,70.59940287593294,,,,,,No risk assessment available (entry/stop/target could not be computed).,SIDEWAYS_LOW_VOL,20.0,
2026-09-10 14:33:19.118481+00:00,3PLAND.NS,NO TRADE,False,49.81060684254654,NO TRADE,NONE,DEGRADED,No risk assessment available (entry/stop/target could not be computed).; Failed check: signal is directional.; Failed check: confidence sufficient.; Failed check: risk reward sufficient.; Failed check: expected value positive.; Failed check: positive edge after costs.; Failed check: stop loss logical.; Failed check: position size within limits.; Failed check: sufficient liquidity.; Failed check: strong technical setup.; Failed check: news credibility acceptable.,,1000000.0,32.0,,51.666666666666664,,55.24902154762621,,70.0,,,10.0,76.82344206717329,,,,,,No risk assessment available (entry/stop/target could not be computed).,SIDEWAYS_LOW_VOL,,
2026-09-10 14:33:20.340084+00:00,5PAISA.NS,NO TRADE,False,41.38895051164084,NO TRADE,UP,DEGRADED,No risk assessment available (entry/stop/target could not be computed).; Failed check: signal is directional.; Failed check: confidence sufficient.; Failed check: ai signals aligned.; Failed check: risk reward sufficient.; Failed check: expected value positive.; Failed check: positive edge after costs.; Failed check: stop loss logical.; Failed check: position size within limits.; Failed check: sufficient liquidity.; Failed check: strong technical setup.; Failed check: market conditions acceptable.; Failed check: news credibility acceptable.,,1000000.0,334.8500061035156,,35.0,71.0,30.55781257476289,,40.0,,,10.0,79.88100950334123,,,,,,No risk assessment available (entry/stop/target could not be computed).,BEAR_LOW_VOL,45.0,
2026-09-10 14:33:21.482038+00:00,A2ZINFRA.NS,NO TRADE,False,49.712748928377515,NO TRADE,DOWN,DEGRADED,No risk assessment available (entry/stop/target could not be computed).; Failed check: signal is directional.; Failed check: confidence sufficient.; Failed check: risk reward sufficient.; Failed check: expected value positive.; Failed check: positive edge after costs.; Failed check: stop loss logical.; Failed check: position size within limits.; Failed check: strong technical setup.; Failed check: news credibility acceptable.,,1000000.0,14.920000076293945,,43.333333333333336,22.0,56.62247512287617,,40.0,,,55.0,73.11265183201266,,,,,,No risk assessment available (entry/stop/target could not be computed).,BULL_HIGH_VOL,70.0,
2026-09-10 14:33:24.336925+00:00,AARON.NS,NO TRADE,False,59.07475014429505,WATCH,UP,DEGRADED,No risk assessment available (entry/stop/target could not be computed).; Failed check: signal is directional.; Failed check: confidence sufficient.; Failed check: risk reward sufficient.; Failed check: expected value positive.; Failed check: positive edge after costs.; Failed check: stop loss logical.; Failed check: position size within limits.; Failed check: sufficient liquidity.; Failed check: strong technical setup.; Failed check: news credibility acceptable.,,1000000.0,136.9499969482422,,58.333333333333336,78.0,51.614708658115994,,50.0,,,40.0,75.17657522643105,,,,,,No risk assessment available (entry/stop/target could not be computed).,BULL_HIGH_VOL,30.0,
2026-09-10 14:33:25.791121+00:00,AARTIDRUGS.NS,NO TRADE,False,68.89487623310198,WATCH,UP,DEGRADED,No risk assessment available (entry/stop/target could not be computed).; Failed check: signal is directional.; Failed check: confidence sufficient.; Failed check: risk reward sufficient.; Failed check: expected value positive.; Failed check: positive edge after costs.; Failed check: stop loss logical.; Failed check: position size within limits.; Failed check: news credibility acceptable.,,1000000.0,436.79998779296875,,68.33333333333333,75.0,61.63931714557228,,70.0,,,70.0,74.97086196261733,,,,,,No risk assessment available (entry/stop/target could not be computed).,BULL_LOW_VOL,20.0,
2026-09-10 14:33:28.240018+00:00,AARTIIND.NS,NO TRADE,False,55.957428161721765,NO TRADE,UP,DEGRADED,No risk assessment available (entry/stop/target could not be computed).; Failed check: signal is directional.; Failed check: confidence sufficient.; Failed check: ai signals aligned.; Failed check: risk reward sufficient.; Failed check: expected value positive.; Failed check: positive edge after costs.; Failed check: stop loss logical.; Failed check: position size within limits.; Failed check: strong technical setup.; Failed check: news credibility acceptable.,,1000000.0,504.04998779296875,,46.666666666666664,82.0,44.60002189957588,,50.0,,,55.0,75.13791655720095,,,,,,No risk assessment available (entry/stop/target could not be computed).,BULL_LOW_VOL,30.0,
2026-09-10 14:33:29.441758+00:00,AARTISURF.NS,NO TRADE,False,46.90391593376526,NO TRADE,UP,DEGRADED,No risk assessment available (entry/stop/target could not be computed).; Failed check: signal is directional.; Failed check: confidence sufficient.; Failed check: ai signals aligned.; Failed check: risk reward sufficient.; Failed check: expected value positive.; Failed check: positive edge after costs.; Failed check: stop loss logical.; Failed check: position size within limits.; Failed check: sufficient liquidity.; Failed check: strong technical setup.; Failed check: market conditions acceptable.; Failed check: news credibility acceptable.,,1000000.0,500.8500061035156,,43.333333333333336,90.0,30.0,,40.0,,,25.0,67.56013824416567,,,,,,No risk assessment available (entry/stop/target could not be computed).,BULL_HIGH_VOL,20.0,
2026-09-10 14:33:30.791574+00:00,AARVI.NS,NO TRADE,False,48.52474141513652,NO TRADE,UP,DEGRADED,No risk assessment available (entry/stop/target could not be computed).; Failed check: signal is directional.; Failed check: confidence sufficient.; Failed check: ai signals aligned.; Failed check: risk reward sufficient.; Failed check: expected value positive.; Failed check: positive edge after costs.; Failed check: stop loss logical.; Failed check: position size within limits.; Failed check: sufficient liquidity.; Failed check: strong technical setup.; Failed check: news credibility acceptable.,,1000000.0,143.11000061035156,,35.0,90.0,42.211014946804504,,40.0,,,25.0,79.93656253458131,,,,,,No risk assessment available (entry/stop/target could not be computed).,SIDEWAYS_LOW_VOL,20.0,
2026-09-10 14:33:32.025237+00:00,AAVAS.NS,NO TRADE,False,53.147296104687165,NO TRADE,UP,DEGRADED,No risk assessment available (entry/stop/target could not be computed).; Failed check: signal is directional.; Failed check: confidence sufficient.; Failed check: risk reward sufficient.; Failed check: expected value positive.; Failed check: positive edge after costs.; Failed check: stop loss logical.; Failed check: position size within limits.; Failed check: strong technical setup.; Failed check: market conditions acceptable.,,1000000.0,1286.0999755859375,,45.0,76.0,36.938466324573405,,60.0,61.26261943969465,,55.0,74.17162631017997,,,,,,No risk assessment available (entry/stop/target could not be computed).,BEAR_LOW_VOL,55.0,POSITIVE
2026-09-10 14:33:33.563067+00:00,ABB.NS,NO TRADE,False,50.84998794832796,NO TRADE,DOWN,DEGRADED,No risk assessment available (entry/stop/target could not be computed).; Failed check: signal is directional.; Failed check: confidence sufficient.; Failed check: risk reward sufficient.; Failed check: expected value positive.; Failed check: positive edge after costs.; Failed check: stop loss logical.; Failed check: position size within limits.; Failed check: strong technical setup.; Failed check: news credibility acceptable.,,1000000.0,7329.0,,43.333333333333336,,47.40721184870893,,40.0,,,55.0,70.65577658357098,,,,,,No risk assessment available (entry/stop/target could not be computed).,BULL_LOW_VOL,,
2026-09-10 14:33:35.009475+00:00,ABBOTINDIA.NS,NO TRADE,False,40.913478456600714,NO TRADE,NONE,DEGRADED,No risk assessment available (entry/stop/target could not be computed).; Failed check: signal is directional.; Failed check: confidence sufficient.; Failed check: risk reward sufficient.; Failed check: expected value positive.; Failed check: positive edge after costs.; Failed check: stop loss logical.; Failed check: position size within limits.; Failed check: sufficient liquidity.; Failed check: strong technical setup.; Failed check: news credibility acceptable.,,1000000.0,25260.0,,33.333333333333336,68.0,40.20141443691971,,25.0,,,10.0,68.38619647104237,,,,,,No risk assessment available (entry/stop/target could not be computed).,SIDEWAYS_LOW_VOL,20.0,
2026-09-10 14:33:36.170761+00:00,ABCAPITAL.NS,NO TRADE,False,55.46766696048408,NO TRADE,UP,DEGRADED,No risk assessment available (entry/stop/target could not be computed).; Failed check: signal is directional.; Failed check: confidence sufficient.; Failed check: risk reward sufficient.; Failed check: expected value positive.; Failed check: positive edge after costs.; Failed check: stop loss logical.; Failed check: position size within limits.; Failed check: strong technical setup.; Failed check: news credibility acceptable.,,1000000.0,400.0,,46.666666666666664,68.0,53.51318723505813,,50.0,,,55.0,70.86793891763233,,,,,,No risk assessment available (entry/stop/target could not be computed).,SIDEWAYS_LOW_VOL,55.0,
2026-09-10 14:33:37.491687+00:00,ABFRL.NS,NO TRADE,False,50.660192137538445,NO TRADE,UP,DEGRADED,No risk assessment available (entry/stop/target could not be computed).; Failed check: signal is directional.; Failed check: confidence sufficient.; Failed check: risk reward sufficient.; Failed check: expected value positive.; Failed check: positive edge after costs.; Failed check: stop loss logical.; Failed check: position size within limits.; Failed check: strong technical setup.; Failed check: market conditions acceptable.; Failed check: news credibility acceptable.,,1000000.0,50.88999938964844,,48.333333333333336,64.0,39.105413542309584,,60.0,,,40.0,76.02051884023663,,,,,,No risk assessment available (entry/stop/target could not be computed).,BEAR_LOW_VOL,30.0,
2026-09-10 14:33:39.111308+00:00,ACC.NS,NO TRADE,False,45.920990249242045,NO TRADE,NONE,DEGRADED,No risk assessment available (entry/stop/target could not be computed).; Failed check: signal is directional.; Failed check: confidence sufficient.; Failed check: risk reward sufficient.; Failed check: expected value positive.; Failed check: positive edge after costs.; Failed check: stop loss logical.; Failed check: position size within limits.; Failed check: strong technical setup.; Failed check: news credibility acceptable.,,1000000.0,1253.0,,35.0,60.0,46.66167306333877,,40.0,,,40.0,67.84537187090213,,,,,,No risk assessment available (entry/stop/target could not be computed).,BEAR_LOW_VOL,35.0,
2026-09-10 14:33:40.525050+00:00,ACCELYA.NS,NO TRADE,False,44.27565661887939,NO TRADE,NONE,DEGRADED,No risk assessment available (entry/stop/target could not be computed).; Failed check: signal is directional.; Failed check: confidence sufficient.; Failed check: ai signals aligned.; Failed check: risk reward sufficient.; Failed check: expected value positive.; Failed check: positive edge after costs.; Failed check: stop loss logical.; Failed check: position size within limits.; Failed check: sufficient liquidity.; Failed check: strong technical setup.; Failed check: news credibility acceptable.,,1000000.0,1118.0999755859375,,31.666666666666668,72.0,54.50362990560025,,40.0,,,10.0,67.48177454658432,,,,,,No risk assessment available (entry/stop/target could not be computed).,SIDEWAYS_LOW_VOL,10.0,
2026-09-10 14:33:43.057719+00:00,ACCURACY.NS,NO TRADE,False,41.00287361986548,NO TRADE,NONE,DEGRADED,No risk assessment available (entry/stop/target could not be computed).; Failed check: signal is directional.; Failed check: confidence sufficient.; Failed check: risk reward sufficient.; Failed check: expected value positive.; Failed check: positive edge after costs.; Failed check: stop loss logical.; Failed check: position size within limits.; Failed check: sufficient liquidity.; Failed check: strong technical setup.; Failed check: market conditions acceptable.; Failed check: news credibility acceptable.,,1000000.0,4.199999809265137,,38.333333333333336,57.0,34.1325775634155,,40.0,,,10.0,76.30257789336665,,,,,,No risk assessment available (entry/stop/target could not be computed).,BEAR_LOW_VOL,42.0,
2026-09-10 14:33:44.682935+00:00,ACE.NS,NO TRADE,False,60.881133634763685,WATCH,UP,DEGRADED,No risk assessment available (entry/stop/target could not be computed).; Failed check: signal is directional.; Failed check: confidence sufficient.; Failed check: ai signals aligned.; Failed check: risk reward sufficient.; Failed check: expected value positive.; Failed check: positive edge after costs.; Failed check: stop loss logical.; Failed check: position size within limits.; Failed check: strong technical setup.; Failed check: news credibility acceptable.,,1000000.0,1121.199951171875,,46.666666666666664,82.0,65.24743116141994,,50.0,,,55.0,77.62837304514164,,,,,,No risk assessment available (entry/stop/target could not be computed).,BULL_HIGH_VOL,20.0,
2026-09-10 14:33:45.233090+00:00,ACRYSIL.NS,NO TRADE,False,0.0,NO TRADE,NONE,INVALID,"Data Quality [ACRYSIL.NS] as of 2026-09-10T14:33:45.232974+00:00: INVALID (score=0.00, threshold=0.70)
  [CRITICAL] provider_unavailable: No data returned for ACRYSIL.NS (2y/1d)",,1000000.0,,,,,,,,,,,,,,,,,"Data Quality [ACRYSIL.NS] as of 2026-09-10T14:33:45.232974+00:00: INVALID (score=0.00, threshold=0.70)
  [CRITICAL] provider_unavailable: No data returned for ACRYSIL.NS (2y/1d)",UNKNOWN,,
2026-09-10 14:33:46.773621+00:00,ADANIENT.NS,NO TRADE,False,59.321370988878535,WATCH,UP,DEGRADED,No risk assessment available (entry/stop/target could not be computed).; Failed check: signal is directional.; Failed check: confidence sufficient.; Failed check: risk reward sufficient.; Failed check: expected value positive.; Failed check: positive edge after costs.; Failed check: stop loss logical.; Failed check: position size within limits.; Failed check: strong technical setup.,,1000000.0,3077.199951171875,,56.666666666666664,60.0,60.064679017307455,,70.0,50.0,,55.0,72.83018264181689,,,,,,No risk assessment available (entry/stop/target could not be computed).,SIDEWAYS_HIGH_VOL,42.0,NEUTRAL
2026-09-10 14:33:48.215931+00:00,ADANIGREEN.NS,NO TRADE,False,53.95952333862154,NO TRADE,NONE,DEGRADED,No risk assessment available (entry/stop/target could not be computed).; Failed check: signal is directional.; Failed check: confidence sufficient.; Failed check: risk reward sufficient.; Failed check: expected value positive.; Failed check: positive edge after costs.; Failed check: stop loss logical.; Failed check: position size within limits.; Failed check: strong technical setup.; Failed check: news credibility acceptable.,,1000000.0,1299.0999755859375,,48.333333333333336,52.0,50.03528383059648,,70.0,,,55.0,74.29154526967515,,,,,,No risk assessment available (entry/stop/target could not be computed).,BEAR_HIGH_VOL,55.0,
2026-09-10 14:33:49.804772+00:00,ADANIPORTS.NS,NO TRADE,False,62.103180793342176,WATCH,UP,DEGRADED,No risk assessment available (entry/stop/target could not be computed).; Failed check: signal is directional.; Failed check: confidence sufficient.; Failed check: risk reward sufficient.; Failed check: expected value positive.; Failed check: positive edge after costs.; Failed check: stop loss logical.; Failed check: position size within limits.; Failed check: strong technical setup.; Failed check: news credibility acceptable.,,1000000.0,1768.0,,53.333333333333336,72.0,70.0,,70.0,,,55.0,70.3586185053774,,,,,,No risk assessment available (entry/stop/target could not be computed).,SIDEWAYS_HIGH_VOL,30.0,
2026-09-10 14:33:51.255042+00:00,ADANIPOWER.NS,NO TRADE,False,63.771356147935336,WATCH,UP,DEGRADED,No risk assessment available (entry/stop/target could not be computed).; Failed check: signal is directional.; Failed check: confidence sufficient.; Failed check: risk reward sufficient.; Failed check: expected value positive.; Failed check: positive edge after costs.; Failed check: stop loss logical.; Failed check: position size within limits.; Failed check: strong technical setup.; Failed check: news credibility acceptable.,,1000000.0,213.5,,56.666666666666664,82.0,65.32945718869006,,70.0,,,55.0,72.64888732917677,,,,,,No risk assessment available (entry/stop/target could not be computed).,SIDEWAYS_HIGH_VOL,30.0,
2026-09-10 14:33:51.561943+00:00,ADANITRANS.NS,NO TRADE,False,0.0,NO TRADE,NONE,INVALID,"Data Quality [ADANITRANS.NS] as of 2026-09-10T14:33:51.561850+00:00: INVALID (score=0.00, threshold=0.70)
  [CRITICAL] provider_unavailable: No data returned for ADANITRANS.NS (2y/1d)",,1000000.0,,,,,,,,,,,,,,,,,"Data Quality [ADANITRANS.NS] as of 2026-09-10T14:33:51.561850+00:00: INVALID (score=0.00, threshold=0.70)
  [CRITICAL] provider_unavailable: No data returned for ADANITRANS.NS (2y/1d)",UNKNOWN,,
2026-09-10 14:33:52.733486+00:00,ADFFOODS.NS,NO TRADE,False,64.98070701927124,WATCH,UP,DEGRADED,No risk assessment available (entry/stop/target could not be computed).; Failed check: signal is directional.; Failed check: confidence sufficient.; Failed check: risk reward sufficient.; Failed check: expected value positive.; Failed check: positive edge after costs.; Failed check: stop loss logical.; Failed check: position size within limits.; Failed check: strong technical setup.; Failed check: news credibility acceptable.,,1000000.0,274.04998779296875,,56.666666666666664,82.0,66.60877813916655,,70.0,,,55.0,77.46969282804059,,,,,,No risk assessment available (entry/stop/target could not be computed).,BEAR_LOW_VOL,20.0,
2026-09-10 14:33:53.070697+00:00,ADORWELD.NS,NO TRADE,False,0.0,NO TRADE,NONE,INVALID,"Data Quality [ADORWELD.NS] as of 2026-09-10T14:33:53.070597+00:00: INVALID (score=0.00, threshold=0.70)
  [CRITICAL] provider_unavailable: No data returned for ADORWELD.NS (2y/1d)",,1000000.0,,,,,,,,,,,,,,,,,"Data Quality [ADORWELD.NS] as of 2026-09-10T14:33:53.070597+00:00: INVALID (score=0.00, threshold=0.70)
  [CRITICAL] provider_unavailable: No data returned for ADORWELD.NS (2y/1d)",UNKNOWN,,
2026-09-10 14:33:55.360190+00:00,ADSL.NS,NO TRADE,False,39.70168620635504,NO TRADE,NONE,DEGRADED,No risk assessment available (entry/stop/target could not be computed).; Failed check: signal is directional.; Failed check: confidence sufficient.; Failed check: ai signals aligned.; Failed check: risk reward sufficient.; Failed check: expected value positive.; Failed check: positive edge after costs.; Failed check: stop loss logical.; Failed check: position size within limits.; Failed check: sufficient liquidity.; Failed check: strong technical setup.; Failed check: market conditions acceptable.; Failed check: news credibility acceptable.,,1000000.0,98.54000091552734,,30.0,75.0,31.97582190552295,,25.0,,,10.0,75.7242573383236,,,,,,No risk assessment available (entry/stop/target could not be computed).,BEAR_LOW_VOL,20.0,
2026-09-10 14:33:56.715938+00:00,ADVENZYMES.NS,NO TRADE,False,60.92584095182824,WATCH,UP,DEGRADED,No risk assessment available (entry/stop/target could not be computed).; Failed check: signal is directional.; Failed check: confidence sufficient.; Failed check: risk reward sufficient.; Failed check: expected value positive.; Failed check: positive edge after costs.; Failed check: stop loss logical.; Failed check: position size within limits.; Failed check: strong technical setup.; Failed check: news credibility acceptable.,,1000000.0,302.20001220703125,,56.666666666666664,69.0,58.952438083754345,,70.0,,,55.0,74.10173060468328,,,,,,No risk assessment available (entry/stop/target could not be computed).,SIDEWAYS_LOW_VOL,20.0,
2026-09-10 14:33:57.053454+00:00,AEGISCHEM.NS,NO TRADE,False,0.0,NO TRADE,NONE,INVALID,"Data Quality [AEGISCHEM.NS] as of 2026-09-10T14:33:57.053311+00:00: INVALID (score=0.00, threshold=0.70)
  [CRITICAL] provider_unavailable: No data returned for AEGISCHEM.NS (2y/1d)",,1000000.0,,,,,,,,,,,,,,,,,"Data Quality [AEGISCHEM.NS] as of 2026-09-10T14:33:57.053311+00:00: INVALID (score=0.00, threshold=0.70)
  [CRITICAL] provider_unavailable: No data returned for AEGISCHEM.NS (2y/1d)",UNKNOWN,,
2026-09-10 14:33:58.534030+00:00,AFFLE.NS,NO TRADE,False,57.54056148587054,NO TRADE,UP,DEGRADED,No risk assessment available (entry/stop/target could not be computed).; Failed check: signal is directional.; Failed check: confidence sufficient.; Failed check: ai signals aligned.; Failed check: risk reward sufficient.; Failed check: expected value positive.; Failed check: positive edge after costs.; Failed check: stop loss logical.; Failed check: position size within limits.; Failed check: strong technical setup.; Failed check: news credibility acceptable.,,1000000.0,1594.0,,46.666666666666664,82.0,51.32578160934893,,50.0,,,55.0,76.29069058920689,,,,,,No risk assessment available (entry/stop/target could not be computed).,BULL_LOW_VOL,20.0,
2026-09-10 14:33:59.743608+00:00,AGARIND.NS,NO TRADE,False,40.905414674946826,NO TRADE,NONE,DEGRADED,No risk assessment available (entry/stop/target could not be computed).; Failed check: signal is directional.; Failed check: confidence sufficient.; Failed check: risk reward sufficient.; Failed check: expected value positive.; Failed check: positive edge after costs.; Failed check: stop loss logical.; Failed check: position size within limits.; Failed check: sufficient liquidity.; Failed check: strong technical setup.; Failed check: market conditions acceptable.; Failed check: news credibility acceptable.,,1000000.0,434.8500061035156,,38.333333333333336,60.0,31.00419648876303,,40.0,,,10.0,79.27535541613788,,,,,,No risk assessment available (entry/stop/target could not be computed).,BEAR_LOW_VOL,35.0,
2026-09-10 14:34:01.044886+00:00,AGROPHOS.NS,NO TRADE,False,40.52578444023767,NO TRADE,UP,DEGRADED,No risk assessment available (entry/stop/target could not be computed).; Failed check: signal is directional.; Failed check: confidence sufficient.; Failed check: risk reward sufficient.; Failed check: expected value positive.; Failed check: positive edge after costs.; Failed check: stop loss logical.; Failed check: position size within limits.; Failed check: sufficient liquidity.; Failed check: strong technical setup.; Failed check: market conditions acceptable.; Failed check: news credibility acceptable.,,1000000.0,23.3700008392334,,38.333333333333336,69.0,30.0,,40.0,,,10.0,64.29613369027757,,,,,,No risk assessment available (entry/stop/target could not be computed).,BEAR_HIGH_VOL,10.0,
2026-09-10 14:34:02.269515+00:00,AHLEAST.NS,NO TRADE,False,41.700474568594394,NO TRADE,DOWN,DEGRADED,No risk assessment available (entry/stop/target could not be computed).; Failed check: signal is directional.; Failed check: confidence sufficient.; Failed check: risk reward sufficient.; Failed check: expected value positive.; Failed check: positive edge after costs.; Failed check: stop loss logical.; Failed check: position size within limits.; Failed check: sufficient liquidity.; Failed check: strong technical setup.; Failed check: news credibility acceptable.,,1000000.0,135.85000610351562,,35.0,44.0,49.5083794999164,,40.0,,,10.0,76.77663216762949,,,,,,No risk assessment available (entry/stop/target could not be computed).,BEAR_LOW_VOL,55.0,
2026-09-10 14:34:03.607990+00:00,AHLUCONT.NS,NO TRADE,False,45.229152273388635,NO TRADE,UP,DEGRADED,No risk assessment available (entry/stop/target could not be computed).; Failed check: signal is directional.; Failed check: confidence sufficient.; Failed check: ai signals aligned.; Failed check: risk reward sufficient.; Failed check: expected value positive.; Failed check: positive edge after costs.; Failed check: stop loss logical.; Failed check: position size within limits.; Failed check: strong technical setup.; Failed check: market conditions acceptable.; Failed check: news credibility acceptable.,,1000000.0,591.0,,33.333333333333336,75.0,30.0,,25.0,,,40.0,79.59854554306064,,,,,,No risk assessment available (entry/stop/target could not be computed).,BEAR_HIGH_VOL,35.0,
2026-09-10 14:34:05.050294+00:00,AHLWEST.NS,NO TRADE,False,0.0,NO TRADE,NONE,INVALID,"Data quality gate failed for AHLWEST.NS: status=INVALID, score=0.75 (min required 0.70). [CRITICAL] zero_volume: 391 bar(s) (78.2%) with volume below 1.; [INFO] holiday_mismatch: 1 bar(s) fall on a date the configured calendar marks as a non-trading day. Not scored as an error: this system's built-in NSE holiday list only covers fixed-date national holidays (see data/market_calendar.py) and is deliberately incomplete for variable-date holidays -- this may just mean the calendar doesn't know about a legitimate special session or holiday.; Forced NO TRADE: this system never trades on data it cannot vouch for, regardless of what any other signal would have said.",,1000000.0,526.0,,,,,,50.0,,,,,,,,,,"Data quality gate failed for AHLWEST.NS: status=INVALID, score=0.75 (min required 0.70). [CRITICAL] zero_volume: 391 bar(s) (78.2%) with volume below 1.; [INFO] holiday_mismatch: 1 bar(s) fall on a date the configured calendar marks as a non-trading day. Not scored as an error: this system's built-in NSE holiday list only covers fixed-date national holidays (see data/market_calendar.py) and is deliberately incomplete for variable-date holidays -- this may just mean the calendar doesn't know about a legitimate special session or holiday.",BEAR_HIGH_VOL,,
2026-09-10 14:34:06.440038+00:00,AIAENG.NS,NO TRADE,False,44.81586098855287,NO TRADE,NONE,DEGRADED,No risk assessment available (entry/stop/target could not be computed).; Failed check: signal is directional.; Failed check: confidence sufficient.; Failed check: risk reward sufficient.; Failed check: expected value positive.; Failed check: positive edge after costs.; Failed check: stop loss logical.; Failed check: position size within limits.; Failed check: sufficient liquidity.; Failed check: strong technical setup.; Failed check: news credibility acceptable.,,1000000.0,4130.0,,35.0,67.0,42.9142414211813,,40.0,,,25.0,73.30335972583312,,,,,,No risk assessment available (entry/stop/target could not be computed).,BEAR_LOW_VOL,20.0,
2026-09-10 14:34:08.777294+00:00,AIRAN.NS,NO TRADE,False,71.35814218417732,MODERATE,UP,DEGRADED,Failed check: news credibility acceptable.,,1000000.0,17.040000915527344,58486,65.0,84.0,70.0,,60.0,,,70.0,79.14865763313604,,3.125000000000001,7569.969470089448,398.48382940979,6878,Failed check: news credibility acceptable.,BULL_HIGH_VOL,20.0,
2026-09-10 14:34:10.115947+00:00,AJANTPHARM.NS,NO TRADE,False,53.0009250859994,NO TRADE,UP,DEGRADED,No risk assessment available (entry/stop/target could not be computed).; Failed check: signal is directional.; Failed check: confidence sufficient.; Failed check: ai signals aligned.; Failed check: risk reward sufficient.; Failed check: expected value positive.; Failed check: positive edge after costs.; Failed check: stop loss logical.; Failed check: position size within limits.; Failed check: sufficient liquidity.; Failed check: strong technical setup.; Failed check: news credibility acceptable.,,1000000.0,3520.0,,46.666666666666664,82.0,52.05614761939579,,50.0,,,25.0,73.37259379641539,,,,,,No risk assessment available (entry/stop/target could not be computed).,BULL_LOW_VOL,20.0,
2026-09-10 14:34:11.470210+00:00,AJMERA.NS,NO TRADE,False,64.81898572176081,WATCH,UP,DEGRADED,No risk assessment available (entry/stop/target could not be computed).; Failed check: signal is directional.; Failed check: confidence sufficient.; Failed check: ai signals aligned.; Failed check: risk reward sufficient.; Failed check: expected value positive.; Failed check: positive edge after costs.; Failed check: stop loss logical.; Failed check: position size within limits.; Failed check: strong technical setup.; Failed check: news credibility acceptable.,,1000000.0,118.83000183105469,,56.666666666666664,94.0,59.95304656183754,,70.0,,,55.0,76.5285860044724,,,,,,No risk assessment available (entry/stop/target could not be computed).,BEAR_LOW_VOL,20.0,
2026-09-10 14:34:12.829381+00:00,AKASH.NS,NO TRADE,False,50.2346656339222,NO TRADE,NONE,DEGRADED,No risk assessment available (entry/stop/target could not be computed).; Failed check: signal is directional.; Failed check: confidence sufficient.; Failed check: risk reward sufficient.; Failed check: expected value positive.; Failed check: positive edge after costs.; Failed check: stop loss logical.; Failed check: position size within limits.; Failed check: sufficient liquidity.; Failed check: strong technical setup.; Failed check: news credibility acceptable.,,1000000.0,24.8799991607666,,48.333333333333336,56.0,46.99692024709845,,70.0,,,25.0,79.84234735625998,,,,,,No risk assessment available (entry/stop/target could not be computed).,BEAR_HIGH_VOL,42.0,
2026-09-10 14:34:13.965478+00:00,AKSHARCHEM.NS,NO TRADE,False,68.32576831601625,WATCH,UP,DEGRADED,No risk assessment available (entry/stop/target could not be computed).; Failed check: signal is directional.; Failed check: confidence sufficient.; Failed check: risk reward sufficient.; Failed check: expected value positive.; Failed check: positive edge after costs.; Failed check: stop loss logical.; Failed check: position size within limits.; Failed check: sufficient liquidity.; Failed check: news credibility acceptable.,,1000000.0,408.45001220703125,,68.33333333333333,90.0,70.0,,60.0,,,40.0,76.25222908100665,,,,,,No risk assessment available (entry/stop/target could not be computed).,BULL_HIGH_VOL,20.0,
2026-09-10 14:34:15.269799+00:00,AKSHOPTFBR.NS,NO TRADE,False,63.92407250497664,WATCH,UP,DEGRADED,No risk assessment available (entry/stop/target could not be computed).; Failed check: signal is directional.; Failed check: confidence sufficient.; Failed check: risk reward sufficient.; Failed check: expected value positive.; Failed check: positive edge after costs.; Failed check: stop loss logical.; Failed check: position size within limits.; Failed check: strong technical setup.; Failed check: news credibility acceptable.,,1000000.0,8.789999961853027,,56.666666666666664,52.0,70.0,,45.0,,,70.0,73.66605629351382,,,,,,No risk assessment available (entry/stop/target could not be computed).,BULL_HIGH_VOL,30.0,
2026-09-10 14:34:15.628537+00:00,AKZOINDIA.NS,NO TRADE,False,0.0,NO TRADE,NONE,INVALID,"Data Quality [AKZOINDIA.NS] as of 2026-09-10T14:34:15.628437+00:00: INVALID (score=0.00, threshold=0.70)
  [CRITICAL] provider_unavailable: No data returned for AKZOINDIA.NS (2y/1d)",,1000000.0,,,,,,,,,,,,,,,,,"Data Quality [AKZOINDIA.NS] as of 2026-09-10T14:34:15.628437+00:00: INVALID (score=0.00, threshold=0.70)
  [CRITICAL] provider_unavailable: No data returned for AKZOINDIA.NS (2y/1d)",UNKNOWN,,
2026-09-10 14:34:16.785948+00:00,ALANKIT.NS,NO TRADE,False,52.25124829202122,NO TRADE,UP,DEGRADED,No risk assessment available (entry/stop/target could not be computed).; Failed check: signal is directional.; Failed check: confidence sufficient.; Failed check: risk reward sufficient.; Failed check: expected value positive.; Failed check: positive edge after costs.; Failed check: stop loss logical.; Failed check: position size within limits.; Failed check: sufficient liquidity.; Failed check: strong technical setup.; Failed check: news credibility acceptable.,,1000000.0,8.010000228881836,,46.666666666666664,65.0,54.82440309251333,,50.0,,,25.0,79.50388161623523,,,,,,No risk assessment available (entry/stop/target could not be computed).,SIDEWAYS_LOW_VOL,20.0,
2026-09-10 14:34:18.126236+00:00,ALBERTDAVD.NS,NO TRADE,False,57.95062912434278,NO TRADE,UP,DEGRADED,No risk assessment available (entry/stop/target could not be computed).; Failed check: signal is directional.; Failed check: confidence sufficient.; Failed check: ai signals aligned.; Failed check: risk reward sufficient.; Failed check: expected value positive.; Failed check: positive edge after costs.; Failed check: stop loss logical.; Failed check: position size within limits.; Failed check: sufficient liquidity.; Failed check: strong technical setup.; Failed check: news credibility acceptable.,,1000000.0,850.0,,46.666666666666664,90.0,69.23413470647117,,50.0,,,25.0,75.76320563114909,,,,,,No risk assessment available (entry/stop/target could not be computed).,BULL_LOW_VOL,20.0,
2026-09-10 14:34:19.572719+00:00,ALEMBICLTD.NS,NO TRADE,False,71.82890631558013,MODERATE,UP,DEGRADED,Failed check: news credibility acceptable.,,1000000.0,106.0,9401,71.66666666666667,69.0,70.0,,70.0,,,70.0,79.17914040201842,,3.1249999999999996,7571.179869464815,397.1608,1102,Failed check: news credibility acceptable.,BULL_HIGH_VOL,20.0,
2026-09-10 14:34:22.024194+00:00,ALICON.NS,NO TRADE,False,67.394923866535,WATCH,UP,DEGRADED,No risk assessment available (entry/stop/target could not be computed).; Failed check: signal is directional.; Failed check: confidence sufficient.; Failed check: risk reward sufficient.; Failed check: expected value positive.; Failed check: positive edge after costs.; Failed check: stop loss logical.; Failed check: position size within limits.; Failed check: sufficient liquidity.; Failed check: news credibility acceptable.,,1000000.0,740.5999755859375,,75.0,82.0,57.08814674390605,,70.0,,,40.0,78.96398240966376,,,,,,No risk assessment available (entry/stop/target could not be computed).,BULL_HIGH_VOL,30.0,
2026-09-10 14:34:23.688417+00:00,ALKALI.NS,NO TRADE,False,55.62475964869615,NO TRADE,UP,DEGRADED,No risk assessment available (entry/stop/target could not be computed).; Failed check: signal is directional.; Failed check: confidence sufficient.; Failed check: risk reward sufficient.; Failed check: expected value positive.; Failed check: positive edge after costs.; Failed check: stop loss logical.; Failed check: position size within limits.; Failed check: sufficient liquidity.; Failed check: strong technical setup.; Failed check: news credibility acceptable.,,1000000.0,79.19000244140625,,56.666666666666664,49.0,70.0,,70.0,,,25.0,67.09392168450736,,,,,,No risk assessment available (entry/stop/target could not be computed).,SIDEWAYS_HIGH_VOL,20.0,
2026-09-10 14:34:25.032736+00:00,ALKEM.NS,NO TRADE,False,46.38855747486925,NO TRADE,NONE,DEGRADED,No risk assessment available (entry/stop/target could not be computed).; Failed check: signal is directional.; Failed check: confidence sufficient.; Failed check: risk reward sufficient.; Failed check: expected value positive.; Failed check: positive edge after costs.; Failed check: stop loss logical.; Failed check: position size within limits.; Failed check: strong technical setup.; Failed check: news credibility acceptable.,,1000000.0,5138.0,,33.333333333333336,67.0,45.858238841154254,,25.0,,,40.0,68.8173545162039,,,,,,No risk assessment available (entry/stop/target could not be computed).,BEAR_LOW_VOL,35.0,
2026-09-10 14:34:26.423107+00:00,ALKYLAMINE.NS,NO TRADE,False,55.64372162410853,NO TRADE,DOWN,DEGRADED,No risk assessment available (entry/stop/target could not be computed).; Failed check: signal is directional.; Failed check: confidence sufficient.; Failed check: risk reward sufficient.; Failed check: expected value positive.; Failed check: positive edge after costs.; Failed check: stop loss logical.; Failed check: position size within limits.; Failed check: strong technical setup.; Failed check: news credibility acceptable.,,1000000.0,1920.300048828125,,46.666666666666664,,56.999291438956675,,50.0,,,55.0,76.69672591954946,,,,,,No risk assessment available (entry/stop/target could not be computed).,BULL_LOW_VOL,,
2026-09-10 14:34:27.899059+00:00,ALLCARGO.NS,NO TRADE,False,57.65982860958065,NO TRADE,DOWN,DEGRADED,No risk assessment available (entry/stop/target could not be computed).; Failed check: signal is directional.; Failed check: confidence sufficient.; Failed check: risk reward sufficient.; Failed check: expected value positive.; Failed check: positive edge after costs.; Failed check: stop loss logical.; Failed check: position size within limits.; Failed check: strong technical setup.; Failed check: news credibility acceptable.,,1000000.0,12.319999694824219,,51.666666666666664,41.0,70.0,,50.0,,,55.0,70.07035230176722,,,,,,No risk assessment available (entry/stop/target could not be computed).,BULL_HIGH_VOL,42.0,
2026-09-10 14:34:28.206520+00:00,ALLSEC.NS,NO TRADE,False,0.0,NO TRADE,NONE,INVALID,"Data Quality [ALLSEC.NS] as of 2026-09-10T14:34:28.206410+00:00: INVALID (score=0.00, threshold=0.70)
  [CRITICAL] provider_unavailable: No data returned for ALLSEC.NS (2y/1d)",,1000000.0,,,,,,,,,,,,,,,,,"Data Quality [ALLSEC.NS] as of 2026-09-10T14:34:28.206410+00:00: INVALID (score=0.00, threshold=0.70)
  [CRITICAL] provider_unavailable: No data returned for ALLSEC.NS (2y/1d)",UNKNOWN,,
2026-09-10 14:34:29.433596+00:00,ALMONDZ.NS,NO TRADE,False,71.4990828013473,MODERATE,UP,DEGRADED,Failed check: news credibility acceptable.,,1000000.0,19.540000915527344,51003,63.333333333333336,94.0,70.0,,45.0,,,70.0,75.81624422324994,,3.125,7622.4437501864595,345.7993962020874,5205,Failed check: news credibility acceptable.,BULL_HIGH_VOL,20.0,
2026-09-10 14:34:30.938552+00:00,ALOKINDS.NS,NO TRADE,False,39.08630584064122,NO TRADE,DOWN,DEGRADED,No risk assessment available (entry/stop/target could not be computed).; Failed check: signal is directional.; Failed check: confidence sufficient.; Failed check: risk reward sufficient.; Failed check: expected value positive.; Failed check: positive edge after costs.; Failed check: stop loss logical.; Failed check: position size within limits.; Failed check: strong technical setup.; Failed check: market conditions acceptable.; Failed check: news credibility acceptable.,,1000000.0,7.400000095367432,,33.333333333333336,42.0,30.0,,25.0,,,40.0,64.59048767322791,,,,,,No risk assessment available (entry/stop/target could not be computed).,BEAR_HIGH_VOL,30.0,
2026-09-10 14:34:31.245659+00:00,AMARAJABAT.NS,NO TRADE,False,0.0,NO TRADE,NONE,INVALID,"Data Quality [AMARAJABAT.NS] as of 2026-09-10T14:34:31.245565+00:00: INVALID (score=0.00, threshold=0.70)
  [CRITICAL] provider_unavailable: No data returned for AMARAJABAT.NS (2y/1d)",,1000000.0,,,,,,,,,,,,,,,,,"Data Quality [AMARAJABAT.NS] as of 2026-09-10T14:34:31.245565+00:00: INVALID (score=0.00, threshold=0.70)
  [CRITICAL] provider_unavailable: No data returned for AMARAJABAT.NS (2y/1d)",UNKNOWN,,
2026-09-10 14:34:32.726125+00:00,AMBER.NS,NO TRADE,False,47.818708787188726,NO TRADE,DOWN,DEGRADED,No risk assessment available (entry/stop/target could not be computed).; Failed check: signal is directional.; Failed check: confidence sufficient.; Failed check: risk reward sufficient.; Failed check: expected value positive.; Failed check: positive edge after costs.; Failed check: stop loss logical.; Failed check: position size within limits.; Failed check: strong technical setup.; Failed check: news credibility acceptable.,,1000000.0,7280.0,,31.666666666666668,55.0,60.2173095994919,,40.0,,,40.0,71.33267586967156,,,,,,No risk assessment available (entry/stop/target could not be computed).,SIDEWAYS_LOW_VOL,35.0,
2026-09-10 14:34:35.558662+00:00,AMBIKCO.NS,NO TRADE,False,46.00818388245133,NO TRADE,UP,DEGRADED,No risk assessment available (entry/stop/target could not be computed).; Failed check: signal is directional.; Failed check: confidence sufficient.; Failed check: ai signals aligned.; Failed check: risk reward sufficient.; Failed check: expected value positive.; Failed check: positive edge after costs.; Failed check: stop loss logical.; Failed check: position size within limits.; Failed check: sufficient liquidity.; Failed check: strong technical setup.; Failed check: news credibility acceptable.,,1000000.0,1611.5999755859375,,31.666666666666668,82.0,59.21308011290536,,40.0,,,10.0,72.9329511651427,,,,,,No risk assessment available (entry/stop/target could not be computed).,BEAR_LOW_VOL,30.0,
2026-09-10 14:34:36.871794+00:00,AMBUJACEM.NS,NO TRADE,False,46.617368308859454,NO TRADE,NONE,DEGRADED,No risk assessment available (entry/stop/target could not be computed).; Failed check: signal is directional.; Failed check: confidence sufficient.; Failed check: risk reward sufficient.; Failed check: expected value positive.; Failed check: positive edge after costs.; Failed check: stop loss logical.; Failed check: position size within limits.; Failed check: strong technical setup.; Failed check: news credibility acceptable.,,1000000.0,395.6000061035156,,35.0,64.0,46.79946529096717,,40.0,,,40.0,68.54622030380247,,,,,,No risk assessment available (entry/stop/target could not be computed).,BEAR_LOW_VOL,35.0,
2026-09-10 14:34:38.126101+00:00,AMDIND.NS,NO TRADE,False,62.064426128955944,WATCH,UP,DEGRADED,No risk assessment available (entry/stop/target could not be computed).; Failed check: signal is directional.; Failed check: confidence sufficient.; Failed check: risk reward sufficient.; Failed check: expected value positive.; Failed check: positive edge after costs.; Failed check: stop loss logical.; Failed check: position size within limits.; Failed check: sufficient liquidity.; Failed check: news credibility acceptable.,,1000000.0,56.040000915527344,,61.666666666666664,82.0,61.81603396525183,,50.0,,,40.0,68.74302750597798,,,,,,No risk assessment available (entry/stop/target could not be computed).,BULL_HIGH_VOL,30.0,
2026-09-10 14:34:39.450964+00:00,AMJLAND.NS,NO TRADE,False,51.267330999964784,NO TRADE,UP,DEGRADED,No risk assessment available (entry/stop/target could not be computed).; Failed check: signal is directional.; Failed check: confidence sufficient.; Failed check: risk reward sufficient.; Failed check: expected value positive.; Failed check: positive edge after costs.; Failed check: stop loss logical.; Failed check: position size within limits.; Failed check: sufficient liquidity.; Failed check: strong technical setup.; Failed check: news credibility acceptable.,,1000000.0,38.31999969482422,,46.666666666666664,61.0,53.803299279015725,,50.0,,,25.0,78.59197311586652,,,,,,No risk assessment available (entry/stop/target could not be computed).,SIDEWAYS_LOW_VOL,30.0,
2026-09-10 14:34:41.127905+00:00,AMRUTANJAN.NS,NO TRADE,False,48.87160821902661,NO TRADE,DOWN,DEGRADED,No risk assessment available (entry/stop/target could not be computed).; Failed check: signal is directional.; Failed check: confidence sufficient.; Failed check: risk reward sufficient.; Failed check: expected value positive.; Failed check: positive edge after costs.; Failed check: stop loss logical.; Failed check: position size within limits.; Failed check: strong technical setup.; Failed check: news credibility acceptable.,,1000000.0,493.25,,31.666666666666668,61.0,57.96175530109291,,40.0,,,40.0,76.66569551096217,,,,,,No risk assessment available (entry/stop/target could not be computed).,BEAR_LOW_VOL,35.0,
2026-09-10 14:34:42.773140+00:00,ANANTRAJ.NS,NO TRADE,False,56.74037916314363,NO TRADE,UP,DEGRADED,No risk assessment available (entry/stop/target could not be computed).; Failed check: signal is directional.; Failed check: confidence sufficient.; Failed check: risk reward sufficient.; Failed check: expected value positive.; Failed check: positive edge after costs.; Failed check: stop loss logical.; Failed check: position size within limits.; Failed check: strong technical setup.; Failed check: news credibility acceptable.,,1000000.0,608.8499755859375,,46.666666666666664,76.0,50.59152447367974,,50.0,,,55.0,75.28298647349473,,,,,,No risk assessment available (entry/stop/target could not be computed).,BULL_LOW_VOL,20.0,
2026-09-10 14:34:43.060537+00:00,ANDHRACEMT.NS,NO TRADE,False,0.0,NO TRADE,NONE,INVALID,"Data Quality [ANDHRACEMT.NS] as of 2026-09-10T14:34:43.060408+00:00: INVALID (score=0.00, threshold=0.70)
  [CRITICAL] provider_unavailable: No data returned for ANDHRACEMT.NS (2y/1d)",,1000000.0,,,,,,,,,,,,,,,,,"Data Quality [ANDHRACEMT.NS] as of 2026-09-10T14:34:43.060408+00:00: INVALID (score=0.00, threshold=0.70)
  [CRITICAL] provider_unavailable: No data returned for ANDHRACEMT.NS (2y/1d)",UNKNOWN,,
2026-09-10 14:34:44.339274+00:00,ANDHRAPAP.NS,NO TRADE,False,67.2338865475962,WATCH,UP,DEGRADED,No risk assessment available (entry/stop/target could not be computed).; Failed check: signal is directional.; Failed check: confidence sufficient.; Failed check: risk reward sufficient.; Failed check: expected value positive.; Failed check: positive edge after costs.; Failed check: stop loss logical.; Failed check: position size within limits.; Failed check: news credibility acceptable.,,1000000.0,72.58000183105469,,60.0,72.0,70.0,,45.0,,,70.0,74.0533129839658,,,,,,No risk assessment available (entry/stop/target could not be computed).,BULL_HIGH_VOL,20.0,
2026-09-10 14:34:45.745484+00:00,ANDHRSUGAR.NS,NO TRADE,False,56.886938453797036,NO TRADE,UP,DEGRADED,No risk assessment available (entry/stop/target could not be computed).; Failed check: signal is directional.; Failed check: confidence sufficient.; Failed check: risk reward sufficient.; Failed check: expected value positive.; Failed check: positive edge after costs.; Failed check: stop loss logical.; Failed check: position size within limits.; Failed check: strong technical setup.; Failed check: news credibility acceptable.,,1000000.0,96.25,,46.666666666666664,80.0,46.7290406012085,,50.0,,,55.0,79.83650585957974,,,,,,No risk assessment available (entry/stop/target could not be computed).,BULL_LOW_VOL,20.0,
2026-09-10 14:34:46.153603+00:00,ANGELBRKG.NS,NO TRADE,False,0.0,NO TRADE,NONE,INVALID,"Data Quality [ANGELBRKG.NS] as of 2026-09-10T14:34:46.153508+00:00: INVALID (score=0.00, threshold=0.70)
  [CRITICAL] provider_unavailable: No data returned for ANGELBRKG.NS (2y/1d)",,1000000.0,,,,,,,,,,,,,,,,,"Data Quality [ANGELBRKG.NS] as of 2026-09-10T14:34:46.153508+00:00: INVALID (score=0.00, threshold=0.70)
  [CRITICAL] provider_unavailable: No data returned for ANGELBRKG.NS (2y/1d)",UNKNOWN,,
2026-09-10 14:34:47.461572+00:00,ANSALHSG.NS,NO TRADE,False,0.0,NO TRADE,NONE,INVALID,"Data Quality [ANSALHSG.NS] as of 2026-09-10T14:34:47.461478+00:00: INVALID (score=0.00, threshold=0.70)
  [CRITICAL] provider_unavailable: No data returned for ANSALHSG.NS (2y/1d)",,1000000.0,,,,,,,,,,,,,,,,,"Data Quality [ANSALHSG.NS] as of 2026-09-10T14:34:47.461478+00:00: INVALID (score=0.00, threshold=0.70)
  [CRITICAL] provider_unavailable: No data returned for ANSALHSG.NS (2y/1d)",UNKNOWN,,
2026-09-10 14:34:48.763951+00:00,ANUP.NS,NO TRADE,False,42.835159553178364,NO TRADE,DOWN,DEGRADED,No risk assessment available (entry/stop/target could not be computed).; Failed check: signal is directional.; Failed check: confidence sufficient.; Failed check: risk reward sufficient.; Failed check: expected value positive.; Failed check: positive edge after costs.; Failed check: stop loss logical.; Failed check: position size within limits.; Failed check: sufficient liquidity.; Failed check: strong technical setup.; Failed check: news credibility acceptable.,,1000000.0,1719.4000244140625,,40.0,52.0,42.07285802212479,,45.0,,,10.0,76.6480647273151,,,,,,No risk assessment available (entry/stop/target could not be computed).,BEAR_LOW_VOL,35.0,
2026-09-10 14:34:50.168252+00:00,APARINDS.NS,NO TRADE,False,60.318560556160904,WATCH,UP,DEGRADED,No risk assessment available (entry/stop/target could not be computed).; Failed check: signal is directional.; Failed check: confidence sufficient.; Failed check: risk reward sufficient.; Failed check: expected value positive.; Failed check: positive edge after costs.; Failed check: stop loss logical.; Failed check: position size within limits.; Failed check: strong technical setup.; Failed check: news credibility acceptable.,,1000000.0,17388.0,,51.666666666666664,74.0,58.64897089723693,,50.0,,,55.0,78.99350532957125,,,,,,No risk assessment available (entry/stop/target could not be computed).,BULL_HIGH_VOL,20.0,
2026-09-10 14:34:51.543316+00:00,APCL.NS,NO TRADE,False,41.766206203982605,NO TRADE,DOWN,DEGRADED,No risk assessment available (entry/stop/target could not be computed).; Failed check: signal is directional.; Failed check: confidence sufficient.; Failed check: risk reward sufficient.; Failed check: expected value positive.; Failed check: positive edge after costs.; Failed check: stop loss logical.; Failed check: position size within limits.; Failed check: sufficient liquidity.; Failed check: strong technical setup.; Failed check: news credibility acceptable.,,1000000.0,98.61000061035156,,31.666666666666668,49.0,52.53847265845,,40.0,,,10.0,77.9732541846505,,,,,,No risk assessment available (entry/stop/target could not be computed).,BEAR_LOW_VOL,30.0,
2026-09-10 14:34:52.885617+00:00,APCOTEXIND.NS,NO TRADE,False,61.48494750721515,WATCH,UP,DEGRADED,No risk assessment available (entry/stop/target could not be computed).; Failed check: signal is directional.; Failed check: confidence sufficient.; Failed check: ai signals aligned.; Failed check: risk reward sufficient.; Failed check: expected value positive.; Failed check: positive edge after costs.; Failed check: stop loss logical.; Failed check: position size within limits.; Failed check: strong technical setup.; Failed check: news credibility acceptable.,,1000000.0,603.7999877929688,,46.666666666666664,90.0,61.725887581993774,,50.0,,,55.0,79.38478832781843,,,,,,No risk assessment available (entry/stop/target could not be computed).,BULL_LOW_VOL,20.0,
2026-09-10 14:34:54.402997+00:00,APEX.NS,NO TRADE,False,49.65794508116328,NO TRADE,DOWN,DEGRADED,No risk assessment available (entry/stop/target could not be computed).; Failed check: signal is directional.; Failed check: confidence sufficient.; Failed check: risk reward sufficient.; Failed check: expected value positive.; Failed check: positive edge after costs.; Failed check: stop loss logical.; Failed check: position size within limits.; Failed check: strong technical setup.; Failed check: news credibility acceptable.,,1000000.0,374.70001220703125,,35.0,,61.09793193174944,,40.0,,,40.0,78.80077258935549,,,,,,No risk assessment available (entry/stop/target could not be computed).,BEAR_HIGH_VOL,,
2026-09-10 14:34:55.778769+00:00,APLAPOLLO.NS,NO TRADE,False,60.192582833058395,WATCH,UP,DEGRADED,No risk assessment available (entry/stop/target could not be computed).; Failed check: signal is directional.; Failed check: confidence sufficient.; Failed check: risk reward sufficient.; Failed check: expected value positive.; Failed check: positive edge after costs.; Failed check: stop loss logical.; Failed check: position size within limits.; Failed check: strong technical setup.; Failed check: news credibility acceptable.,,1000000.0,2194.800048828125,,51.666666666666664,64.0,67.99465134705648,,50.0,,,55.0,71.69772593983315,,,,,,No risk assessment available (entry/stop/target could not be computed).,BULL_LOW_VOL,20.0,
2026-09-10 14:34:57.122331+00:00,APLLTD.NS,NO TRADE,False,54.63767982625979,NO TRADE,UP,DEGRADED,No risk assessment available (entry/stop/target could not be computed).; Failed check: signal is directional.; Failed check: confidence sufficient.; Failed check: ai signals aligned.; Failed check: risk reward sufficient.; Failed check: expected value positive.; Failed check: positive edge after costs.; Failed check: stop loss logical.; Failed check: position size within limits.; Failed check: strong technical setup.; Failed check: news credibility acceptable.,,1000000.0,816.4000244140625,,35.0,90.0,53.72936686257177,,50.0,,,55.0,73.34261790477358,,,,,,No risk assessment available (entry/stop/target could not be computed).,SIDEWAYS_LOW_VOL,20.0,
2026-09-10 14:34:58.672557+00:00,APOLLO.NS,NO TRADE,False,62.84197213744063,WATCH,UP,DEGRADED,No risk assessment available (entry/stop/target could not be computed).; Failed check: signal is directional.; Failed check: confidence sufficient.; Failed check: risk reward sufficient.; Failed check: expected value positive.; Failed check: positive edge after costs.; Failed check: stop loss logical.; Failed check: position size within limits.; Failed check: strong technical setup.; Failed check: news credibility acceptable.,,1000000.0,413.95001220703125,,56.666666666666664,70.0,67.27651769547916,,70.0,,,55.0,74.35459615072622,,,,,,No risk assessment available (entry/stop/target could not be computed).,BEAR_LOW_VOL,20.0,
2026-09-10 14:35:00.018990+00:00,APOLLOHOSP.NS,NO TRADE,False,60.76363749576246,WATCH,UP,DEGRADED,No risk assessment available (entry/stop/target could not be computed).; Failed check: signal is directional.; Failed check: confidence sufficient.; Failed check: risk reward sufficient.; Failed check: expected value positive.; Failed check: positive edge after costs.; Failed check: stop loss logical.; Failed check: position size within limits.; Failed check: strong technical setup.; Failed check: news credibility acceptable.,,1000000.0,8900.0,,56.666666666666664,66.0,64.26722451724574,,70.0,,,55.0,67.69747585448803,,,,,,No risk assessment available (entry/stop/target could not be computed).,SIDEWAYS_LOW_VOL,30.0,
2026-09-10 14:35:02.403050+00:00,APOLLOPIPE.NS,NO TRADE,False,58.918791907341834,NO TRADE,NONE,DEGRADED,No risk assessment available (entry/stop/target could not be computed).; Failed check: signal is directional.; Failed check: confidence sufficient.; Failed check: risk reward sufficient.; Failed check: expected value positive.; Failed check: positive edge after costs.; Failed check: stop loss logical.; Failed check: position size within limits.; Failed check: strong technical setup.; Failed check: news credibility acceptable.,,1000000.0,569.0,,46.666666666666664,54.0,70.0,,50.0,,,55.0,79.92576440935841,,,,,,No risk assessment available (entry/stop/target could not be computed).,BULL_HIGH_VOL,20.0,
2026-09-10 14:35:03.753323+00:00,APOLLOTYRE.NS,NO TRADE,False,50.32473157464317,NO TRADE,UP,DEGRADED,No risk assessment available (entry/stop/target could not be computed).; Failed check: signal is directional.; Failed check: confidence sufficient.; Failed check: ai signals aligned.; Failed check: risk reward sufficient.; Failed check: expected value positive.; Failed check: positive edge after costs.; Failed check: stop loss logical.; Failed check: position size within limits.; Failed check: strong technical setup.; Failed check: news credibility acceptable.,,1000000.0,418.1000061035156,,35.0,90.0,46.234403783961106,,40.0,,,40.0,71.23754823679211,,,,,,No risk assessment available (entry/stop/target could not be computed).,BEAR_LOW_VOL,20.0,
2026-09-10 14:35:05.073741+00:00,APOLSINHOT.NS,NO TRADE,False,56.19248970073612,NO TRADE,UP,DEGRADED,No risk assessment available (entry/stop/target could not be computed).; Failed check: signal is directional.; Failed check: confidence sufficient.; Failed check: risk reward sufficient.; Failed check: expected value positive.; Failed check: positive edge after costs.; Failed check: stop loss logical.; Failed check: position size within limits.; Failed check: sufficient liquidity.; Failed check: strong technical setup.; Failed check: news credibility acceptable.,,1000000.0,1228.9000244140625,,56.666666666666664,67.0,56.657770360467175,,70.0,,,25.0,75.70409244792286,,,,,,No risk assessment available (entry/stop/target could not be computed).,SIDEWAYS_LOW_VOL,45.0,
2026-09-10 14:35:06.445224+00:00,APTECHT.NS,NO TRADE,False,46.75564755949737,NO TRADE,UP,DEGRADED,No risk assessment available (entry/stop/target could not be computed).; Failed check: signal is directional.; Failed check: confidence sufficient.; Failed check: ai signals aligned.; Failed check: risk reward sufficient.; Failed check: expected value positive.; Failed check: positive edge after costs.; Failed check: stop loss logical.; Failed check: position size within limits.; Failed check: sufficient liquidity.; Failed check: strong technical setup.; Failed check: news credibility acceptable.,,1000000.0,87.48999786376953,,35.0,90.0,46.642269957072415,,40.0,,,10.0,76.77519028198662,,,,,,No risk assessment available (entry/stop/target could not be computed).,BEAR_LOW_VOL,20.0,
2026-09-10 14:35:08.264477+00:00,ARCHIES.NS,NO TRADE,False,37.19005653167155,NO TRADE,DOWN,DEGRADED,No risk assessment available (entry/stop/target could not be computed).; Failed check: signal is directional.; Failed check: confidence sufficient.; Failed check: risk reward sufficient.; Failed check: expected value positive.; Failed check: positive edge after costs.; Failed check: stop loss logical.; Failed check: position size within limits.; Failed check: sufficient liquidity.; Failed check: strong technical setup.; Failed check: news credibility acceptable.,,1000000.0,12.5,,28.333333333333332,49.0,40.06421218623988,,40.0,,,10.0,74.92665842183204,,,,,,No risk assessment available (entry/stop/target could not be computed).,BEAR_LOW_VOL,20.0,
2026-09-10 14:35:09.442846+00:00,ARENTERP.NS,NO TRADE,False,34.87476949332886,NO TRADE,DOWN,DEGRADED,No risk assessment available (entry/stop/target could not be computed).; Failed check: signal is directional.; Failed check: confidence sufficient.; Failed check: risk reward sufficient.; Failed check: expected value positive.; Failed check: positive edge after costs.; Failed check: stop loss logical.; Failed check: position size within limits.; Failed check: sufficient liquidity.; Failed check: strong technical setup.; Failed check: market conditions acceptable.; Failed check: news credibility acceptable.,,1000000.0,32.599998474121094,,31.666666666666668,51.0,30.0,,40.0,,,10.0,64.88059647049892,,,,,,No risk assessment available (entry/stop/target could not be computed).,BEAR_HIGH_VOL,30.0,
2026-09-10 14:35:10.875680+00:00,ARIES.NS,NO TRADE,False,69.6841031604577,MODERATE,UP,DEGRADED,No risk assessment available (entry/stop/target could not be computed).; Failed check: signal is directional.; Failed check: confidence sufficient.; Failed check: risk reward sufficient.; Failed check: expected value positive.; Failed check: positive edge after costs.; Failed check: stop loss logical.; Failed check: position size within limits.; Failed check: news credibility acceptable.,,1000000.0,478.8500061035156,,61.666666666666664,90.0,70.0,,50.0,,,70.0,72.18876687842385,,,,,,No risk assessment available (entry/stop/target could not be computed).,BULL_HIGH_VOL,20.0,
2026-09-10 14:35:12.263058+00:00,ARIHANT.NS,NO TRADE,False,0.0,NO TRADE,NONE,DEGRADED,No risk assessment available (entry/stop/target could not be computed).; Failed check: signal is directional.; Failed check: confidence sufficient.; Failed check: ai signals aligned.; Failed check: risk reward sufficient.; Failed check: expected value positive.; Failed check: positive edge after costs.; Failed check: stop loss logical.; Failed check: position size within limits.; Failed check: sufficient liquidity.; Failed check: strong technical setup.; Failed check: news credibility acceptable.,,1000000.0,883.3499755859375,,,,,,40.0,,,,,,,,,,No risk assessment available (entry/stop/target could not be computed).,BULL_LOW_VOL,,
2026-09-10 14:35:13.459055+00:00,ARIHANTSUP.NS,NO TRADE,False,36.3036335614358,NO TRADE,DOWN,DEGRADED,No risk assessment available (entry/stop/target could not be computed).; Failed check: signal is directional.; Failed check: confidence sufficient.; Failed check: risk reward sufficient.; Failed check: expected value positive.; Failed check: positive edge after costs.; Failed check: stop loss logical.; Failed check: position size within limits.; Failed check: sufficient liquidity.; Failed check: strong technical setup.; Failed check: market conditions acceptable.; Failed check: news credibility acceptable.,,1000000.0,219.64999389648438,,26.666666666666668,57.0,31.788985909339715,,25.0,,,10.0,77.10891502735524,,,,,,No risk assessment available (entry/stop/target could not be computed).,BEAR_HIGH_VOL,57.0,
2026-09-10 14:35:14.552686+00:00,ARMANFIN.NS,NO TRADE,False,58.267282806015515,NO TRADE,UP,DEGRADED,No risk assessment available (entry/stop/target could not be computed).; Failed check: signal is directional.; Failed check: confidence sufficient.; Failed check: risk reward sufficient.; Failed check: expected value positive.; Failed check: positive edge after costs.; Failed check: stop loss logical.; Failed check: position size within limits.; Failed check: sufficient liquidity.; Failed check: strong technical setup.; Failed check: news credibility acceptable.,,1000000.0,2036.5,,58.333333333333336,76.0,59.58510388397882,,70.0,,,25.0,76.76506285067273,,,,,,No risk assessment available (entry/stop/target could not be computed).,BULL_LOW_VOL,42.0,
2026-09-10 14:35:16.740137+00:00,AROGRANITE.NS,NO TRADE,False,43.043252444084594,NO TRADE,DOWN,DEGRADED,No risk assessment available (entry/stop/target could not be computed).; Failed check: signal is directional.; Failed check: confidence sufficient.; Failed check: risk reward sufficient.; Failed check: expected value positive.; Failed check: positive edge after costs.; Failed check: stop loss logical.; Failed check: position size within limits.; Failed check: sufficient liquidity.; Failed check: strong technical setup.; Failed check: news credibility acceptable.,,1000000.0,24.190000534057617,,35.0,49.0,51.50967488948987,,40.0,,,10.0,79.76665459494083,,,,,,No risk assessment available (entry/stop/target could not be computed).,BEAR_LOW_VOL,30.0,
2026-09-10 14:35:18.101683+00:00,ARROWGREEN.NS,NO TRADE,False,67.96502550027357,WATCH,UP,DEGRADED,No risk assessment available (entry/stop/target could not be computed).; Failed check: signal is directional.; Failed check: confidence sufficient.; Failed check: risk reward sufficient.; Failed check: expected value positive.; Failed check: positive edge after costs.; Failed check: stop loss logical.; Failed check: position size within limits.; Failed check: sufficient liquidity.; Failed check: news credibility acceptable.,,1000000.0,791.7000122070312,,71.66666666666667,90.0,59.6419211508877,,70.0,,,40.0,79.63370541791225,,,,,,No risk assessment available (entry/stop/target could not be computed).,BULL_HIGH_VOL,20.0,
2026-09-10 14:35:19.316017+00:00,ARSHIYA.NS,NO TRADE,False,0.0,NO TRADE,NONE,INVALID,"Data quality gate failed for ARSHIYA.NS: status=INVALID, score=0.75 (min required 0.70). [CRITICAL] zero_volume: 84 bar(s) (16.9%) with volume below 1.; [INFO] holiday_mismatch: 1 bar(s) fall on a date the configured calendar marks as a non-trading day. Not scored as an error: this system's built-in NSE holiday list only covers fixed-date national holidays (see data/market_calendar.py) and is deliberately incomplete for variable-date holidays -- this may just mean the calendar doesn't know about a legitimate special session or holiday.; Forced NO TRADE: this system never trades on data it cannot vouch for, regardless of what any other signal would have said.",,1000000.0,0.7400000095367432,,,,,,25.0,,,,,,,,,,"Data quality gate failed for ARSHIYA.NS: status=INVALID, score=0.75 (min required 0.70). [CRITICAL] zero_volume: 84 bar(s) (16.9%) with volume below 1.; [INFO] holiday_mismatch: 1 bar(s) fall on a date the configured calendar marks as a non-trading day. Not scored as an error: this system's built-in NSE holiday list only covers fixed-date national holidays (see data/market_calendar.py) and is deliberately incomplete for variable-date holidays -- this may just mean the calendar doesn't know about a legitimate special session or holiday.",BEAR_HIGH_VOL,,
2026-09-10 14:35:20.404735+00:00,ARSSINFRA.NS,NO TRADE,False,0.0,NO TRADE,NONE,INVALID,"Data quality gate failed for ARSSINFRA.NS: status=INVALID, score=0.75 (min required 0.70). [CRITICAL] zero_volume: 332 bar(s) (66.5%) with volume below 1.; [INFO] holiday_mismatch: 1 bar(s) fall on a date the configured calendar marks as a non-trading day. Not scored as an error: this system's built-in NSE holiday list only covers fixed-date national holidays (see data/market_calendar.py) and is deliberately incomplete for variable-date holidays -- this may just mean the calendar doesn't know about a legitimate special session or holiday.; Forced NO TRADE: this system never trades on data it cannot vouch for, regardless of what any other signal would have said.",,1000000.0,54.27000045776367,,,,,,50.0,,,,,,,,,,"Data quality gate failed for ARSSINFRA.NS: status=INVALID, score=0.75 (min required 0.70). [CRITICAL] zero_volume: 332 bar(s) (66.5%) with volume below 1.; [INFO] holiday_mismatch: 1 bar(s) fall on a date the configured calendar marks as a non-trading day. Not scored as an error: this system's built-in NSE holiday list only covers fixed-date national holidays (see data/market_calendar.py) and is deliberately incomplete for variable-date holidays -- this may just mean the calendar doesn't know about a legitimate special session or holiday.",SIDEWAYS_LOW_VOL,,
2026-09-10 14:35:21.935382+00:00,ARVIND.NS,NO TRADE,False,67.98090579399333,WATCH,UP,DEGRADED,No risk assessment available (entry/stop/target could not be computed).; Failed check: signal is directional.; Failed check: confidence sufficient.; Failed check: risk reward sufficient.; Failed check: expected value positive.; Failed check: positive edge after costs.; Failed check: stop loss logical.; Failed check: position size within limits.; Failed check: news credibility acceptable.,,1000000.0,570.0,,68.33333333333333,72.0,56.573513336186835,,70.0,,,70.0,78.45375465799897,,,,,,No risk assessment available (entry/stop/target could not be computed).,SIDEWAYS_HIGH_VOL,20.0,
2026-09-10 14:35:23.191398+00:00,ARVINDFASN.NS,NO TRADE,False,59.16974049745344,WATCH,UP,DEGRADED,No risk assessment available (entry/stop/target could not be computed).; Failed check: signal is directional.; Failed check: confidence sufficient.; Failed check: risk reward sufficient.; Failed check: expected value positive.; Failed check: positive edge after costs.; Failed check: stop loss logical.; Failed check: position size within limits.; Failed check: strong technical setup.; Failed check: news credibility acceptable.,,1000000.0,451.3999938964844,,56.666666666666664,55.0,58.84638166370968,,70.0,,,55.0,74.05052671833477,,,,,,No risk assessment available (entry/stop/target could not be computed).,SIDEWAYS_LOW_VOL,57.0,
2026-09-10 14:35:24.355623+00:00,ARVSMART.NS,NO TRADE,False,48.967411339684645,NO TRADE,UP,DEGRADED,No risk assessment available (entry/stop/target could not be computed).; Failed check: signal is directional.; Failed check: confidence sufficient.; Failed check: ai signals aligned.; Failed check: risk reward sufficient.; Failed check: expected value positive.; Failed check: positive edge after costs.; Failed check: stop loss logical.; Failed check: position size within limits.; Failed check: sufficient liquidity.; Failed check: strong technical setup.; Failed check: market conditions acceptable.; Failed check: news credibility acceptable.,,1000000.0,597.0499877929688,,40.0,90.0,37.355312062300314,,40.0,,,25.0,77.86485674817436,,,,,,No risk assessment available (entry/stop/target could not be computed).,SIDEWAYS_LOW_VOL,30.0,
2026-09-10 14:35:25.794398+00:00,ASAHIINDIA.NS,NO TRADE,False,59.99488089037324,WATCH,UP,DEGRADED,No risk assessment available (entry/stop/target could not be computed).; Failed check: signal is directional.; Failed check: confidence sufficient.; Failed check: risk reward sufficient.; Failed check: expected value positive.; Failed check: positive edge after costs.; Failed check: stop loss logical.; Failed check: position size within limits.; Failed check: strong technical setup.; Failed check: news credibility acceptable.,,1000000.0,979.9000244140625,,45.0,78.0,70.0,,40.0,,,55.0,70.9513304576069,,,,,,No risk assessment available (entry/stop/target could not be computed).,BULL_LOW_VOL,30.0,
2026-09-10 14:35:27.040314+00:00,ASAHISONG.NS,NO TRADE,False,66.2204975662391,WATCH,UP,DEGRADED,No risk assessment available (entry/stop/target could not be computed).; Failed check: signal is directional.; Failed check: confidence sufficient.; Failed check: risk reward sufficient.; Failed check: expected value positive.; Failed check: positive edge after costs.; Failed check: stop loss logical.; Failed check: position size within limits.; Failed check: sufficient liquidity.; Failed check: news credibility acceptable.,,1000000.0,375.6499938964844,,61.666666666666664,90.0,70.0,,50.0,,,40.0,78.55160728000688,,,,,,No risk assessment available (entry/stop/target could not be computed).,BULL_HIGH_VOL,20.0,
2026-09-10 14:35:28.408709+00:00,ASAL.NS,NO TRADE,False,42.717921468072525,NO TRADE,NONE,DEGRADED,No risk assessment available (entry/stop/target could not be computed).; Failed check: signal is directional.; Failed check: confidence sufficient.; Failed check: risk reward sufficient.; Failed check: expected value positive.; Failed check: positive edge after costs.; Failed check: stop loss logical.; Failed check: position size within limits.; Failed check: sufficient liquidity.; Failed check: strong technical setup.; Failed check: news credibility acceptable.,,1000000.0,467.25,,35.0,64.0,44.246994892412886,,40.0,,,10.0,75.39122622027914,,,,,,No risk assessment available (entry/stop/target could not be computed).,BEAR_LOW_VOL,55.0,
2026-09-10 14:35:30.578524+00:00,ASALCBR.NS,NO TRADE,False,47.55589532398639,NO TRADE,UP,DEGRADED,No risk assessment available (entry/stop/target could not be computed).; Failed check: signal is directional.; Failed check: confidence sufficient.; Failed check: risk reward sufficient.; Failed check: expected value positive.; Failed check: positive edge after costs.; Failed check: stop loss logical.; Failed check: position size within limits.; Failed check: sufficient liquidity.; Failed check: strong technical setup.; Failed check: news credibility acceptable.,,1000000.0,702.0,,45.0,65.0,49.59287313284983,,60.0,,,10.0,74.70971331360478,,,,,,No risk assessment available (entry/stop/target could not be computed).,BEAR_LOW_VOL,35.0,
2026-09-10 14:35:32.051470+00:00,ASHAPURMIN.NS,NO TRADE,False,54.33044072955765,NO TRADE,UP,DEGRADED,No risk assessment available (entry/stop/target could not be computed).; Failed check: signal is directional.; Failed check: confidence sufficient.; Failed check: risk reward sufficient.; Failed check: expected value positive.; Failed check: positive edge after costs.; Failed check: stop loss logical.; Failed check: position size within limits.; Failed check: strong technical setup.; Failed check: market conditions acceptable.; Failed check: news credibility acceptable.,,1000000.0,540.0,,51.666666666666664,80.0,36.940816507512885,,60.0,,,40.0,79.90600338583064,,,,,,No risk assessment available (entry/stop/target could not be computed).,BEAR_LOW_VOL,30.0,
2026-09-10 14:35:33.815677+00:00,ASHIANA.NS,NO TRADE,False,42.72564076917489,NO TRADE,DOWN,DEGRADED,No risk assessment available (entry/stop/target could not be computed).; Failed check: signal is directional.; Failed check: confidence sufficient.; Failed check: risk reward sufficient.; Failed check: expected value positive.; Failed check: positive edge after costs.; Failed check: stop loss logical.; Failed check: position size within limits.; Failed check: sufficient liquidity.; Failed check: strong technical setup.; Failed check: news credibility acceptable.,,1000000.0,346.20001220703125,,31.666666666666668,61.0,49.526967229002985,,40.0,,,10.0,73.22630835141146,,,,,,No risk assessment available (entry/stop/target could not be computed).,BEAR_LOW_VOL,20.0,
2026-09-10 14:35:35.242304+00:00,ASHOKA.NS,NO TRADE,False,57.14451098460389,NO TRADE,UP,DEGRADED,No risk assessment available (entry/stop/target could not be computed).; Failed check: signal is directional.; Failed check: confidence sufficient.; Failed check: risk reward sufficient.; Failed check: expected value positive.; Failed check: positive edge after costs.; Failed check: stop loss logical.; Failed check: position size within limits.; Failed check: strong technical setup.; Failed check: news credibility acceptable.,,1000000.0,113.5,,48.333333333333336,64.0,59.24725071478953,,60.0,,,55.0,73.19536025542253,,,,,,No risk assessment available (entry/stop/target could not be computed).,BEAR_LOW_VOL,35.0,
2026-09-10 14:35:36.821649+00:00,ASHOKLEY.NS,NO TRADE,False,51.60536970035444,NO TRADE,DOWN,DEGRADED,No risk assessment available (entry/stop/target could not be computed).; Failed check: signal is directional.; Failed check: confidence sufficient.; Failed check: risk reward sufficient.; Failed check: expected value positive.; Failed check: positive edge after costs.; Failed check: stop loss logical.; Failed check: position size within limits.; Failed check: strong technical setup.; Failed check: news credibility acceptable.,,1000000.0,166.1199951171875,,43.333333333333336,50.0,50.85840821270695,,40.0,,,55.0,71.42399788604473,,,,,,No risk assessment available (entry/stop/target could not be computed).,SIDEWAYS_LOW_VOL,55.0,
2026-09-10 14:35:38.114144+00:00,ASIANHOTNR.NS,NO TRADE,False,64.67297233779558,WATCH,UP,DEGRADED,No risk assessment available (entry/stop/target could not be computed).; Failed check: signal is directional.; Failed check: confidence sufficient.; Failed check: risk reward sufficient.; Failed check: expected value positive.; Failed check: positive edge after costs.; Failed check: stop loss logical.; Failed check: position size within limits.; Failed check: sufficient liquidity.; Failed check: news credibility acceptable.,,1000000.0,382.1499938964844,,68.33333333333333,64.0,70.0,,60.0,,,40.0,72.6556028759808,,,,,,No risk assessment available (entry/stop/target could not be computed).,BULL_HIGH_VOL,20.0,
2026-09-10 14:35:39.676628+00:00,ASIANPAINT.NS,NO TRADE,False,50.77822845300088,NO TRADE,UP,DEGRADED,No risk assessment available (entry/stop/target could not be computed).; Failed check: signal is directional.; Failed check: confidence sufficient.; Failed check: ai signals aligned.; Failed check: risk reward sufficient.; Failed check: expected value positive.; Failed check: positive edge after costs.; Failed check: stop loss logical.; Failed check: position size within limits.; Failed check: strong technical setup.; Failed check: news credibility acceptable.,,1000000.0,2498.10009765625,,38.333333333333336,78.0,42.58885606219269,,40.0,,,55.0,68.54820914591882,,,,,,No risk assessment available (entry/stop/target could not be computed).,BEAR_LOW_VOL,20.0,
2026-09-10 14:35:41.045573+00:00,ASIANTILES.NS,NO TRADE,False,59.710106788978216,WATCH,UP,DEGRADED,No risk assessment available (entry/stop/target could not be computed).; Failed check: signal is directional.; Failed check: confidence sufficient.; Failed check: risk reward sufficient.; Failed check: expected value positive.; Failed check: positive edge after costs.; Failed check: stop loss logical.; Failed check: position size within limits.; Failed check: strong technical setup.; Failed check: news credibility acceptable.,,1000000.0,50.38999938964844,,56.666666666666664,59.0,56.65744432792741,,70.0,,,55.0,77.25945321787898,,,,,,No risk assessment available (entry/stop/target could not be computed).,SIDEWAYS_HIGH_VOL,20.0,
2026-09-10 14:35:42.348795+00:00,ASPINWALL.NS,NO TRADE,False,56.29217756680931,NO TRADE,UP,DEGRADED,No risk assessment available (entry/stop/target could not be computed).; Failed check: signal is directional.; Failed check: confidence sufficient.; Failed check: risk reward sufficient.; Failed check: expected value positive.; Failed check: positive edge after costs.; Failed check: stop loss logical.; Failed check: position size within limits.; Failed check: sufficient liquidity.; Failed check: strong technical setup.; Failed check: news credibility acceptable.,,1000000.0,250.14999389648438,,46.666666666666664,80.0,67.66851024127496,,50.0,,,25.0,77.92486563545629,,,,,,No risk assessment available (entry/stop/target could not be computed).,SIDEWAYS_LOW_VOL,20.0,
2026-09-10 14:35:43.719159+00:00,ASTEC.NS,NO TRADE,False,57.463415935250424,NO TRADE,DOWN,DEGRADED,No risk assessment available (entry/stop/target could not be computed).; Failed check: signal is directional.; Failed check: confidence sufficient.; Failed check: risk reward sufficient.; Failed check: expected value positive.; Failed check: positive edge after costs.; Failed check: stop loss logical.; Failed check: position size within limits.; Failed check: strong technical setup.; Failed check: news credibility acceptable.,,1000000.0,717.0499877929688,,50.0,37.0,70.0,,60.0,,,55.0,73.1759720973868,,,,,,No risk assessment available (entry/stop/target could not be computed).,SIDEWAYS_HIGH_VOL,42.0,
2026-09-10 14:35:46.433964+00:00,ASTERDM.NS,NO TRADE,False,51.50315922093548,NO TRADE,NONE,DEGRADED,No risk assessment available (entry/stop/target could not be computed).; Failed check: signal is directional.; Failed check: confidence sufficient.; Failed check: risk reward sufficient.; Failed check: expected value positive.; Failed check: positive edge after costs.; Failed check: stop loss logical.; Failed check: position size within limits.; Failed check: strong technical setup.; Failed check: news credibility acceptable.,,1000000.0,766.0,,45.0,55.0,43.26646270438206,,60.0,,,55.0,73.67335019309176,,,,,,No risk assessment available (entry/stop/target could not be computed).,SIDEWAYS_LOW_VOL,35.0,
2026-09-10 14:35:47.921986+00:00,ASTRAL.NS,NO TRADE,False,50.30075949174165,NO TRADE,UP,DEGRADED,No risk assessment available (entry/stop/target could not be computed).; Failed check: signal is directional.; Failed check: confidence sufficient.; Failed check: risk reward sufficient.; Failed check: expected value positive.; Failed check: positive edge after costs.; Failed check: stop loss logical.; Failed check: position size within limits.; Failed check: strong technical setup.; Failed check: news credibility acceptable.,,1000000.0,1459.0,,40.0,70.0,40.58193761763138,,40.0,,,55.0,70.82232835716087,,,,,,No risk assessment available (entry/stop/target could not be computed).,BULL_LOW_VOL,20.0,
2026-09-10 14:35:49.243926+00:00,ASTRAMICRO.NS,NO TRADE,False,52.528116949832366,NO TRADE,DOWN,DEGRADED,No risk assessment available (entry/stop/target could not be computed).; Failed check: signal is directional.; Failed check: confidence sufficient.; Failed check: risk reward sufficient.; Failed check: expected value positive.; Failed check: positive edge after costs.; Failed check: stop loss logical.; Failed check: position size within limits.; Failed check: strong technical setup.; Failed check: news credibility acceptable.,,1000000.0,1705.699951171875,,45.0,40.0,52.403456953187465,,70.0,,,55.0,78.24819302680389,,,,,,No risk assessment available (entry/stop/target could not be computed).,BEAR_HIGH_VOL,35.0,
2026-09-10 14:35:50.657007+00:00,ASTRAZEN.NS,NO TRADE,False,37.45694056057674,NO TRADE,DOWN,DEGRADED,No risk assessment available (entry/stop/target could not be computed).; Failed check: signal is directional.; Failed check: confidence sufficient.; Failed check: risk reward sufficient.; Failed check: expected value positive.; Failed check: positive edge after costs.; Failed check: stop loss logical.; Failed check: position size within limits.; Failed check: sufficient liquidity.; Failed check: strong technical setup.; Failed check: market conditions acceptable.; Failed check: news credibility acceptable.,,1000000.0,6860.5,,33.333333333333336,51.0,33.37004401422776,,25.0,,,10.0,70.61708142931212,,,,,,No risk assessment available (entry/stop/target could not be computed).,BEAR_LOW_VOL,35.0,
2026-09-10 14:35:51.855748+00:00,ASTRON.NS,NO TRADE,False,43.42697252319952,NO TRADE,DOWN,DEGRADED,No risk assessment available (entry/stop/target could not be computed).; Failed check: signal is directional.; Failed check: confidence sufficient.; Failed check: risk reward sufficient.; Failed check: expected value positive.; Failed check: positive edge after costs.; Failed check: stop loss logical.; Failed check: position size within limits.; Failed check: sufficient liquidity.; Failed check: strong technical setup.; Failed check: market conditions acceptable.; Failed check: news credibility acceptable.,,1000000.0,3.0,,48.333333333333336,43.0,30.0,,60.0,,,25.0,70.11764278691848,,,,,,No risk assessment available (entry/stop/target could not be computed).,BEAR_HIGH_VOL,47.0,
2026-09-10 14:35:52.172452+00:00,ATFL.NS,NO TRADE,False,0.0,NO TRADE,NONE,INVALID,"Data Quality [ATFL.NS] as of 2026-09-10T14:35:52.172318+00:00: INVALID (score=0.00, threshold=0.70)
  [CRITICAL] provider_unavailable: No data returned for ATFL.NS (2y/1d)",,1000000.0,,,,,,,,,,,,,,,,,"Data Quality [ATFL.NS] as of 2026-09-10T14:35:52.172318+00:00: INVALID (score=0.00, threshold=0.70)
  [CRITICAL] provider_unavailable: No data returned for ATFL.NS (2y/1d)",UNKNOWN,,
2026-09-10 14:35:53.500591+00:00,ATGL.NS,NO TRADE,False,43.08951086845236,NO TRADE,DOWN,DEGRADED,No risk assessment available (entry/stop/target could not be computed).; Failed check: signal is directional.; Failed check: confidence sufficient.; Failed check: risk reward sufficient.; Failed check: expected value positive.; Failed check: positive edge after costs.; Failed check: stop loss logical.; Failed check: position size within limits.; Failed check: strong technical setup.; Failed check: news credibility acceptable.,,1000000.0,606.0,,30.0,55.0,41.306974778495366,,25.0,,,40.0,71.99264300512415,,,,,,No risk assessment available (entry/stop/target could not be computed).,BEAR_LOW_VOL,30.0,
2026-09-10 14:35:53.858877+00:00,ATLANTA.NS,NO TRADE,False,0.0,NO TRADE,NONE,INVALID,"Data Quality [ATLANTA.NS] as of 2026-09-10T14:35:53.858756+00:00: INVALID (score=0.00, threshold=0.70)
  [CRITICAL] provider_unavailable: No data returned for ATLANTA.NS (2y/1d)",,1000000.0,,,,,,,,,,,,,,,,,"Data Quality [ATLANTA.NS] as of 2026-09-10T14:35:53.858756+00:00: INVALID (score=0.00, threshold=0.70)
  [CRITICAL] provider_unavailable: No data returned for ATLANTA.NS (2y/1d)",UNKNOWN,,
2026-09-10 14:35:55.353663+00:00,ATUL.NS,NO TRADE,False,50.64613646982467,NO TRADE,UP,DEGRADED,No risk assessment available (entry/stop/target could not be computed).; Failed check: signal is directional.; Failed check: confidence sufficient.; Failed check: ai signals aligned.; Failed check: risk reward sufficient.; Failed check: expected value positive.; Failed check: positive edge after costs.; Failed check: stop loss logical.; Failed check: position size within limits.; Failed check: sufficient liquidity.; Failed check: strong technical setup.; Failed check: news credibility acceptable.,,1000000.0,6356.0,,43.333333333333336,94.0,41.44229838132234,,40.0,,,25.0,71.00209206836983,,,,,,No risk assessment available (entry/stop/target could not be computed).,SIDEWAYS_LOW_VOL,20.0,
2026-09-10 14:36:01.568769+00:00,ATULAUTO.NS,NO TRADE,False,44.71443171772639,NO TRADE,NONE,DEGRADED,No risk assessment available (entry/stop/target could not be computed).; Failed check: signal is directional.; Failed check: confidence sufficient.; Failed check: ai signals aligned.; Failed check: risk reward sufficient.; Failed check: expected value positive.; Failed check: positive edge after costs.; Failed check: stop loss logical.; Failed check: position size within limits.; Failed check: strong technical setup.; Failed check: market conditions acceptable.; Failed check: news credibility acceptable.,,1000000.0,451.3999938964844,,31.666666666666668,70.0,37.096538267310294,,40.0,,,40.0,74.82039460948556,,,,,,No risk assessment available (entry/stop/target could not be computed).,BEAR_LOW_VOL,30.0,
2026-09-10 14:36:03.885928+00:00,AUBANK.NS,NO TRADE,False,54.117460926938236,NO TRADE,UP,DEGRADED,No risk assessment available (entry/stop/target could not be computed).; Failed check: signal is directional.; Failed check: confidence sufficient.; Failed check: risk reward sufficient.; Failed check: expected value positive.; Failed check: positive edge after costs.; Failed check: stop loss logical.; Failed check: position size within limits.; Failed check: strong technical setup.; Failed check: news credibility acceptable.,,1000000.0,1054.699951171875,,43.333333333333336,78.0,49.40340404192325,,40.0,,,55.0,69.48894762047084,,,,,,No risk assessment available (entry/stop/target could not be computed).,SIDEWAYS_LOW_VOL,30.0,
2026-09-10 14:36:05.274510+00:00,AURIONPRO.NS,NO TRADE,False,52.642334398807556,NO TRADE,UP,DEGRADED,No risk assessment available (entry/stop/target could not be computed).; Failed check: signal is directional.; Failed check: confidence sufficient.; Failed check: risk reward sufficient.; Failed check: expected value positive.; Failed check: positive edge after costs.; Failed check: stop loss logical.; Failed check: position size within limits.; Failed check: strong technical setup.; Failed check: news credibility acceptable.,,1000000.0,669.9000244140625,,45.0,69.0,40.16514638407727,,60.0,,,55.0,75.142371467377,,,,,,No risk assessment available (entry/stop/target could not be computed).,BEAR_LOW_VOL,20.0,
2026-09-10 14:36:06.648865+00:00,AUROPHARMA.NS,NO TRADE,False,70.20850010541527,MODERATE,UP,DEGRADED,Failed check: news credibility acceptable.,,1000000.0,1668.4000244140625,597,71.66666666666667,86.0,57.891658631862185,,70.0,,,70.0,71.19001681024685,,3.125000000000004,6862.317626542868,675.0346498779297,119,Failed check: news credibility acceptable.,BULL_LOW_VOL,20.0,
2026-09-10 14:36:07.956719+00:00,AUSOMENT.NS,NO TRADE,False,64.60020839175384,WATCH,UP,DEGRADED,No risk assessment available (entry/stop/target could not be computed).; Failed check: signal is directional.; Failed check: confidence sufficient.; Failed check: risk reward sufficient.; Failed check: expected value positive.; Failed check: positive edge after costs.; Failed check: stop loss logical.; Failed check: position size within limits.; Failed check: sufficient liquidity.; Failed check: news credibility acceptable.,,1000000.0,153.0,,61.666666666666664,90.0,63.79609183404892,,50.0,,,40.0,76.79990746793457,,,,,,No risk assessment available (entry/stop/target could not be computed).,BULL_LOW_VOL,20.0,
2026-09-10 14:36:09.411773+00:00,AUTOAXLES.NS,NO TRADE,False,44.19192661641726,NO TRADE,UP,DEGRADED,No risk assessment available (entry/stop/target could not be computed).; Failed check: signal is directional.; Failed check: confidence sufficient.; Failed check: ai signals aligned.; Failed check: risk reward sufficient.; Failed check: expected value positive.; Failed check: positive edge after costs.; Failed check: stop loss logical.; Failed check: position size within limits.; Failed check: sufficient liquidity.; Failed check: strong technical setup.; Failed check: news credibility acceptable.,,1000000.0,1657.9000244140625,,35.0,80.0,43.32055233583492,,40.0,,,10.0,72.11179514029719,,,,,,No risk assessment available (entry/stop/target could not be computed).,BEAR_LOW_VOL,20.0,
2026-09-10 14:36:10.733604+00:00,AUTOIND.NS,NO TRADE,False,46.13238516293262,NO TRADE,UP,DEGRADED,No risk assessment available (entry/stop/target could not be computed).; Failed check: signal is directional.; Failed check: confidence sufficient.; Failed check: ai signals aligned.; Failed check: risk reward sufficient.; Failed check: expected value positive.; Failed check: positive edge after costs.; Failed check: stop loss logical.; Failed check: position size within limits.; Failed check: strong technical setup.; Failed check: market conditions acceptable.; Failed check: news credibility acceptable.,,1000000.0,84.25,,31.666666666666668,82.0,30.0,,40.0,,,55.0,70.55714648220187,,,,,,No risk assessment available (entry/stop/target could not be computed).,SIDEWAYS_HIGH_VOL,42.0,
2026-09-10 14:36:11.152716+00:00,AUTOLITIND.NS,NO TRADE,False,0.0,NO TRADE,NONE,INVALID,"Data Quality [AUTOLITIND.NS] as of 2026-09-10T14:36:11.152615+00:00: INVALID (score=0.00, threshold=0.70)
  [CRITICAL] provider_unavailable: No data returned for AUTOLITIND.NS (2y/1d)",,1000000.0,,,,,,,,,,,,,,,,,"Data Quality [AUTOLITIND.NS] as of 2026-09-10T14:36:11.152615+00:00: INVALID (score=0.00, threshold=0.70)
  [CRITICAL] provider_unavailable: No data returned for AUTOLITIND.NS (2y/1d)",UNKNOWN,,
2026-09-10 14:36:12.471835+00:00,AVADHSUGAR.NS,NO TRADE,False,66.54315047231161,WATCH,UP,DEGRADED,No risk assessment available (entry/stop/target could not be computed).; Failed check: signal is directional.; Failed check: confidence sufficient.; Failed check: risk reward sufficient.; Failed check: expected value positive.; Failed check: positive edge after costs.; Failed check: stop loss logical.; Failed check: position size within limits.; Failed check: news credibility acceptable.,,1000000.0,785.75,,61.666666666666664,62.0,70.0,,50.0,,,70.0,73.39195906838181,,,,,,No risk assessment available (entry/stop/target could not be computed).,BULL_HIGH_VOL,42.0,
2026-09-10 14:36:13.867160+00:00,AVANTIFEED.NS,NO TRADE,False,56.515245361646336,NO TRADE,UP,DEGRADED,No risk assessment available (entry/stop/target could not be computed).; Failed check: signal is directional.; Failed check: confidence sufficient.; Failed check: risk reward sufficient.; Failed check: expected value positive.; Failed check: positive edge after costs.; Failed check: stop loss logical.; Failed check: position size within limits.; Failed check: strong technical setup.; Failed check: news credibility acceptable.,,1000000.0,815.2000122070312,,48.333333333333336,75.0,46.58696621127527,,60.0,,,55.0,77.25853415009207,,,,,,No risk assessment available (entry/stop/target could not be computed).,BEAR_LOW_VOL,35.0,
2026-09-10 14:36:15.098764+00:00,AVTNPL.NS,NO TRADE,False,71.16075317130647,MODERATE,UP,DEGRADED,Failed check: news credibility acceptable.,,1000000.0,90.5999984741211,11000,61.666666666666664,94.0,70.0,,50.0,,,70.0,78.10677844995598,,3.1249999999999987,7583.144597241555,380.12135359802244,1234,Failed check: news credibility acceptable.,BULL_HIGH_VOL,20.0,
2026-09-10 14:36:17.292521+00:00,AWHCL.NS,NO TRADE,False,48.09837358301395,NO TRADE,UP,DEGRADED,No risk assessment available (entry/stop/target could not be computed).; Failed check: signal is directional.; Failed check: confidence sufficient.; Failed check: risk reward sufficient.; Failed check: expected value positive.; Failed check: positive edge after costs.; Failed check: stop loss logical.; Failed check: position size within limits.; Failed check: sufficient liquidity.; Failed check: strong technical setup.; Failed check: news credibility acceptable.,,1000000.0,373.1499938964844,,48.333333333333336,65.0,46.94740226079737,,60.0,,,10.0,74.00891562977604,,,,,,No risk assessment available (entry/stop/target could not be computed).,BEAR_LOW_VOL,45.0,
2026-09-10 14:36:18.844977+00:00,AXISBANK.NS,NO TRADE,False,57.53011783318574,NO TRADE,UP,DEGRADED,No risk assessment available (entry/stop/target could not be computed).; Failed check: signal is directional.; Failed check: confidence sufficient.; Failed check: ai signals aligned.; Failed check: risk reward sufficient.; Failed check: expected value positive.; Failed check: positive edge after costs.; Failed check: stop loss logical.; Failed check: position size within limits.; Failed check: strong technical setup.; Failed check: news credibility acceptable.,,1000000.0,1246.0,,48.333333333333336,86.0,61.251840652814224,,70.0,,,40.0,68.52117646919885,,,,,,No risk assessment available (entry/stop/target could not be computed).,BEAR_LOW_VOL,30.0,
2026-09-10 14:36:20.118319+00:00,AXISCADES.NS,NO TRADE,False,63.27823532592126,WATCH,NONE,DEGRADED,No risk assessment available (entry/stop/target could not be computed).; Failed check: signal is directional.; Failed check: confidence sufficient.; Failed check: risk reward sufficient.; Failed check: expected value positive.; Failed check: positive edge after costs.; Failed check: stop loss logical.; Failed check: position size within limits.; Failed check: strong technical setup.; Failed check: news credibility acceptable.,,1000000.0,1869.699951171875,,56.666666666666664,41.0,70.0,,45.0,,,70.0,79.2078940652925,,,,,,No risk assessment available (entry/stop/target could not be computed).,BULL_HIGH_VOL,30.0,
2026-09-10 14:36:21.734983+00:00,BAJAJ-AUTO.NS,NO TRADE,False,58.03038031811059,NO TRADE,UP,DEGRADED,No risk assessment available (entry/stop/target could not be computed).; Failed check: signal is directional.; Failed check: confidence sufficient.; Failed check: ai signals aligned.; Failed check: risk reward sufficient.; Failed check: expected value positive.; Failed check: positive edge after costs.; Failed check: stop loss logical.; Failed check: position size within limits.; Failed check: strong technical setup.; Failed check: news credibility acceptable.,,1000000.0,11768.0,,46.666666666666664,82.0,58.452873493592364,,50.0,,,55.0,68.29954251091613,,,,,,No risk assessment available (entry/stop/target could not be computed).,BULL_LOW_VOL,30.0,
2026-09-10 14:36:23.073313+00:00,BAJAJCON.NS,NO TRADE,False,62.772762489027315,WATCH,UP,DEGRADED,No risk assessment available (entry/stop/target could not be computed).; Failed check: signal is directional.; Failed check: confidence sufficient.; Failed check: risk reward sufficient.; Failed check: expected value positive.; Failed check: positive edge after costs.; Failed check: stop loss logical.; Failed check: position size within limits.; Failed check: strong technical setup.; Failed check: news credibility acceptable.,,1000000.0,524.4500122070312,,56.666666666666664,82.0,56.07755052584773,,70.0,,,55.0,79.35604093254521,,,,,,No risk assessment available (entry/stop/target could not be computed).,BEAR_HIGH_VOL,20.0,
2026-09-10 14:36:24.417960+00:00,BAJAJELEC.NS,NO TRADE,False,52.01693930296815,NO TRADE,DOWN,DEGRADED,No risk assessment available (entry/stop/target could not be computed).; Failed check: signal is directional.; Failed check: confidence sufficient.; Failed check: risk reward sufficient.; Failed check: expected value positive.; Failed check: positive edge after costs.; Failed check: stop loss logical.; Failed check: position size within limits.; Failed check: strong technical setup.; Failed check: news credibility acceptable.,,1000000.0,337.75,,46.666666666666664,,43.686730711090014,,50.0,,,55.0,74.90487308450723,,,,,,No risk assessment available (entry/stop/target could not be computed).,SIDEWAYS_LOW_VOL,,
2026-09-10 14:36:25.807529+00:00,BAJAJFINSV.NS,NO TRADE,False,52.78213693973919,NO TRADE,UP,DEGRADED,No risk assessment available (entry/stop/target could not be computed).; Failed check: signal is directional.; Failed check: confidence sufficient.; Failed check: risk reward sufficient.; Failed check: expected value positive.; Failed check: positive edge after costs.; Failed check: stop loss logical.; Failed check: position size within limits.; Failed check: strong technical setup.; Failed check: news credibility acceptable.,,1000000.0,1940.5,,43.333333333333336,64.0,50.53849634676546,,40.0,,,55.0,68.06206282897462,,,,,,No risk assessment available (entry/stop/target could not be computed).,SIDEWAYS_LOW_VOL,55.0,
2026-09-10 14:36:27.283188+00:00,BAJAJHIND.NS,NO TRADE,False,58.59012420761539,NO TRADE,UP,DEGRADED,No risk assessment available (entry/stop/target could not be computed).; Failed check: signal is directional.; Failed check: confidence sufficient.; Failed check: risk reward sufficient.; Failed check: expected value positive.; Failed check: positive edge after costs.; Failed check: stop loss logical.; Failed check: position size within limits.; Failed check: strong technical setup.; Failed check: news credibility acceptable.,,1000000.0,21.350000381469727,,46.666666666666664,61.0,70.0,,50.0,,,55.0,73.01384360104338,,,,,,No risk assessment available (entry/stop/target could not be computed).,BULL_HIGH_VOL,30.0,
2026-09-10 14:36:28.586132+00:00,BAJAJHLDNG.NS,NO TRADE,False,50.853160050684025,NO TRADE,UP,DEGRADED,No risk assessment available (entry/stop/target could not be computed).; Failed check: signal is directional.; Failed check: confidence sufficient.; Failed check: ai signals aligned.; Failed check: risk reward sufficient.; Failed check: expected value positive.; Failed check: positive edge after costs.; Failed check: stop loss logical.; Failed check: position size within limits.; Failed check: sufficient liquidity.; Failed check: strong technical setup.; Failed check: news credibility acceptable.,,1000000.0,10992.0,,43.333333333333336,79.0,48.87217967760444,,40.0,,,25.0,69.73345670938558,,,,,,No risk assessment available (entry/stop/target could not be computed).,SIDEWAYS_LOW_VOL,35.0,
2026-09-10 14:36:29.989427+00:00,BAJFINANCE.NS,NO TRADE,False,52.52826027509374,NO TRADE,UP,DEGRADED,No risk assessment available (entry/stop/target could not be computed).; Failed check: signal is directional.; Failed check: confidence sufficient.; Failed check: risk reward sufficient.; Failed check: expected value positive.; Failed check: positive edge after costs.; Failed check: stop loss logical.; Failed check: position size within limits.; Failed check: strong technical setup.; Failed check: news credibility acceptable.,,1000000.0,1043.5,,43.333333333333336,64.0,49.28680047839333,,40.0,,,55.0,68.83026781610826,,,,,,No risk assessment available (entry/stop/target could not be computed).,SIDEWAYS_LOW_VOL,55.0,
2026-09-10 14:36:32.522034+00:00,BALAJITELE.NS,NO TRADE,False,56.698031172087774,NO TRADE,UP,DEGRADED,No risk assessment available (entry/stop/target could not be computed).; Failed check: signal is directional.; Failed check: confidence sufficient.; Failed check: risk reward sufficient.; Failed check: expected value positive.; Failed check: positive edge after costs.; Failed check: stop loss logical.; Failed check: position size within limits.; Failed check: strong technical setup.; Failed check: news credibility acceptable.,,1000000.0,91.5,,46.666666666666664,64.0,56.05644761465649,,50.0,,,55.0,79.6996403222681,,,,,,No risk assessment available (entry/stop/target could not be computed).,SIDEWAYS_LOW_VOL,20.0,
2026-09-10 14:36:33.980950+00:00,BALAMINES.NS,NO TRADE,False,73.57098259978024,MODERATE,UP,DEGRADED,Failed check: news credibility acceptable.,,1000000.0,2342.60009765625,425,71.66666666666667,86.0,70.0,,70.0,,,70.0,76.26897431466381,,3.124999999999998,7579.996699792826,350.452974609375,44,Failed check: news credibility acceptable.,SIDEWAYS_HIGH_VOL,20.0,
2026-09-10 14:36:35.386711+00:00,BALAXI.NS,NO TRADE,False,48.37398796945149,NO TRADE,DOWN,DEGRADED,No risk assessment available (entry/stop/target could not be computed).; Failed check: signal is directional.; Failed check: confidence sufficient.; Failed check: risk reward sufficient.; Failed check: expected value positive.; Failed check: positive edge after costs.; Failed check: stop loss logical.; Failed check: position size within limits.; Failed check: sufficient liquidity.; Failed check: strong technical setup.; Failed check: news credibility acceptable.,,1000000.0,23.239999771118164,,48.333333333333336,46.0,51.03787501935646,,70.0,,,25.0,70.72876764292704,,,,,,No risk assessment available (entry/stop/target could not be computed).,SIDEWAYS_HIGH_VOL,55.0,
2026-09-10 14:36:36.802206+00:00,BALKRISIND.NS,NO TRADE,False,48.28861772347617,NO TRADE,DOWN,DEGRADED,No risk assessment available (entry/stop/target could not be computed).; Failed check: signal is directional.; Failed check: confidence sufficient.; Failed check: risk reward sufficient.; Failed check: expected value positive.; Failed check: positive edge after costs.; Failed check: stop loss logical.; Failed check: position size within limits.; Failed check: strong technical setup.; Failed check: market conditions acceptable.; Failed check: news credibility acceptable.,,1000000.0,2193.0,,40.0,,39.28218157601249,,40.0,,,55.0,75.80843397683824,,,,,,No risk assessment available (entry/stop/target could not be computed).,SIDEWAYS_LOW_VOL,,
2026-09-10 14:36:38.322669+00:00,BALMLAWRIE.NS,NO TRADE,False,52.86357100844265,NO TRADE,UP,DEGRADED,No risk assessment available (entry/stop/target could not be computed).; Failed check: signal is directional.; Failed check: confidence sufficient.; Failed check: risk reward sufficient.; Failed check: expected value positive.; Failed check: positive edge after costs.; Failed check: stop loss logical.; Failed check: position size within limits.; Failed check: strong technical setup.; Failed check: news credibility acceptable.,,1000000.0,174.0,,41.666666666666664,74.0,57.959070338178684,,60.0,,,40.0,68.07159563228026,,,,,,No risk assessment available (entry/stop/target could not be computed).,SIDEWAYS_LOW_VOL,20.0,
2026-09-10 14:36:39.616041+00:00,BALRAMCHIN.NS,NO TRADE,False,69.6600142998507,MODERATE,UP,DEGRADED,No risk assessment available (entry/stop/target could not be computed).; Failed check: signal is directional.; Failed check: confidence sufficient.; Failed check: risk reward sufficient.; Failed check: expected value positive.; Failed check: positive edge after costs.; Failed check: stop loss logical.; Failed check: position size within limits.; Failed check: news credibility acceptable.,,1000000.0,696.0,,71.66666666666667,57.0,70.0,,70.0,,,70.0,74.9377524666148,,,,,,No risk assessment available (entry/stop/target could not be computed).,BULL_HIGH_VOL,30.0,
2026-09-10 14:36:40.817623+00:00,BANARBEADS.NS,NO TRADE,False,46.24390236704365,NO TRADE,UP,DEGRADED,No risk assessment available (entry/stop/target could not be computed).; Failed check: signal is directional.; Failed check: confidence sufficient.; Failed check: ai signals aligned.; Failed check: risk reward sufficient.; Failed check: expected value positive.; Failed check: positive edge after costs.; Failed check: stop loss logical.; Failed check: position size within limits.; Failed check: sufficient liquidity.; Failed check: strong technical setup.; Failed check: news credibility acceptable.,,1000000.0,110.55999755859375,,31.666666666666668,82.0,53.16256493806946,,40.0,,,10.0,77.80549314576972,,,,,,No risk assessment available (entry/stop/target could not be computed).,BULL_LOW_VOL,20.0,
2026-09-10 14:36:42.121747+00:00,BANARISUG.NS,NO TRADE,False,52.21456163006844,NO TRADE,NONE,DEGRADED,No risk assessment available (entry/stop/target could not be computed).; Failed check: signal is directional.; Failed check: confidence sufficient.; Failed check: risk reward sufficient.; Failed check: expected value positive.; Failed check: positive edge after costs.; Failed check: stop loss logical.; Failed check: position size within limits.; Failed check: sufficient liquidity.; Failed check: strong technical setup.; Failed check: news credibility acceptable.,,1000000.0,3590.39990234375,,43.333333333333336,57.0,64.67820032217395,,40.0,,,25.0,79.38435318722648,,,,,,No risk assessment available (entry/stop/target could not be computed).,SIDEWAYS_HIGH_VOL,20.0,
2026-09-10 14:36:43.360552+00:00,BANCOINDIA.NS,NO TRADE,False,63.769652615714534,WATCH,UP,DEGRADED,No risk assessment available (entry/stop/target could not be computed).; Failed check: signal is directional.; Failed check: confidence sufficient.; Failed check: risk reward sufficient.; Failed check: expected value positive.; Failed check: positive edge after costs.; Failed check: stop loss logical.; Failed check: position size within limits.; Failed check: strong technical setup.; Failed check: news credibility acceptable.,,1000000.0,627.5,,56.666666666666664,90.0,60.33206738356938,,70.0,,,55.0,71.10619714948456,,,,,,No risk assessment available (entry/stop/target could not be computed).,BEAR_LOW_VOL,20.0,
2026-09-10 14:36:44.567279+00:00,BANDHANBNK.NS,NO TRADE,False,62.15306309187093,WATCH,UP,DEGRADED,No risk assessment available (entry/stop/target could not be computed).; Failed check: signal is directional.; Failed check: confidence sufficient.; Failed check: risk reward sufficient.; Failed check: expected value positive.; Failed check: positive edge after costs.; Failed check: stop loss logical.; Failed check: position size within limits.; Failed check: strong technical setup.; Failed check: news credibility acceptable.,,1000000.0,174.0,,56.666666666666664,86.0,56.66028492341715,,70.0,,,55.0,73.7698172540232,,,,,,No risk assessment available (entry/stop/target could not be computed).,BEAR_LOW_VOL,30.0,
2026-09-10 14:36:46.929301+00:00,BANG.NS,NO TRADE,False,72.05973203584284,MODERATE,UP,DEGRADED,Failed check: news credibility acceptable.,,1000000.0,34.5099983215332,28878,71.66666666666667,79.0,70.0,,70.0,,,70.0,71.83396252468593,,3.125000000000001,7669.335034183944,298.6150154762268,2545,Failed check: news credibility acceptable.,BULL_HIGH_VOL,35.0,
2026-09-10 14:36:48.463697+00:00,BANKA.NS,NO TRADE,False,45.808696387361316,NO TRADE,DOWN,DEGRADED,No risk assessment available (entry/stop/target could not be computed).; Failed check: signal is directional.; Failed check: confidence sufficient.; Failed check: risk reward sufficient.; Failed check: expected value positive.; Failed check: positive edge after costs.; Failed check: stop loss logical.; Failed check: position size within limits.; Failed check: sufficient liquidity.; Failed check: strong technical setup.; Failed check: news credibility acceptable.,,1000000.0,77.93000030517578,,41.666666666666664,49.0,47.43321339118858,,60.0,,,25.0,72.01800428748645,,,,,,No risk assessment available (entry/stop/target could not be computed).,BEAR_HIGH_VOL,30.0,
2026-09-10 14:36:49.767299+00:00,BANKBARODA.NS,NO TRADE,False,48.139243823828885,NO TRADE,UP,DEGRADED,No risk assessment available (entry/stop/target could not be computed).; Failed check: signal is directional.; Failed check: confidence sufficient.; Failed check: ai signals aligned.; Failed check: risk reward sufficient.; Failed check: expected value positive.; Failed check: positive edge after costs.; Failed check: stop loss logical.; Failed check: position size within limits.; Failed check: strong technical setup.; Failed check: news credibility acceptable.,,1000000.0,237.6199951171875,,35.0,71.0,48.749664884106615,,40.0,,,40.0,68.46054206331328,,,,,,No risk assessment available (entry/stop/target could not be computed).,BEAR_LOW_VOL,45.0,
2026-09-10 14:36:51.337416+00:00,BANKINDIA.NS,NO TRADE,False,56.28408101931258,NO TRADE,UP,DEGRADED,No risk assessment available (entry/stop/target could not be computed).; Failed check: signal is directional.; Failed check: confidence sufficient.; Failed check: ai signals aligned.; Failed check: risk reward sufficient.; Failed check: expected value positive.; Failed check: positive edge after costs.; Failed check: stop loss logical.; Failed check: position size within limits.; Failed check: strong technical setup.; Failed check: news credibility acceptable.,,1000000.0,141.0,,43.333333333333336,86.0,52.987904380871065,,40.0,,,55.0,69.74915704800938,,,,,,No risk assessment available (entry/stop/target could not be computed).,SIDEWAYS_LOW_VOL,30.0,
2026-09-10 14:36:52.618931+00:00,BANSWRAS.NS,NO TRADE,False,39.25119136211957,NO TRADE,DOWN,DEGRADED,No risk assessment available (entry/stop/target could not be computed).; Failed check: signal is directional.; Failed check: confidence sufficient.; Failed check: risk reward sufficient.; Failed check: expected value positive.; Failed check: positive edge after costs.; Failed check: stop loss logical.; Failed check: position size within limits.; Failed check: sufficient liquidity.; Failed check: strong technical setup.; Failed check: news credibility acceptable.,,1000000.0,113.04000091552734,,31.666666666666668,,45.345712019319826,,40.0,,,10.0,78.321913477071,,,,,,No risk assessment available (entry/stop/target could not be computed).,BEAR_LOW_VOL,,
2026-09-10 14:36:54.290790+00:00,BASF.NS,NO TRADE,False,48.079636816624244,NO TRADE,UP,DEGRADED,No risk assessment available (entry/stop/target could not be computed).; Failed check: signal is directional.; Failed check: confidence sufficient.; Failed check: risk reward sufficient.; Failed check: expected value positive.; Failed check: positive edge after costs.; Failed check: stop loss logical.; Failed check: position size within limits.; Failed check: sufficient liquidity.; Failed check: strong technical setup.; Failed check: market conditions acceptable.; Failed check: news credibility acceptable.,,1000000.0,3688.300048828125,,43.333333333333336,78.0,38.18261290700351,,40.0,,,25.0,72.57470557935281,,,,,,No risk assessment available (entry/stop/target could not be computed).,SIDEWAYS_LOW_VOL,20.0,
2026-09-10 14:36:55.842577+00:00,BATAINDIA.NS,NO TRADE,False,44.25143568691624,NO TRADE,NONE,DEGRADED,No risk assessment available (entry/stop/target could not be computed).; Failed check: signal is directional.; Failed check: confidence sufficient.; Failed check: risk reward sufficient.; Failed check: expected value positive.; Failed check: positive edge after costs.; Failed check: stop loss logical.; Failed check: position size within limits.; Failed check: strong technical setup.; Failed check: market conditions acceptable.; Failed check: news credibility acceptable.,,1000000.0,653.5999755859375,,35.0,68.0,30.17654343768912,,40.0,,,40.0,71.00725498057811,,,,,,No risk assessment available (entry/stop/target could not be computed).,BEAR_LOW_VOL,30.0,
2026-09-10 14:36:57.224111+00:00,BAYERCROP.NS,NO TRADE,False,46.22326315425032,NO TRADE,UP,DEGRADED,No risk assessment available (entry/stop/target could not be computed).; Failed check: signal is directional.; Failed check: confidence sufficient.; Failed check: ai signals aligned.; Failed check: risk reward sufficient.; Failed check: expected value positive.; Failed check: positive edge after costs.; Failed check: stop loss logical.; Failed check: position size within limits.; Failed check: sufficient liquidity.; Failed check: strong technical setup.; Failed check: news credibility acceptable.,,1000000.0,3979.199951171875,,38.333333333333336,75.0,52.05231503244276,,40.0,,,10.0,66.93310380376245,,,,,,No risk assessment available (entry/stop/target could not be computed).,SIDEWAYS_LOW_VOL,20.0,
2026-09-10 14:36:58.706192+00:00,BBL.NS,NO TRADE,False,45.399609999950776,NO TRADE,UP,DEGRADED,No risk assessment available (entry/stop/target could not be computed).; Failed check: signal is directional.; Failed check: confidence sufficient.; Failed check: ai signals aligned.; Failed check: risk reward sufficient.; Failed check: expected value positive.; Failed check: positive edge after costs.; Failed check: stop loss logical.; Failed check: position size within limits.; Failed check: sufficient liquidity.; Failed check: strong technical setup.; Failed check: news credibility acceptable.,,1000000.0,2230.0,,35.0,75.0,50.76949920425265,,40.0,,,10.0,72.93115159103867,,,,,,No risk assessment available (entry/stop/target could not be computed).,BEAR_LOW_VOL,35.0,
2026-09-10 14:37:00.049389+00:00,BBTC.NS,NO TRADE,False,50.75176023529125,NO TRADE,UP,DEGRADED,No risk assessment available (entry/stop/target could not be computed).; Failed check: signal is directional.; Failed check: confidence sufficient.; Failed check: ai signals aligned.; Failed check: risk reward sufficient.; Failed check: expected value positive.; Failed check: positive edge after costs.; Failed check: stop loss logical.; Failed check: position size within limits.; Failed check: strong technical setup.; Failed check: news credibility acceptable.,,1000000.0,1434.699951171875,,35.0,80.0,52.24902137951759,,40.0,,,40.0,72.93896850266924,,,,,,No risk assessment available (entry/stop/target could not be computed).,BEAR_HIGH_VOL,20.0,
2026-09-10 14:37:02.353493+00:00,BCG.NS,NO TRADE,False,0.0,NO TRADE,NONE,INVALID,"Data quality gate failed for BCG.NS: status=INVALID, score=0.70 (min required 0.70). [CRITICAL] zero_volume: 197 bar(s) (39.3%) with volume below 1.; [WARNING] abnormal_price_jump: 1 day(s) with |return| > 20% not matched to a supplied corporate-action date -- verify against the source before trusting this bar (could be an unlisted split/bonus, or a genuine data error).; [INFO] holiday_mismatch: 1 bar(s) fall on a date the configured calendar marks as a non-trading day. Not scored as an error: this system's built-in NSE holiday list only covers fixed-date national holidays (see data/market_calendar.py) and is deliberately incomplete for variable-date holidays -- this may just mean the calendar doesn't know about a legitimate special session or holiday.; Forced NO TRADE: this system never trades on data it cannot vouch for, regardless of what any other signal would have said.",,1000000.0,10.170000076293945,,,,,,70.0,,,,,,,,,,"Data quality gate failed for BCG.NS: status=INVALID, score=0.70 (min required 0.70). [CRITICAL] zero_volume: 197 bar(s) (39.3%) with volume below 1.; [WARNING] abnormal_price_jump: 1 day(s) with |return| > 20% not matched to a supplied corporate-action date -- verify against the source before trusting this bar (could be an unlisted split/bonus, or a genuine data error).; [INFO] holiday_mismatch: 1 bar(s) fall on a date the configured calendar marks as a non-trading day. Not scored as an error: this system's built-in NSE holiday list only covers fixed-date national holidays (see data/market_calendar.py) and is deliberately incomplete for variable-date holidays -- this may just mean the calendar doesn't know about a legitimate special session or holiday.",SIDEWAYS_HIGH_VOL,,
2026-09-10 14:37:03.717670+00:00,BDL.NS,NO TRADE,False,48.636036473047696,NO TRADE,UP,DEGRADED,No risk assessment available (entry/stop/target could not be computed).; Failed check: signal is directional.; Failed check: confidence sufficient.; Failed check: risk reward sufficient.; Failed check: expected value positive.; Failed check: positive edge after costs.; Failed check: stop loss logical.; Failed check: position size within limits.; Failed check: strong technical setup.; Failed check: market conditions acceptable.; Failed check: news credibility acceptable.,,1000000.0,1195.0,,40.0,70.0,31.04547851367832,,40.0,,,55.0,74.80373616179021,,,,,,No risk assessment available (entry/stop/target could not be computed).,BEAR_LOW_VOL,20.0,
2026-09-10 14:37:05.410010+00:00,BEARDSELL.NS,NO TRADE,False,44.40925008864239,NO TRADE,NONE,DEGRADED,No risk assessment available (entry/stop/target could not be computed).; Failed check: signal is directional.; Failed check: confidence sufficient.; Failed check: risk reward sufficient.; Failed check: expected value positive.; Failed check: positive edge after costs.; Failed check: stop loss logical.; Failed check: position size within limits.; Failed check: sufficient liquidity.; Failed check: strong technical setup.; Failed check: news credibility acceptable.,,1000000.0,24.389999389648438,,35.0,65.0,54.620577961681114,,40.0,,,10.0,70.81046090536084,,,,,,No risk assessment available (entry/stop/target could not be computed).,BEAR_LOW_VOL,35.0,
2026-09-10 14:37:06.692976+00:00,BECTORFOOD.NS,NO TRADE,False,67.56623419284261,WATCH,UP,DEGRADED,No risk assessment available (entry/stop/target could not be computed).; Failed check: signal is directional.; Failed check: confidence sufficient.; Failed check: risk reward sufficient.; Failed check: expected value positive.; Failed check: positive edge after costs.; Failed check: stop loss logical.; Failed check: position size within limits.; Failed check: news credibility acceptable.,,1000000.0,246.83999633789062,,61.666666666666664,78.0,61.61098184329596,,50.0,,,70.0,79.99314597773653,,,,,,No risk assessment available (entry/stop/target could not be computed).,BULL_HIGH_VOL,20.0,
2026-09-10 14:37:07.914296+00:00,BEDMUTHA.NS,NO TRADE,False,44.92312594234003,NO TRADE,UP,DEGRADED,No risk assessment available (entry/stop/target could not be computed).; Failed check: signal is directional.; Failed check: confidence sufficient.; Failed check: ai signals aligned.; Failed check: risk reward sufficient.; Failed check: expected value positive.; Failed check: positive edge after costs.; Failed check: stop loss logical.; Failed check: position size within limits.; Failed check: sufficient liquidity.; Failed check: strong technical setup.; Failed check: market conditions acceptable.; Failed check: news credibility acceptable.,,1000000.0,105.37000274658203,,35.0,72.0,39.55998429849088,,40.0,,,25.0,77.94811111803472,,,,,,No risk assessment available (entry/stop/target could not be computed).,SIDEWAYS_HIGH_VOL,42.0,
2026-09-10 14:37:09.614209+00:00,BEL.NS,NO TRADE,False,55.27967652993244,NO TRADE,UP,DEGRADED,No risk assessment available (entry/stop/target could not be computed).; Failed check: signal is directional.; Failed check: confidence sufficient.; Failed check: risk reward sufficient.; Failed check: expected value positive.; Failed check: positive edge after costs.; Failed check: stop loss logical.; Failed check: position size within limits.; Failed check: strong technical setup.; Failed check: news credibility acceptable.,,1000000.0,405.0,,46.666666666666664,68.0,54.46672767038279,,50.0,,,55.0,67.74301501314692,,,,,,No risk assessment available (entry/stop/target could not be computed).,SIDEWAYS_LOW_VOL,20.0,
2026-09-10 14:37:11.089766+00:00,BEML.NS,NO TRADE,False,70.43387956209959,MODERATE,UP,DEGRADED,Failed check: news credibility acceptable.,,1000000.0,2028.0,491,71.66666666666667,60.0,70.0,,70.0,,,70.0,76.12883956074857,,3.125,7393.1985487438615,503.3496,73,Failed check: news credibility acceptable.,BULL_LOW_VOL,20.0,
2026-09-10 14:37:12.442716+00:00,BEPL.NS,NO TRADE,False,73.24318889094317,MODERATE,UP,DEGRADED,Failed check: news credibility acceptable.,,1000000.0,130.2899932861328,7649,71.66666666666667,86.0,67.94528469735931,,70.0,,,70.0,79.23662946352441,,3.1249999999999973,7536.464233931469,430.1393838348389,971,Failed check: news credibility acceptable.,BULL_HIGH_VOL,30.0,
2026-09-10 14:37:13.992229+00:00,BERGEPAINT.NS,NO TRADE,False,45.34690758849225,NO TRADE,UP,DEGRADED,No risk assessment available (entry/stop/target could not be computed).; Failed check: signal is directional.; Failed check: confidence sufficient.; Failed check: ai signals aligned.; Failed check: risk reward sufficient.; Failed check: expected value positive.; Failed check: positive edge after costs.; Failed check: stop loss logical.; Failed check: position size within limits.; Failed check: strong technical setup.; Failed check: market conditions acceptable.; Failed check: news credibility acceptable.,,1000000.0,463.0,,33.333333333333336,78.0,30.0,,25.0,,,40.0,73.9458090893048,,,,,,No risk assessment available (entry/stop/target could not be computed).,BEAR_LOW_VOL,20.0,
2026-09-10 14:37:15.265916+00:00,BFINVEST.NS,NO TRADE,False,55.50844318612512,NO TRADE,UP,DEGRADED,No risk assessment available (entry/stop/target could not be computed).; Failed check: signal is directional.; Failed check: confidence sufficient.; Failed check: ai signals aligned.; Failed check: risk reward sufficient.; Failed check: expected value positive.; Failed check: positive edge after costs.; Failed check: stop loss logical.; Failed check: position size within limits.; Failed check: sufficient liquidity.; Failed check: strong technical setup.; Failed check: news credibility acceptable.,,1000000.0,448.3999938964844,,48.333333333333336,94.0,50.65255192754214,,70.0,,,25.0,77.2904667922151,,,,,,No risk assessment available (entry/stop/target could not be computed).,SIDEWAYS_LOW_VOL,20.0,
2026-09-10 14:37:17.490862+00:00,BFUTILITIE.NS,NO TRADE,False,58.81557423156835,NO TRADE,UP,DEGRADED,No risk assessment available (entry/stop/target could not be computed).; Failed check: signal is directional.; Failed check: confidence sufficient.; Failed check: risk reward sufficient.; Failed check: expected value positive.; Failed check: positive edge after costs.; Failed check: stop loss logical.; Failed check: position size within limits.; Failed check: strong technical setup.; Failed check: news credibility acceptable.,,1000000.0,543.0499877929688,,56.666666666666664,,51.63280553867571,,70.0,,,55.0,78.7775704147298,,,,,,No risk assessment available (entry/stop/target could not be computed).,BEAR_HIGH_VOL,,
2026-09-10 14:37:18.634796+00:00,BHAGERIA.NS,NO TRADE,False,71.04702134178889,MODERATE,UP,DEGRADED,Failed check: news credibility acceptable.,,1000000.0,303.1000061035156,3288,63.333333333333336,90.0,70.0,,45.0,,,70.0,77.3232500382511,,3.124999999999996,7581.586245766146,366.8722473876953,356,Failed check: news credibility acceptable.,BULL_HIGH_VOL,20.0,
2026-09-10 14:37:18.952046+00:00,BHAGYAPROP.NS,NO TRADE,False,0.0,NO TRADE,NONE,INVALID,"Data Quality [BHAGYAPROP.NS] as of 2026-09-10T14:37:18.951943+00:00: INVALID (score=0.00, threshold=0.70)
  [CRITICAL] provider_unavailable: No data returned for BHAGYAPROP.NS (2y/1d)",,1000000.0,,,,,,,,,,,,,,,,,"Data Quality [BHAGYAPROP.NS] as of 2026-09-10T14:37:18.951943+00:00: INVALID (score=0.00, threshold=0.70)
  [CRITICAL] provider_unavailable: No data returned for BHAGYAPROP.NS (2y/1d)",UNKNOWN,,
2026-09-10 14:37:20.229679+00:00,BHANDARI.NS,NO TRADE,False,57.44912396469307,NO TRADE,UP,DEGRADED,No risk assessment available (entry/stop/target could not be computed).; Failed check: signal is directional.; Failed check: confidence sufficient.; Failed check: risk reward sufficient.; Failed check: expected value positive.; Failed check: positive edge after costs.; Failed check: stop loss logical.; Failed check: position size within limits.; Failed check: strong technical setup.; Failed check: news credibility acceptable.,,1000000.0,3.0,,46.666666666666664,60.0,63.47604126004846,,50.0,,,55.0,75.95360562946024,,,,,,No risk assessment available (entry/stop/target could not be computed).,SIDEWAYS_LOW_VOL,45.0,
2026-09-10 14:37:21.774294+00:00,BHARATFORG.NS,NO TRADE,False,46.66058126080978,NO TRADE,NONE,DEGRADED,No risk assessment available (entry/stop/target could not be computed).; Failed check: signal is directional.; Failed check: confidence sufficient.; Failed check: risk reward sufficient.; Failed check: expected value positive.; Failed check: positive edge after costs.; Failed check: stop loss logical.; Failed check: position size within limits.; Failed check: strong technical setup.; Failed check: news credibility acceptable.,,1000000.0,1954.9000244140625,,35.0,60.0,46.62704443909873,,40.0,,,40.0,72.74060693306826,,,,,,No risk assessment available (entry/stop/target could not be computed).,BEAR_LOW_VOL,30.0,
2026-09-10 14:37:22.953403+00:00,BHARATRAS.NS,NO TRADE,False,38.703799951393734,NO TRADE,NONE,DEGRADED,No risk assessment available (entry/stop/target could not be computed).; Failed check: signal is directional.; Failed check: confidence sufficient.; Failed check: risk reward sufficient.; Failed check: expected value positive.; Failed check: positive edge after costs.; Failed check: stop loss logical.; Failed check: position size within limits.; Failed check: sufficient liquidity.; Failed check: strong technical setup.; Failed check: market conditions acceptable.; Failed check: news credibility acceptable.,,1000000.0,1168.199951171875,,33.333333333333336,64.0,30.0,,25.0,,,10.0,75.55980695692011,,,,,,No risk assessment available (entry/stop/target could not be computed).,BEAR_LOW_VOL,20.0,
2026-09-10 14:37:24.117108+00:00,BHARATWIRE.NS,NO TRADE,False,47.472003126662145,NO TRADE,NONE,DEGRADED,No risk assessment available (entry/stop/target could not be computed).; Failed check: signal is directional.; Failed check: confidence sufficient.; Failed check: risk reward sufficient.; Failed check: expected value positive.; Failed check: positive edge after costs.; Failed check: stop loss logical.; Failed check: position size within limits.; Failed check: strong technical setup.; Failed check: market conditions acceptable.; Failed check: news credibility acceptable.,,1000000.0,173.1999969482422,,38.333333333333336,64.0,39.0418841574333,,40.0,,,40.0,78.45965118415923,,,,,,No risk assessment available (entry/stop/target could not be computed).,BEAR_LOW_VOL,35.0,
2026-09-10 14:37:25.608202+00:00,BHARTIARTL.NS,NO TRADE,False,51.5374903318856,NO TRADE,UP,DEGRADED,No risk assessment available (entry/stop/target could not be computed).; Failed check: signal is directional.; Failed check: confidence sufficient.; Failed check: ai signals aligned.; Failed check: risk reward sufficient.; Failed check: expected value positive.; Failed check: positive edge after costs.; Failed check: stop loss logical.; Failed check: position size within limits.; Failed check: strong technical setup.; Failed check: news credibility acceptable.,,1000000.0,1839.0,,38.333333333333336,86.0,41.91976827234221,,40.0,,,40.0,68.46769445436733,,,,,,No risk assessment available (entry/stop/target could not be computed).,SIDEWAYS_LOW_VOL,47.0,
2026-09-10 14:37:27.208143+00:00,BHEL.NS,NO TRADE,False,64.26438952064173,WATCH,UP,DEGRADED,No risk assessment available (entry/stop/target could not be computed).; Failed check: signal is directional.; Failed check: confidence sufficient.; Failed check: risk reward sufficient.; Failed check: expected value positive.; Failed check: positive edge after costs.; Failed check: stop loss logical.; Failed check: position size within limits.; Failed check: news credibility acceptable.,,1000000.0,429.5,,61.666666666666664,60.0,60.989786742003574,,50.0,,,70.0,73.00478503517056,,,,,,No risk assessment available (entry/stop/target could not be computed).,BULL_LOW_VOL,20.0,
2026-09-10 14:37:28.743337+00:00,BIL.NS,NO TRADE,False,0.0,NO TRADE,NONE,INVALID,"Data quality gate failed for BIL.NS: status=INVALID, score=0.60 (min required 0.70). [CRITICAL] invalid_ohlc: 2 bar(s) with an invalid OHLC relationship (e.g. High < Low, non-positive price) or NaN price.; [WARNING] zero_volume: 3 bar(s) (0.6%) with volume below 1.; [INFO] holiday_mismatch: 1 bar(s) fall on a date the configured calendar marks as a non-trading day. Not scored as an error: this system's built-in NSE holiday list only covers fixed-date national holidays (see data/market_calendar.py) and is deliberately incomplete for variable-date holidays -- this may just mean the calendar doesn't know about a legitimate special session or holiday.; Forced NO TRADE: this system never trades on data it cannot vouch for, regardless of what any other signal would have said.",,1000000.0,1077.800048828125,,,,,,45.0,,,,,,,,,,"Data quality gate failed for BIL.NS: status=INVALID, score=0.60 (min required 0.70). [CRITICAL] invalid_ohlc: 2 bar(s) with an invalid OHLC relationship (e.g. High < Low, non-positive price) or NaN price.; [WARNING] zero_volume: 3 bar(s) (0.6%) with volume below 1.; [INFO] holiday_mismatch: 1 bar(s) fall on a date the configured calendar marks as a non-trading day. Not scored as an error: this system's built-in NSE holiday list only covers fixed-date national holidays (see data/market_calendar.py) and is deliberately incomplete for variable-date holidays -- this may just mean the calendar doesn't know about a legitimate special session or holiday.",BULL_HIGH_VOL,,
2026-09-10 14:37:30.152062+00:00,BINDALAGRO.NS,NO TRADE,False,0.0,NO TRADE,NONE,INVALID,"Data Quality [BINDALAGRO.NS] as of 2026-09-10T14:37:30.151962+00:00: INVALID (score=0.00, threshold=0.70)
  [CRITICAL] provider_unavailable: No data returned for BINDALAGRO.NS (2y/1d)",,1000000.0,,,,,,,,,,,,,,,,,"Data Quality [BINDALAGRO.NS] as of 2026-09-10T14:37:30.151962+00:00: INVALID (score=0.00, threshold=0.70)
  [CRITICAL] provider_unavailable: No data returned for BINDALAGRO.NS (2y/1d)",UNKNOWN,,
2026-09-10 14:37:31.658404+00:00,BIOCON.NS,NO TRADE,False,48.990952560668624,NO TRADE,NONE,DEGRADED,No risk assessment available (entry/stop/target could not be computed).; Failed check: signal is directional.; Failed check: confidence sufficient.; Failed check: risk reward sufficient.; Failed check: expected value positive.; Failed check: positive edge after costs.; Failed check: stop loss logical.; Failed check: position size within limits.; Failed check: strong technical setup.; Failed check: news credibility acceptable.,,1000000.0,391.6499938964844,,35.0,64.0,45.13220402255862,,40.0,,,55.0,70.2997517485766,,,,,,No risk assessment available (entry/stop/target could not be computed).,BEAR_LOW_VOL,20.0,
2026-09-10 14:37:33.120182+00:00,BIRLACABLE.NS,NO TRADE,False,70.6408255354233,MODERATE,UP,DEGRADED,Failed check: news credibility acceptable.,,1000000.0,374.6499938964844,2660,63.333333333333336,86.0,70.0,,45.0,,,70.0,77.0223719029984,,3.125,7602.147815537513,363.0358440856934,285,Failed check: news credibility acceptable.,BULL_HIGH_VOL,20.0,
2026-09-10 14:37:34.560600+00:00,BIRLACORPN.NS,NO TRADE,False,43.92691807537906,NO TRADE,UP,DEGRADED,No risk assessment available (entry/stop/target could not be computed).; Failed check: signal is directional.; Failed check: confidence sufficient.; Failed check: ai signals aligned.; Failed check: risk reward sufficient.; Failed check: expected value positive.; Failed check: positive edge after costs.; Failed check: stop loss logical.; Failed check: position size within limits.; Failed check: sufficient liquidity.; Failed check: strong technical setup.; Failed check: news credibility acceptable.,,1000000.0,836.7000122070312,,35.0,80.0,42.21698925660413,,40.0,,,10.0,71.95092780963589,,,,,,No risk assessment available (entry/stop/target could not be computed).,BEAR_LOW_VOL,20.0,
2026-09-10 14:37:35.952927+00:00,BIRLAMONEY.NS,NO TRADE,False,37.83874856616455,NO TRADE,DOWN,DEGRADED,No risk assessment available (entry/stop/target could not be computed).; Failed check: signal is directional.; Failed check: confidence sufficient.; Failed check: risk reward sufficient.; Failed check: expected value positive.; Failed check: positive edge after costs.; Failed check: stop loss logical.; Failed check: position size within limits.; Failed check: sufficient liquidity.; Failed check: strong technical setup.; Failed check: news credibility acceptable.,,1000000.0,123.55000305175781,,26.666666666666668,51.0,43.55903939904866,,25.0,,,10.0,74.80044532742895,,,,,,No risk assessment available (entry/stop/target could not be computed).,BEAR_LOW_VOL,70.0,
2026-09-10 14:37:36.057627+00:00,BIRLATYRE.NS,NO TRADE,False,0.0,NO TRADE,NONE,INVALID,"Data Quality [BIRLATYRE.NS] as of 2026-09-10T14:37:36.057534+00:00: INVALID (score=0.00, threshold=0.70)
  [CRITICAL] provider_unavailable: No data returned for BIRLATYRE.NS (2y/1d)",,1000000.0,,,,,,,,,,,,,,,,,"Data Quality [BIRLATYRE.NS] as of 2026-09-10T14:37:36.057534+00:00: INVALID (score=0.00, threshold=0.70)
  [CRITICAL] provider_unavailable: No data returned for BIRLATYRE.NS (2y/1d)",UNKNOWN,,
2026-09-10 14:37:37.388240+00:00,BLBLIMITED.NS,NO TRADE,False,61.33711651837903,WATCH,UP,DEGRADED,No risk assessment available (entry/stop/target could not be computed).; Failed check: signal is directional.; Failed check: confidence sufficient.; Failed check: risk reward sufficient.; Failed check: expected value positive.; Failed check: positive edge after costs.; Failed check: stop loss logical.; Failed check: position size within limits.; Failed check: strong technical setup.; Failed check: news credibility acceptable.,,1000000.0,15.979999542236328,,56.666666666666664,75.0,56.170378846481974,,70.0,,,55.0,75.1860976624023,,,,,,No risk assessment available (entry/stop/target could not be computed).,BEAR_LOW_VOL,35.0,
2026-09-10 14:37:38.748040+00:00,BLISSGVS.NS,NO TRADE,False,70.06082176492471,MODERATE,UP,DEGRADED,Failed check: news credibility acceptable.,,1000000.0,700.2000122070312,1423,63.333333333333336,82.0,70.0,,45.0,,,70.0,77.12402923057316,,3.1249999999999987,7596.443460455535,364.2440463500977,153,Failed check: news credibility acceptable.,BULL_HIGH_VOL,20.0,
2026-09-10 14:37:40.146638+00:00,BLS.NS,NO TRADE,False,53.31227103375798,NO TRADE,UP,DEGRADED,No risk assessment available (entry/stop/target could not be computed).; Failed check: signal is directional.; Failed check: confidence sufficient.; Failed check: ai signals aligned.; Failed check: risk reward sufficient.; Failed check: expected value positive.; Failed check: positive edge after costs.; Failed check: stop loss logical.; Failed check: position size within limits.; Failed check: strong technical setup.; Failed check: market conditions acceptable.; Failed check: news credibility acceptable.,,1000000.0,235.10000610351562,,43.333333333333336,94.0,30.0,,40.0,,,55.0,75.58199587113309,,,,,,No risk assessment available (entry/stop/target could not be computed).,BEAR_HIGH_VOL,20.0,
2026-09-10 14:37:41.540090+00:00,BLUEDART.NS,NO TRADE,False,46.48102493218457,NO TRADE,NONE,DEGRADED,No risk assessment available (entry/stop/target could not be computed).; Failed check: signal is directional.; Failed check: confidence sufficient.; Failed check: risk reward sufficient.; Failed check: expected value positive.; Failed check: positive edge after costs.; Failed check: stop loss logical.; Failed check: position size within limits.; Failed check: sufficient liquidity.; Failed check: strong technical setup.; Failed check: news credibility acceptable.,,1000000.0,4877.2998046875,,40.0,60.0,48.72745730262638,,40.0,,,25.0,69.96025589285344,,,,,,No risk assessment available (entry/stop/target could not be computed).,SIDEWAYS_LOW_VOL,30.0,
2026-09-10 14:37:43.888400+00:00,BLUESTARCO.NS,NO TRADE,False,58.86501291796601,NO TRADE,UP,DEGRADED,No risk assessment available (entry/stop/target could not be computed).; Failed check: signal is directional.; Failed check: confidence sufficient.; Failed check: risk reward sufficient.; Failed check: expected value positive.; Failed check: positive edge after costs.; Failed check: stop loss logical.; Failed check: position size within limits.; Failed check: strong technical setup.; Failed check: news credibility acceptable.,,1000000.0,1514.0,,56.666666666666664,55.0,57.29048033119921,,70.0,,,55.0,73.76685251207601,,,,,,No risk assessment available (entry/stop/target could not be computed).,BEAR_LOW_VOL,20.0,
2026-09-10 14:37:45.072500+00:00,BODALCHEM.NS,NO TRADE,False,68.94707332596764,WATCH,UP,DEGRADED,No risk assessment available (entry/stop/target could not be computed).; Failed check: signal is directional.; Failed check: confidence sufficient.; Failed check: risk reward sufficient.; Failed check: expected value positive.; Failed check: positive edge after costs.; Failed check: stop loss logical.; Failed check: position size within limits.; Failed check: news credibility acceptable.,,1000000.0,166.11000061035156,,63.333333333333336,82.0,70.0,,45.0,,,70.0,69.30235245197571,,,,,,No risk assessment available (entry/stop/target could not be computed).,BULL_HIGH_VOL,30.0,
2026-09-10 14:37:46.445954+00:00,BOMDYEING.NS,NO TRADE,False,50.98941658463906,NO TRADE,DOWN,DEGRADED,No risk assessment available (entry/stop/target could not be computed).; Failed check: signal is directional.; Failed check: confidence sufficient.; Failed check: risk reward sufficient.; Failed check: expected value positive.; Failed check: positive edge after costs.; Failed check: stop loss logical.; Failed check: position size within limits.; Failed check: strong technical setup.; Failed check: news credibility acceptable.,,1000000.0,111.9000015258789,,45.0,49.0,53.98628563812329,,60.0,,,40.0,74.1569760632719,,,,,,No risk assessment available (entry/stop/target could not be computed).,BEAR_LOW_VOL,35.0,
2026-09-10 14:37:47.545136+00:00,BOROLTD.NS,NO TRADE,False,68.90375503672801,WATCH,UP,DEGRADED,No risk assessment available (entry/stop/target could not be computed).; Failed check: signal is directional.; Failed check: confidence sufficient.; Failed check: risk reward sufficient.; Failed check: expected value positive.; Failed check: positive edge after costs.; Failed check: stop loss logical.; Failed check: position size within limits.; Failed check: news credibility acceptable.,,1000000.0,262.32000732421875,,68.33333333333333,57.0,70.0,,70.0,,,70.0,77.86175618335645,,,,,,No risk assessment available (entry/stop/target could not be computed).,BULL_HIGH_VOL,35.0,
2026-09-10 14:37:48.757053+00:00,BORORENEW.NS,NO TRADE,False,54.33801700867211,NO TRADE,UP,DEGRADED,No risk assessment available (entry/stop/target could not be computed).; Failed check: signal is directional.; Failed check: confidence sufficient.; Failed check: risk reward sufficient.; Failed check: expected value positive.; Failed check: positive edge after costs.; Failed check: stop loss logical.; Failed check: position size within limits.; Failed check: strong technical setup.; Failed check: market conditions acceptable.; Failed check: news credibility acceptable.,,1000000.0,502.0,,51.666666666666664,80.0,31.34819554848405,,60.0,,,55.0,74.30631549289002,,,,,,No risk assessment available (entry/stop/target could not be computed).,BEAR_LOW_VOL,20.0,
2026-09-10 14:37:50.060927+00:00,BOSCHLTD.NS,NO TRADE,False,60.05702459620238,WATCH,UP,DEGRADED,No risk assessment available (entry/stop/target could not be computed).; Failed check: signal is directional.; Failed check: confidence sufficient.; Failed check: risk reward sufficient.; Failed check: expected value positive.; Failed check: positive edge after costs.; Failed check: stop loss logical.; Failed check: position size within limits.; Failed check: sufficient liquidity.; Failed check: news credibility acceptable.,,1000000.0,48775.0,,61.666666666666664,59.0,64.40300687047736,,50.0,,,40.0,70.45445134750904,,,,,,No risk assessment available (entry/stop/target could not be computed).,BULL_LOW_VOL,35.0,
2026-09-10 14:37:51.754505+00:00,BPCL.NS,NO TRADE,False,47.06857721258103,NO TRADE,UP,DEGRADED,No risk assessment available (entry/stop/target could not be computed).; Failed check: signal is directional.; Failed check: confidence sufficient.; Failed check: ai signals aligned.; Failed check: risk reward sufficient.; Failed check: expected value positive.; Failed check: positive edge after costs.; Failed check: stop loss logical.; Failed check: position size within limits.; Failed check: strong technical setup.; Failed check: news credibility acceptable.,,1000000.0,303.0,,31.666666666666668,80.0,46.991521759633905,,40.0,,,40.0,71.09743693973687,,,,,,No risk assessment available (entry/stop/target could not be computed).,SIDEWAYS_LOW_VOL,30.0,
2026-09-10 14:37:52.970511+00:00,BPL.NS,NO TRADE,False,40.02201811027179,NO TRADE,DOWN,DEGRADED,No risk assessment available (entry/stop/target could not be computed).; Failed check: signal is directional.; Failed check: confidence sufficient.; Failed check: risk reward sufficient.; Failed check: expected value positive.; Failed check: positive edge after costs.; Failed check: stop loss logical.; Failed check: position size within limits.; Failed check: sufficient liquidity.; Failed check: strong technical setup.; Failed check: news credibility acceptable.,,1000000.0,47.36000061035156,,35.0,38.0,43.563841320400876,,40.0,,,10.0,79.32666970691497,,,,,,No risk assessment available (entry/stop/target could not be computed).,BEAR_LOW_VOL,65.0,
2026-09-10 14:37:53.188687+00:00,BRFL.NS,NO TRADE,False,0.0,NO TRADE,NONE,INVALID,"Technical analysis could not run: BRFL.NS: need at least 20 bars for technical analysis, got 1",,1000000.0,,,,,,,,,,,,,,,,,"Technical analysis could not run: BRFL.NS: need at least 20 bars for technical analysis, got 1",UNKNOWN,,
2026-09-10 14:37:54.766131+00:00,BRIGADE.NS,NO TRADE,False,67.3617375214236,WATCH,UP,DEGRADED,No risk assessment available (entry/stop/target could not be computed).; Failed check: signal is directional.; Failed check: confidence sufficient.; Failed check: risk reward sufficient.; Failed check: expected value positive.; Failed check: positive edge after costs.; Failed check: stop loss logical.; Failed check: position size within limits.; Failed check: news credibility acceptable.,,1000000.0,651.1500244140625,,61.666666666666664,63.0,70.0,,50.0,,,70.0,78.70656717970301,,,,,,No risk assessment available (entry/stop/target could not be computed).,BULL_HIGH_VOL,30.0,
2026-09-10 14:37:57.394162+00:00,BRITANNIA.NS,NO TRADE,False,46.57198781538596,NO TRADE,UP,DEGRADED,No risk assessment available (entry/stop/target could not be computed).; Failed check: signal is directional.; Failed check: confidence sufficient.; Failed check: risk reward sufficient.; Failed check: expected value positive.; Failed check: positive edge after costs.; Failed check: stop loss logical.; Failed check: position size within limits.; Failed check: strong technical setup.; Failed check: market conditions acceptable.; Failed check: news credibility acceptable.,,1000000.0,5009.0,,38.333333333333336,68.0,37.53517266657165,,40.0,,,40.0,69.33771975787056,,,,,,No risk assessment available (entry/stop/target could not be computed).,BEAR_LOW_VOL,20.0,
2026-09-10 14:37:58.573464+00:00,BRNL.NS,NO TRADE,False,37.325791862060974,NO TRADE,DOWN,DEGRADED,No risk assessment available (entry/stop/target could not be computed).; Failed check: signal is directional.; Failed check: confidence sufficient.; Failed check: risk reward sufficient.; Failed check: expected value positive.; Failed check: positive edge after costs.; Failed check: stop loss logical.; Failed check: position size within limits.; Failed check: sufficient liquidity.; Failed check: strong technical setup.; Failed check: news credibility acceptable.,,1000000.0,16.649999618530273,,23.333333333333332,54.0,45.85219904457914,,25.0,,,10.0,76.28199327944874,,,,,,No risk assessment available (entry/stop/target could not be computed).,BEAR_LOW_VOL,30.0,
2026-09-10 14:37:59.963180+00:00,BROOKS.NS,NO TRADE,False,0.0,NO TRADE,NONE,INVALID,"Data quality gate failed for BROOKS.NS: status=INVALID, score=0.60 (min required 0.70). [CRITICAL] invalid_ohlc: 1 bar(s) with an invalid OHLC relationship (e.g. High < Low, non-positive price) or NaN price.; [WARNING] zero_volume: 4 bar(s) (0.8%) with volume below 1.; [INFO] holiday_mismatch: 1 bar(s) fall on a date the configured calendar marks as a non-trading day. Not scored as an error: this system's built-in NSE holiday list only covers fixed-date national holidays (see data/market_calendar.py) and is deliberately incomplete for variable-date holidays -- this may just mean the calendar doesn't know about a legitimate special session or holiday.; Forced NO TRADE: this system never trades on data it cannot vouch for, regardless of what any other signal would have said.",,1000000.0,63.849998474121094,,,,,,70.0,,,,,,,,,,"Data quality gate failed for BROOKS.NS: status=INVALID, score=0.60 (min required 0.70). [CRITICAL] invalid_ohlc: 1 bar(s) with an invalid OHLC relationship (e.g. High < Low, non-positive price) or NaN price.; [WARNING] zero_volume: 4 bar(s) (0.8%) with volume below 1.; [INFO] holiday_mismatch: 1 bar(s) fall on a date the configured calendar marks as a non-trading day. Not scored as an error: this system's built-in NSE holiday list only covers fixed-date national holidays (see data/market_calendar.py) and is deliberately incomplete for variable-date holidays -- this may just mean the calendar doesn't know about a legitimate special session or holiday.",BEAR_HIGH_VOL,,
2026-09-10 14:38:01.405344+00:00,BSE.NS,NO TRADE,False,52.9527339041978,NO TRADE,UP,DEGRADED,No risk assessment available (entry/stop/target could not be computed).; Failed check: signal is directional.; Failed check: confidence sufficient.; Failed check: risk reward sufficient.; Failed check: expected value positive.; Failed check: positive edge after costs.; Failed check: stop loss logical.; Failed check: position size within limits.; Failed check: strong technical setup.; Failed check: news credibility acceptable.,,1000000.0,3306.0,,45.0,78.0,46.05375279409842,,60.0,,,40.0,75.6109097753419,,,,,,No risk assessment available (entry/stop/target could not be computed).,BEAR_LOW_VOL,20.0,
2026-09-10 14:38:01.762372+00:00,BSELINFRA.NS,NO TRADE,False,0.0,NO TRADE,NONE,INVALID,"Data Quality [BSELINFRA.NS] as of 2026-09-10T14:38:01.762247+00:00: INVALID (score=0.00, threshold=0.70)
  [CRITICAL] provider_unavailable: No data returned for BSELINFRA.NS (2y/1d)",,1000000.0,,,,,,,,,,,,,,,,,"Data Quality [BSELINFRA.NS] as of 2026-09-10T14:38:01.762247+00:00: INVALID (score=0.00, threshold=0.70)
  [CRITICAL] provider_unavailable: No data returned for BSELINFRA.NS (2y/1d)",UNKNOWN,,
2026-09-10 14:38:02.891031+00:00,BSHSL.NS,NO TRADE,False,57.15806669315322,NO TRADE,UP,DEGRADED,No risk assessment available (entry/stop/target could not be computed).; Failed check: signal is directional.; Failed check: confidence sufficient.; Failed check: risk reward sufficient.; Failed check: expected value positive.; Failed check: positive edge after costs.; Failed check: stop loss logical.; Failed check: position size within limits.; Failed check: sufficient liquidity.; Failed check: strong technical setup.; Failed check: news credibility acceptable.,,1000000.0,88.83999633789062,,56.666666666666664,78.0,52.54321953535444,,70.0,,,25.0,79.99280489174816,,,,,,No risk assessment available (entry/stop/target could not be computed).,SIDEWAYS_LOW_VOL,30.0,
2026-09-10 14:38:04.383338+00:00,BSOFT.NS,NO TRADE,False,47.73287973822879,NO TRADE,UP,DEGRADED,No risk assessment available (entry/stop/target could not be computed).; Failed check: signal is directional.; Failed check: confidence sufficient.; Failed check: ai signals aligned.; Failed check: risk reward sufficient.; Failed check: expected value positive.; Failed check: positive edge after costs.; Failed check: stop loss logical.; Failed check: position size within limits.; Failed check: strong technical setup.; Failed check: market conditions acceptable.; Failed check: news credibility acceptable.,,1000000.0,276.0,,35.0,84.0,34.0570232454388,,40.0,,,40.0,76.11613500817568,,,,,,No risk assessment available (entry/stop/target could not be computed).,SIDEWAYS_LOW_VOL,20.0,
2026-09-10 14:38:04.689719+00:00,BURGERKING.NS,NO TRADE,False,0.0,NO TRADE,NONE,INVALID,"Data Quality [BURGERKING.NS] as of 2026-09-10T14:38:04.689619+00:00: INVALID (score=0.00, threshold=0.70)
  [CRITICAL] provider_unavailable: No data returned for BURGERKING.NS (2y/1d)",,1000000.0,,,,,,,,,,,,,,,,,"Data Quality [BURGERKING.NS] as of 2026-09-10T14:38:04.689619+00:00: INVALID (score=0.00, threshold=0.70)
  [CRITICAL] provider_unavailable: No data returned for BURGERKING.NS (2y/1d)",UNKNOWN,,
2026-09-10 14:38:06.182350+00:00,BUTTERFLY.NS,NO TRADE,False,44.1337368915676,NO TRADE,UP,DEGRADED,No risk assessment available (entry/stop/target could not be computed).; Failed check: signal is directional.; Failed check: confidence sufficient.; Failed check: ai signals aligned.; Failed check: risk reward sufficient.; Failed check: expected value positive.; Failed check: positive edge after costs.; Failed check: stop loss logical.; Failed check: position size within limits.; Failed check: sufficient liquidity.; Failed check: strong technical setup.; Failed check: market conditions acceptable.; Failed check: news credibility acceptable.,,1000000.0,610.7999877929688,,35.0,90.0,36.16071688144162,,40.0,,,10.0,73.91865922661893,,,,,,No risk assessment available (entry/stop/target could not be computed).,BEAR_LOW_VOL,20.0,
2026-09-10 14:38:06.479053+00:00,CADILAHC.NS,NO TRADE,False,0.0,NO TRADE,NONE,INVALID,"Data Quality [CADILAHC.NS] as of 2026-09-10T14:38:06.478953+00:00: INVALID (score=0.00, threshold=0.70)
  [CRITICAL] provider_unavailable: No data returned for CADILAHC.NS (2y/1d)",,1000000.0,,,,,,,,,,,,,,,,,"Data Quality [CADILAHC.NS] as of 2026-09-10T14:38:06.478953+00:00: INVALID (score=0.00, threshold=0.70)
  [CRITICAL] provider_unavailable: No data returned for CADILAHC.NS (2y/1d)",UNKNOWN,,
2026-09-10 14:38:08.651697+00:00,CALSOFT.NS,NO TRADE,False,73.85588755010058,MODERATE,UP,DEGRADED,Failed check: news credibility acceptable.,,1000000.0,36.900001525878906,27008,71.66666666666667,90.0,70.0,,70.0,,,70.0,74.66210900135498,,3.1249999999999973,7635.873399927366,330.58711367034914,2635,Failed check: news credibility acceptable.,BULL_HIGH_VOL,20.0,
2026-09-10 14:38:09.867030+00:00,CAMLINFINE.NS,NO TRADE,False,56.09962345033925,NO TRADE,UP,DEGRADED,No risk assessment available (entry/stop/target could not be computed).; Failed check: signal is directional.; Failed check: confidence sufficient.; Failed check: risk reward sufficient.; Failed check: expected value positive.; Failed check: positive edge after costs.; Failed check: stop loss logical.; Failed check: position size within limits.; Failed check: strong technical setup.; Failed check: news credibility acceptable.,,1000000.0,103.70999908447266,,48.333333333333336,72.0,56.9242458718807,,60.0,,,40.0,79.96119831517326,,,,,,No risk assessment available (entry/stop/target could not be computed).,BEAR_HIGH_VOL,30.0,
2026-09-10 14:38:11.422745+00:00,CAMS.NS,NO TRADE,False,49.17103381361338,NO TRADE,UP,DEGRADED,No risk assessment available (entry/stop/target could not be computed).; Failed check: signal is directional.; Failed check: confidence sufficient.; Failed check: ai signals aligned.; Failed check: risk reward sufficient.; Failed check: expected value positive.; Failed check: positive edge after costs.; Failed check: stop loss logical.; Failed check: position size within limits.; Failed check: strong technical setup.; Failed check: news credibility acceptable.,,1000000.0,712.0,,31.666666666666668,78.0,41.50781538941395,,40.0,,,55.0,73.62948937273909,,,,,,No risk assessment available (entry/stop/target could not be computed).,BEAR_LOW_VOL,20.0,
2026-09-10 14:38:12.869119+00:00,CANBK.NS,NO TRADE,False,52.82426391846778,NO TRADE,UP,DEGRADED,No risk assessment available (entry/stop/target could not be computed).; Failed check: signal is directional.; Failed check: confidence sufficient.; Failed check: risk reward sufficient.; Failed check: expected value positive.; Failed check: positive edge after costs.; Failed check: stop loss logical.; Failed check: position size within limits.; Failed check: strong technical setup.; Failed check: news credibility acceptable.,,1000000.0,124.5999984741211,,43.333333333333336,71.0,47.15714467271708,,40.0,,,55.0,69.09988288856296,,,,,,No risk assessment available (entry/stop/target could not be computed).,SIDEWAYS_LOW_VOL,30.0,
2026-09-10 14:38:14.244757+00:00,CANFINHOME.NS,NO TRADE,False,48.42868748855965,NO TRADE,UP,DEGRADED,No risk assessment available (entry/stop/target could not be computed).; Failed check: signal is directional.; Failed check: confidence sufficient.; Failed check: ai signals aligned.; Failed check: risk reward sufficient.; Failed check: expected value positive.; Failed check: positive edge after costs.; Failed check: stop loss logical.; Failed check: position size within limits.; Failed check: strong technical setup.; Failed check: news credibility acceptable.,,1000000.0,783.0,,35.0,76.0,47.641526250343325,,40.0,,,40.0,70.71029961264593,,,,,,No risk assessment available (entry/stop/target could not be computed).,BEAR_LOW_VOL,55.0,
2026-09-10 14:38:15.633500+00:00,CANTABIL.NS,NO TRADE,False,60.88072030156223,WATCH,UP,DEGRADED,No risk assessment available (entry/stop/target could not be computed).; Failed check: signal is directional.; Failed check: confidence sufficient.; Failed check: ai signals aligned.; Failed check: risk reward sufficient.; Failed check: expected value positive.; Failed check: positive edge after costs.; Failed check: stop loss logical.; Failed check: position size within limits.; Failed check: strong technical setup.; Failed check: news credibility acceptable.,,1000000.0,240.05999755859375,,46.666666666666664,82.0,66.44752181855324,,50.0,,,55.0,75.4194072336954,,,,,,No risk assessment available (entry/stop/target could not be computed).,SIDEWAYS_LOW_VOL,42.0,
2026-09-10 14:38:16.845543+00:00,CAPACITE.NS,NO TRADE,False,46.63721114827179,NO TRADE,NONE,DEGRADED,No risk assessment available (entry/stop/target could not be computed).; Failed check: signal is directional.; Failed check: confidence sufficient.; Failed check: risk reward sufficient.; Failed check: expected value positive.; Failed check: positive edge after costs.; Failed check: stop loss logical.; Failed check: position size within limits.; Failed check: strong technical setup.; Failed check: news credibility acceptable.,,1000000.0,195.89999389648438,,31.666666666666668,65.0,44.605557441099705,,40.0,,,40.0,79.28849787101153,,,,,,No risk assessment available (entry/stop/target could not be computed).,BEAR_HIGH_VOL,20.0,
2026-09-10 14:38:19.221949+00:00,CAPLIPOINT.NS,NO TRADE,False,71.99375001968124,MODERATE,UP,DEGRADED,Failed check: news credibility acceptable.,,1000000.0,2795.39990234375,356,68.33333333333333,82.0,70.0,,70.0,,,70.0,77.54350674505439,,3.1249999999999987,7439.012116391314,465.7136237304687,49,Failed check: news credibility acceptable.,BULL_HIGH_VOL,20.0,
2026-09-10 14:38:20.316518+00:00,CAPTRUST.NS,NO TRADE,False,43.66985931299473,NO TRADE,NONE,DEGRADED,No risk assessment available (entry/stop/target could not be computed).; Failed check: signal is directional.; Failed check: confidence sufficient.; Failed check: risk reward sufficient.; Failed check: expected value positive.; Failed check: positive edge after costs.; Failed check: stop loss logical.; Failed check: position size within limits.; Failed check: sufficient liquidity.; Failed check: strong technical setup.; Failed check: market conditions acceptable.; Failed check: news credibility acceptable.,,1000000.0,18.290000915527344,,40.0,64.0,34.3476057001364,,40.0,,,25.0,72.17882830418773,,,,,,No risk assessment available (entry/stop/target could not be computed).,BULL_HIGH_VOL,30.0,
2026-09-10 14:38:21.757241+00:00,CARBORUNIV.NS,NO TRADE,False,55.23176507533919,NO TRADE,UP,DEGRADED,No risk assessment available (entry/stop/target could not be computed).; Failed check: signal is directional.; Failed check: confidence sufficient.; Failed check: risk reward sufficient.; Failed check: expected value positive.; Failed check: positive edge after costs.; Failed check: stop loss logical.; Failed check: position size within limits.; Failed check: strong technical setup.; Failed check: news credibility acceptable.,,1000000.0,1090.199951171875,,46.666666666666664,70.0,46.62705106483056,,50.0,,,55.0,78.45610747962918,,,,,,No risk assessment available (entry/stop/target could not be computed).,SIDEWAYS_HIGH_VOL,20.0,
2026-09-10 14:38:23.095440+00:00,CAREERP.NS,NO TRADE,False,0.0,NO TRADE,NONE,INVALID,"Data Quality [CAREERP.NS] as of 2026-09-10T14:38:23.095317+00:00: INVALID (score=0.00, threshold=0.70)
  [CRITICAL] provider_unavailable: No data returned for CAREERP.NS (2y/1d)",,1000000.0,,,,,,,,,,,,,,,,,"Data Quality [CAREERP.NS] as of 2026-09-10T14:38:23.095317+00:00: INVALID (score=0.00, threshold=0.70)
  [CRITICAL] provider_unavailable: No data returned for CAREERP.NS (2y/1d)",UNKNOWN,,
2026-09-10 14:38:24.362640+00:00,CARERATING.NS,NO TRADE,False,57.10696091693884,NO TRADE,UP,DEGRADED,No risk assessment available (entry/stop/target could not be computed).; Failed check: signal is directional.; Failed check: confidence sufficient.; Failed check: risk reward sufficient.; Failed check: expected value positive.; Failed check: positive edge after costs.; Failed check: stop loss logical.; Failed check: position size within limits.; Failed check: sufficient liquidity.; Failed check: strong technical setup.; Failed check: news credibility acceptable.,,1000000.0,1697.199951171875,,56.666666666666664,82.0,53.20553583882821,,70.0,,,25.0,74.8078272973367,,,,,,No risk assessment available (entry/stop/target could not be computed).,SIDEWAYS_LOW_VOL,20.0,
2026-09-10 14:38:25.668253+00:00,CASTROLIND.NS,NO TRADE,False,59.09346895475087,WATCH,UP,DEGRADED,No risk assessment available (entry/stop/target could not be computed).; Failed check: signal is directional.; Failed check: confidence sufficient.; Failed check: risk reward sufficient.; Failed check: expected value positive.; Failed check: positive edge after costs.; Failed check: stop loss logical.; Failed check: position size within limits.; Failed check: strong technical setup.; Failed check: news credibility acceptable.,,1000000.0,188.05999755859375,,58.333333333333336,,58.61795082232606,,70.0,,,55.0,65.80055416168273,,,,,,No risk assessment available (entry/stop/target could not be computed).,SIDEWAYS_LOW_VOL,,
2026-09-10 14:38:27.216065+00:00,CCL.NS,NO TRADE,False,53.657436732526264,NO TRADE,UP,DEGRADED,No risk assessment available (entry/stop/target could not be computed).; Failed check: signal is directional.; Failed check: confidence sufficient.; Failed check: risk reward sufficient.; Failed check: expected value positive.; Failed check: positive edge after costs.; Failed check: stop loss logical.; Failed check: position size within limits.; Failed check: strong technical setup.; Failed check: news credibility acceptable.,,1000000.0,1096.800048828125,,45.0,78.0,49.206499373740776,,60.0,,,40.0,73.35465303669238,,,,,,No risk assessment available (entry/stop/target could not be computed).,BEAR_LOW_VOL,30.0,
2026-09-10 14:38:28.543587+00:00,CDSL.NS,NO TRADE,False,55.12691464821228,NO TRADE,NONE,DEGRADED,No risk assessment available (entry/stop/target could not be computed).; Failed check: signal is directional.; Failed check: confidence sufficient.; Failed check: risk reward sufficient.; Failed check: expected value positive.; Failed check: positive edge after costs.; Failed check: stop loss logical.; Failed check: position size within limits.; Failed check: strong technical setup.; Failed check: news credibility acceptable.,,1000000.0,1355.0,,46.666666666666664,57.0,58.03122107193997,,50.0,,,55.0,70.34965540718581,,,,,,No risk assessment available (entry/stop/target could not be computed).,SIDEWAYS_LOW_VOL,10.0,
2026-09-10 14:38:29.953304+00:00,CEATLTD.NS,NO TRADE,False,41.6217117232658,NO TRADE,UP,DEGRADED,No risk assessment available (entry/stop/target could not be computed).; Failed check: signal is directional.; Failed check: confidence sufficient.; Failed check: ai signals aligned.; Failed check: risk reward sufficient.; Failed check: expected value positive.; Failed check: positive edge after costs.; Failed check: stop loss logical.; Failed check: position size within limits.; Failed check: sufficient liquidity.; Failed check: strong technical setup.; Failed check: market conditions acceptable.; Failed check: news credibility acceptable.,,1000000.0,3291.10009765625,,35.0,75.0,35.9773111459444,,40.0,,,10.0,70.57013301692177,,,,,,No risk assessment available (entry/stop/target could not be computed).,BEAR_LOW_VOL,45.0,
2026-09-10 14:38:31.251686+00:00,CENTENKA.NS,NO TRADE,False,62.84520443593656,WATCH,UP,DEGRADED,No risk assessment available (entry/stop/target could not be computed).; Failed check: signal is directional.; Failed check: confidence sufficient.; Failed check: risk reward sufficient.; Failed check: expected value positive.; Failed check: positive edge after costs.; Failed check: stop loss logical.; Failed check: position size within limits.; Failed check: strong technical setup.; Failed check: news credibility acceptable.,,1000000.0,569.0999755859375,,56.666666666666664,90.0,52.89108239647189,,70.0,,,55.0,78.68050696959757,,,,,,No risk assessment available (entry/stop/target could not be computed).,BULL_HIGH_VOL,20.0,
2026-09-10 14:38:32.591554+00:00,CENTRALBK.NS,NO TRADE,False,53.51761741446574,NO TRADE,UP,DEGRADED,No risk assessment available (entry/stop/target could not be computed).; Failed check: signal is directional.; Failed check: confidence sufficient.; Failed check: risk reward sufficient.; Failed check: expected value positive.; Failed check: positive edge after costs.; Failed check: stop loss logical.; Failed check: position size within limits.; Failed check: strong technical setup.; Failed check: news credibility acceptable.,,1000000.0,30.850000381469727,,45.0,61.0,53.59621325634374,,70.0,,,55.0,67.11677724745627,,,,,,No risk assessment available (entry/stop/target could not be computed).,BEAR_LOW_VOL,30.0,
2026-09-10 14:38:34.005704+00:00,CENTRUM.NS,NO TRADE,False,43.41904569097396,NO TRADE,DOWN,DEGRADED,No risk assessment available (entry/stop/target could not be computed).; Failed check: signal is directional.; Failed check: confidence sufficient.; Failed check: risk reward sufficient.; Failed check: expected value positive.; Failed check: positive edge after costs.; Failed check: stop loss logical.; Failed check: position size within limits.; Failed check: strong technical setup.; Failed check: market conditions acceptable.; Failed check: news credibility acceptable.,,1000000.0,21.90999984741211,,35.0,46.0,35.203599242813226,,40.0,,,40.0,78.6611620605207,,,,,,No risk assessment available (entry/stop/target could not be computed).,BEAR_LOW_VOL,55.0,
2026-09-10 14:38:35.395976+00:00,CENTUM.NS,NO TRADE,False,60.81527805838224,WATCH,NONE,DEGRADED,No risk assessment available (entry/stop/target could not be computed).; Failed check: signal is directional.; Failed check: confidence sufficient.; Failed check: risk reward sufficient.; Failed check: expected value positive.; Failed check: positive edge after costs.; Failed check: stop loss logical.; Failed check: position size within limits.; Failed check: strong technical setup.; Failed check: news credibility acceptable.,,1000000.0,4210.39990234375,,53.333333333333336,51.0,70.0,,60.0,,,55.0,79.3277821874939,,,,,,No risk assessment available (entry/stop/target could not be computed).,BULL_HIGH_VOL,20.0,
2026-09-10 14:38:37.863416+00:00,CENTURYPLY.NS,NO TRADE,False,42.62770312014497,NO TRADE,UP,DEGRADED,No risk assessment available (entry/stop/target could not be computed).; Failed check: signal is directional.; Failed check: confidence sufficient.; Failed check: ai signals aligned.; Failed check: risk reward sufficient.; Failed check: expected value positive.; Failed check: positive edge after costs.; Failed check: stop loss logical.; Failed check: position size within limits.; Failed check: sufficient liquidity.; Failed check: strong technical setup.; Failed check: news credibility acceptable.,,1000000.0,734.0499877929688,,28.333333333333332,78.0,49.52564494030369,,40.0,,,10.0,70.98790680039339,,,,,,No risk assessment available (entry/stop/target could not be computed).,SIDEWAYS_LOW_VOL,30.0,
2026-09-10 14:38:38.190746+00:00,CENTURYTEX.NS,NO TRADE,False,0.0,NO TRADE,NONE,INVALID,"Data Quality [CENTURYTEX.NS] as of 2026-09-10T14:38:38.190638+00:00: INVALID (score=0.00, threshold=0.70)
  [CRITICAL] provider_unavailable: No data returned for CENTURYTEX.NS (2y/1d)",,1000000.0,,,,,,,,,,,,,,,,,"Data Quality [CENTURYTEX.NS] as of 2026-09-10T14:38:38.190638+00:00: INVALID (score=0.00, threshold=0.70)
  [CRITICAL] provider_unavailable: No data returned for CENTURYTEX.NS (2y/1d)",UNKNOWN,,
2026-09-10 14:38:39.556832+00:00,CERA.NS,NO TRADE,False,48.77350607791696,NO TRADE,UP,DEGRADED,No risk assessment available (entry/stop/target could not be computed).; Failed check: signal is directional.; Failed check: confidence sufficient.; Failed check: risk reward sufficient.; Failed check: expected value positive.; Failed check: positive edge after costs.; Failed check: stop loss logical.; Failed check: position size within limits.; Failed check: sufficient liquidity.; Failed check: strong technical setup.; Failed check: news credibility acceptable.,,1000000.0,5614.0,,45.0,63.0,46.77659964602496,,60.0,,,25.0,71.73756242825579,,,,,,No risk assessment available (entry/stop/target could not be computed).,BEAR_LOW_VOL,20.0,
2026-09-10 14:38:40.772827+00:00,CEREBRAINT.NS,NO TRADE,False,61.268947386845916,WATCH,UP,DEGRADED,No risk assessment available (entry/stop/target could not be computed).; Failed check: signal is directional.; Failed check: confidence sufficient.; Failed check: risk reward sufficient.; Failed check: expected value positive.; Failed check: positive edge after costs.; Failed check: stop loss logical.; Failed check: position size within limits.; Failed check: strong technical setup.; Failed check: news credibility acceptable.,,1000000.0,2.859999895095825,,56.666666666666664,57.0,69.14232067093333,,70.0,,,55.0,69.95510920363832,,,,,,No risk assessment available (entry/stop/target could not be computed).,BEAR_HIGH_VOL,20.0,
2026-09-10 14:38:42.171144+00:00,CESC.NS,NO TRADE,False,47.0058794269606,NO TRADE,NONE,DEGRADED,No risk assessment available (entry/stop/target could not be computed).; Failed check: signal is directional.; Failed check: confidence sufficient.; Failed check: risk reward sufficient.; Failed check: expected value positive.; Failed check: positive edge after costs.; Failed check: stop loss logical.; Failed check: position size within limits.; Failed check: strong technical setup.; Failed check: market conditions acceptable.; Failed check: news credibility acceptable.,,1000000.0,147.75,,35.0,62.0,36.359824736496634,,40.0,,,55.0,73.10825469911006,,,,,,No risk assessment available (entry/stop/target could not be computed).,BEAR_LOW_VOL,42.0,
2026-09-10 14:38:42.619767+00:00,CESCVENT.NS,NO TRADE,False,0.0,NO TRADE,NONE,INVALID,"Data Quality [CESCVENT.NS] as of 2026-09-10T14:38:42.619668+00:00: INVALID (score=0.00, threshold=0.70)
  [CRITICAL] provider_unavailable: No data returned for CESCVENT.NS (2y/1d)",,1000000.0,,,,,,,,,,,,,,,,,"Data Quality [CESCVENT.NS] as of 2026-09-10T14:38:42.619668+00:00: INVALID (score=0.00, threshold=0.70)
  [CRITICAL] provider_unavailable: No data returned for CESCVENT.NS (2y/1d)",UNKNOWN,,
2026-09-10 14:38:43.920701+00:00,CGCL.NS,NO TRADE,False,72.7809731322517,MODERATE,UP,DEGRADED,Failed check: news credibility acceptable.,,1000000.0,273.95001220703125,3637,71.66666666666667,76.0,70.0,,70.0,,,70.0,79.99933225410409,,3.1250000000000004,7535.959982068203,416.34922855224613,447,Failed check: news credibility acceptable.,BULL_HIGH_VOL,55.0,
2026-09-10 14:38:45.361236+00:00,CGPOWER.NS,NO TRADE,False,67.56043593486822,WATCH,UP,DEGRADED,No risk assessment available (entry/stop/target could not be computed).; Failed check: signal is directional.; Failed check: confidence sufficient.; Failed check: risk reward sufficient.; Failed check: expected value positive.; Failed check: positive edge after costs.; Failed check: stop loss logical.; Failed check: position size within limits.; Failed check: news credibility acceptable.,,1000000.0,914.5499877929688,,68.33333333333333,66.0,62.77269405016585,,70.0,,,70.0,71.60651349657702,,,,,,No risk assessment available (entry/stop/target could not be computed).,SIDEWAYS_LOW_VOL,20.0,
2026-09-10 14:38:46.841112+00:00,CHALET.NS,NO TRADE,False,57.62681724355643,NO TRADE,NONE,DEGRADED,No risk assessment available (entry/stop/target could not be computed).; Failed check: signal is directional.; Failed check: confidence sufficient.; Failed check: risk reward sufficient.; Failed check: expected value positive.; Failed check: positive edge after costs.; Failed check: stop loss logical.; Failed check: position size within limits.; Failed check: strong technical setup.; Failed check: news credibility acceptable.,,1000000.0,875.5499877929688,,46.666666666666664,52.0,69.86710862691241,,50.0,,,55.0,73.70572819448903,,,,,,No risk assessment available (entry/stop/target could not be computed).,BULL_LOW_VOL,45.0,
2026-09-10 14:38:48.167639+00:00,CHAMBLFERT.NS,NO TRADE,False,50.82646920367488,NO TRADE,UP,DEGRADED,No risk assessment available (entry/stop/target could not be computed).; Failed check: signal is directional.; Failed check: confidence sufficient.; Failed check: risk reward sufficient.; Failed check: expected value positive.; Failed check: positive edge after costs.; Failed check: stop loss logical.; Failed check: position size within limits.; Failed check: strong technical setup.; Failed check: news credibility acceptable.,,1000000.0,418.0,,48.333333333333336,60.0,45.76330302619951,,60.0,,,40.0,68.84224212266055,,,,,,No risk assessment available (entry/stop/target could not be computed).,BEAR_LOW_VOL,20.0,
2026-09-10 14:38:50.487300+00:00,CHEMBOND.NS,NO TRADE,False,56.61122502984697,NO TRADE,UP,DEGRADED,No risk assessment available (entry/stop/target could not be computed).; Failed check: signal is directional.; Failed check: confidence sufficient.; Failed check: ai signals aligned.; Failed check: risk reward sufficient.; Failed check: expected value positive.; Failed check: positive edge after costs.; Failed check: stop loss logical.; Failed check: position size within limits.; Failed check: sufficient liquidity.; Failed check: strong technical setup.; Failed check: news credibility acceptable.,,1000000.0,225.82000732421875,,45.0,90.0,70.0,,45.0,,,25.0,69.64039494494251,,,,,,No risk assessment available (entry/stop/target could not be computed).,BULL_HIGH_VOL,20.0,
2026-09-10 14:38:51.795107+00:00,CHEMCON.NS,NO TRADE,False,68.14932664291987,WATCH,UP,DEGRADED,No risk assessment available (entry/stop/target could not be computed).; Failed check: signal is directional.; Failed check: confidence sufficient.; Failed check: risk reward sufficient.; Failed check: expected value positive.; Failed check: positive edge after costs.; Failed check: stop loss logical.; Failed check: position size within limits.; Failed check: sufficient liquidity.; Failed check: news credibility acceptable.,,1000000.0,213.61000061035156,,68.33333333333333,86.0,70.0,,60.0,,,40.0,77.27831800097127,,,,,,No risk assessment available (entry/stop/target could not be computed).,BULL_LOW_VOL,20.0,
2026-09-10 14:38:53.120030+00:00,CHEMFAB.NS,NO TRADE,False,54.85842502248353,NO TRADE,UP,DEGRADED,No risk assessment available (entry/stop/target could not be computed).; Failed check: signal is directional.; Failed check: confidence sufficient.; Failed check: risk reward sufficient.; Failed check: expected value positive.; Failed check: positive edge after costs.; Failed check: stop loss logical.; Failed check: position size within limits.; Failed check: sufficient liquidity.; Failed check: strong technical setup.; Failed check: news credibility acceptable.,,1000000.0,384.5,,53.333333333333336,59.0,61.29631004255208,,70.0,,,25.0,75.6714868105117,,,,,,No risk assessment available (entry/stop/target could not be computed).,BULL_HIGH_VOL,20.0,
2026-09-10 14:38:54.568659+00:00,CHENNPETRO.NS,NO TRADE,False,68.83922394178366,WATCH,UP,DEGRADED,No risk assessment available (entry/stop/target could not be computed).; Failed check: signal is directional.; Failed check: confidence sufficient.; Failed check: risk reward sufficient.; Failed check: expected value positive.; Failed check: positive edge after costs.; Failed check: stop loss logical.; Failed check: position size within limits.; Failed check: news credibility acceptable.,,1000000.0,1626.4000244140625,,60.0,80.0,70.0,,45.0,,,70.0,79.7546330697808,,,,,,No risk assessment available (entry/stop/target could not be computed).,BULL_HIGH_VOL,20.0,
2026-09-10 14:38:55.891223+00:00,CHOLAFIN.NS,NO TRADE,False,54.285556116222466,NO TRADE,UP,DEGRADED,No risk assessment available (entry/stop/target could not be computed).; Failed check: signal is directional.; Failed check: confidence sufficient.; Failed check: risk reward sufficient.; Failed check: expected value positive.; Failed check: positive edge after costs.; Failed check: stop loss logical.; Failed check: position size within limits.; Failed check: strong technical setup.; Failed check: news credibility acceptable.,,1000000.0,1859.0,,46.666666666666664,64.0,50.1428042544791,,50.0,,,55.0,71.1469720640647,,,,,,No risk assessment available (entry/stop/target could not be computed).,SIDEWAYS_LOW_VOL,55.0,
2026-09-10 14:38:57.263491+00:00,CHOLAHLDNG.NS,NO TRADE,False,55.785957757326784,NO TRADE,UP,DEGRADED,No risk assessment available (entry/stop/target could not be computed).; Failed check: signal is directional.; Failed check: confidence sufficient.; Failed check: risk reward sufficient.; Failed check: expected value positive.; Failed check: positive edge after costs.; Failed check: stop loss logical.; Failed check: position size within limits.; Failed check: strong technical setup.; Failed check: news credibility acceptable.,,1000000.0,1532.0,,51.666666666666664,76.0,50.6393851339155,,70.0,,,40.0,73.10933052378626,,,,,,No risk assessment available (entry/stop/target could not be computed).,BEAR_LOW_VOL,55.0,
2026-09-10 14:38:57.454568+00:00,CIGNITITEC.NS,NO TRADE,False,0.0,NO TRADE,NONE,INVALID,"Technical analysis could not run: CIGNITITEC.NS: need at least 20 bars for technical analysis, got 1",,1000000.0,,,,,,,,,,,,,,,,,"Technical analysis could not run: CIGNITITEC.NS: need at least 20 bars for technical analysis, got 1",UNKNOWN,,
2026-09-10 14:38:58.668442+00:00,CINELINE.NS,NO TRADE,False,66.90785079231206,WATCH,UP,DEGRADED,No risk assessment available (entry/stop/target could not be computed).; Failed check: signal is directional.; Failed check: confidence sufficient.; Failed check: risk reward sufficient.; Failed check: expected value positive.; Failed check: positive edge after costs.; Failed check: stop loss logical.; Failed check: position size within limits.; Failed check: sufficient liquidity.; Failed check: news credibility acceptable.,,1000000.0,93.58000183105469,,71.66666666666667,72.0,65.7324023200249,,70.0,,,40.0,79.67644570804487,,,,,,No risk assessment available (entry/stop/target could not be computed).,BULL_LOW_VOL,30.0,
2026-09-10 14:38:59.902420+00:00,CINEVISTA.NS,NO TRADE,False,52.32837449013091,NO TRADE,UP,DEGRADED,No risk assessment available (entry/stop/target could not be computed).; Failed check: signal is directional.; Failed check: confidence sufficient.; Failed check: ai signals aligned.; Failed check: risk reward sufficient.; Failed check: expected value positive.; Failed check: positive edge after costs.; Failed check: stop loss logical.; Failed check: position size within limits.; Failed check: sufficient liquidity.; Failed check: strong technical setup.; Failed check: news credibility acceptable.,,1000000.0,14.359999656677246,,45.0,84.0,51.082652428103856,,60.0,,,25.0,75.65236579506808,,,,,,No risk assessment available (entry/stop/target could not be computed).,BEAR_LOW_VOL,20.0,
2026-09-10 14:39:01.492604+00:00,CIPLA.NS,NO TRADE,False,46.023762001451615,NO TRADE,NONE,DEGRADED,No risk assessment available (entry/stop/target could not be computed).; Failed check: signal is directional.; Failed check: confidence sufficient.; Failed check: risk reward sufficient.; Failed check: expected value positive.; Failed check: positive edge after costs.; Failed check: stop loss logical.; Failed check: position size within limits.; Failed check: strong technical setup.; Failed check: news credibility acceptable.,,1000000.0,1373.300048828125,,35.0,61.0,45.5685174660782,,40.0,,,40.0,67.38030277102828,,,,,,No risk assessment available (entry/stop/target could not be computed).,BEAR_LOW_VOL,35.0,
2026-09-10 14:39:03.693983+00:00,CLEDUCATE.NS,NO TRADE,False,49.546152074426075,NO TRADE,DOWN,DEGRADED,No risk assessment available (entry/stop/target could not be computed).; Failed check: signal is directional.; Failed check: confidence sufficient.; Failed check: risk reward sufficient.; Failed check: expected value positive.; Failed check: positive edge after costs.; Failed check: stop loss logical.; Failed check: position size within limits.; Failed check: sufficient liquidity.; Failed check: strong technical setup.; Failed check: news credibility acceptable.,,1000000.0,59.97999954223633,,46.666666666666664,41.0,57.65794521282286,,50.0,,,25.0,74.54550080355264,,,,,,No risk assessment available (entry/stop/target could not be computed).,BULL_LOW_VOL,42.0,
2026-09-10 14:39:04.001119+00:00,CLNINDIA.NS,NO TRADE,False,0.0,NO TRADE,NONE,INVALID,"Data Quality [CLNINDIA.NS] as of 2026-09-10T14:39:04.001019+00:00: INVALID (score=0.00, threshold=0.70)
  [CRITICAL] provider_unavailable: No data returned for CLNINDIA.NS (2y/1d)",,1000000.0,,,,,,,,,,,,,,,,,"Data Quality [CLNINDIA.NS] as of 2026-09-10T14:39:04.001019+00:00: INVALID (score=0.00, threshold=0.70)
  [CRITICAL] provider_unavailable: No data returned for CLNINDIA.NS (2y/1d)",UNKNOWN,,
2026-09-10 14:39:05.575099+00:00,COALINDIA.NS,NO TRADE,False,61.878502229739745,WATCH,UP,DEGRADED,No risk assessment available (entry/stop/target could not be computed).; Failed check: signal is directional.; Failed check: confidence sufficient.; Failed check: risk reward sufficient.; Failed check: expected value positive.; Failed check: positive edge after costs.; Failed check: stop loss logical.; Failed check: position size within limits.; Failed check: strong technical setup.; Failed check: news credibility acceptable.,,1000000.0,432.0,,50.0,84.0,69.52334376680078,,60.0,,,55.0,68.53663897393537,,,,,,No risk assessment available (entry/stop/target could not be computed).,SIDEWAYS_LOW_VOL,20.0,
2026-09-10 14:39:06.746703+00:00,COCHINSHIP.NS,NO TRADE,False,64.68283516102747,WATCH,UP,DEGRADED,No risk assessment available (entry/stop/target could not be computed).; Failed check: signal is directional.; Failed check: confidence sufficient.; Failed check: risk reward sufficient.; Failed check: expected value positive.; Failed check: positive edge after costs.; Failed check: stop loss logical.; Failed check: position size within limits.; Failed check: news credibility acceptable.,,1000000.0,1520.4000244140625,,65.0,57.0,60.48460320644982,,70.0,,,70.0,71.45860541611111,,,,,,No risk assessment available (entry/stop/target could not be computed).,SIDEWAYS_LOW_VOL,20.0,
2026-09-10 14:39:08.402242+00:00,COFORGE.NS,NO TRADE,False,58.74545561758451,NO TRADE,UP,DEGRADED,No risk assessment available (entry/stop/target could not be computed).; Failed check: signal is directional.; Failed check: confidence sufficient.; Failed check: risk reward sufficient.; Failed check: expected value positive.; Failed check: positive edge after costs.; Failed check: stop loss logical.; Failed check: position size within limits.; Failed check: strong technical setup.; Failed check: news credibility acceptable.,,1000000.0,1833.0999755859375,,46.666666666666664,78.0,59.61939595878613,,50.0,,,55.0,74.81959263732651,,,,,,No risk assessment available (entry/stop/target could not be computed).,BULL_HIGH_VOL,20.0,
2026-09-10 14:39:09.834487+00:00,COLPAL.NS,NO TRADE,False,47.197596869740934,NO TRADE,UP,DEGRADED,No risk assessment available (entry/stop/target could not be computed).; Failed check: signal is directional.; Failed check: confidence sufficient.; Failed check: risk reward sufficient.; Failed check: expected value positive.; Failed check: positive edge after costs.; Failed check: stop loss logical.; Failed check: position size within limits.; Failed check: strong technical setup.; Failed check: market conditions acceptable.; Failed check: news credibility acceptable.,,1000000.0,1808.5,,38.333333333333336,68.0,39.87503358713056,,40.0,,,40.0,69.40851158395932,,,,,,No risk assessment available (entry/stop/target could not be computed).,BEAR_LOW_VOL,20.0,
2026-09-10 14:39:11.498228+00:00,COMPINFO.NS,NO TRADE,False,0.0,NO TRADE,NONE,INVALID,"Data quality gate failed for COMPINFO.NS: status=INVALID, score=0.75 (min required 0.70). [CRITICAL] zero_volume: 118 bar(s) (23.7%) with volume below 1.; [INFO] holiday_mismatch: 1 bar(s) fall on a date the configured calendar marks as a non-trading day. Not scored as an error: this system's built-in NSE holiday list only covers fixed-date national holidays (see data/market_calendar.py) and is deliberately incomplete for variable-date holidays -- this may just mean the calendar doesn't know about a legitimate special session or holiday.; Forced NO TRADE: this system never trades on data it cannot vouch for, regardless of what any other signal would have said.",,1000000.0,1.0800000429153442,,,,,,70.0,,,,,,,,,,"Data quality gate failed for COMPINFO.NS: status=INVALID, score=0.75 (min required 0.70). [CRITICAL] zero_volume: 118 bar(s) (23.7%) with volume below 1.; [INFO] holiday_mismatch: 1 bar(s) fall on a date the configured calendar marks as a non-trading day. Not scored as an error: this system's built-in NSE holiday list only covers fixed-date national holidays (see data/market_calendar.py) and is deliberately incomplete for variable-date holidays -- this may just mean the calendar doesn't know about a legitimate special session or holiday.",BEAR_HIGH_VOL,,
2026-09-10 14:39:12.976541+00:00,CONCOR.NS,NO TRADE,False,54.42639363838766,NO TRADE,UP,DEGRADED,No risk assessment available (entry/stop/target could not be computed).; Failed check: signal is directional.; Failed check: confidence sufficient.; Failed check: risk reward sufficient.; Failed check: expected value positive.; Failed check: positive edge after costs.; Failed check: stop loss logical.; Failed check: position size within limits.; Failed check: strong technical setup.; Failed check: news credibility acceptable.,,1000000.0,504.1499938964844,,46.666666666666664,66.0,48.61875125965629,,50.0,,,55.0,71.04010151668746,,,,,,No risk assessment available (entry/stop/target could not be computed).,BULL_LOW_VOL,20.0,
2026-09-10 14:39:14.507137+00:00,CONFIPET.NS,NO TRADE,False,73.80606727338277,MODERATE,UP,DEGRADED,Failed check: news credibility acceptable.,,1000000.0,88.0,11325,71.66666666666667,90.0,70.0,,70.0,,,70.0,75.31885298256584,,3.125000000000003,7625.500017868957,339.592,1135,Failed check: news credibility acceptable.,BULL_HIGH_VOL,20.0,
2026-09-10 14:39:15.813222+00:00,CONSOFINVT.NS,NO TRADE,False,67.1637733316544,WATCH,UP,DEGRADED,No risk assessment available (entry/stop/target could not be computed).; Failed check: signal is directional.; Failed check: confidence sufficient.; Failed check: risk reward sufficient.; Failed check: expected value positive.; Failed check: positive edge after costs.; Failed check: stop loss logical.; Failed check: position size within limits.; Failed check: sufficient liquidity.; Failed check: news credibility acceptable.,,1000000.0,303.5,,71.66666666666667,66.0,70.0,,70.0,,,40.0,79.64988395263504,,,,,,No risk assessment available (entry/stop/target could not be computed).,BULL_HIGH_VOL,30.0,
2026-09-10 14:39:18.081589+00:00,CONTROLPR.NS,NO TRADE,False,45.58686345110385,NO TRADE,NONE,DEGRADED,No risk assessment available (entry/stop/target could not be computed).; Failed check: signal is directional.; Failed check: confidence sufficient.; Failed check: risk reward sufficient.; Failed check: expected value positive.; Failed check: positive edge after costs.; Failed check: stop loss logical.; Failed check: position size within limits.; Failed check: sufficient liquidity.; Failed check: strong technical setup.; Failed check: news credibility acceptable.,,1000000.0,573.1500244140625,,35.0,65.0,57.6051466831853,,40.0,,,10.0,74.32659887756942,,,,,,No risk assessment available (entry/stop/target could not be computed).,BEAR_LOW_VOL,35.0,
2026-09-10 14:39:19.227656+00:00,CORALFINAC.NS,NO TRADE,False,54.776488148823404,NO TRADE,NONE,DEGRADED,No risk assessment available (entry/stop/target could not be computed).; Failed check: signal is directional.; Failed check: confidence sufficient.; Failed check: risk reward sufficient.; Failed check: expected value positive.; Failed check: positive edge after costs.; Failed check: stop loss logical.; Failed check: position size within limits.; Failed check: strong technical setup.; Failed check: news credibility acceptable.,,1000000.0,32.880001068115234,,46.666666666666664,56.0,55.48216668260801,,50.0,,,55.0,72.97495218384331,,,,,,No risk assessment available (entry/stop/target could not be computed).,SIDEWAYS_LOW_VOL,30.0,
2026-09-10 14:39:20.403711+00:00,CORDSCABLE.NS,NO TRADE,False,68.22549502112801,WATCH,UP,DEGRADED,No risk assessment available (entry/stop/target could not be computed).; Failed check: signal is directional.; Failed check: confidence sufficient.; Failed check: risk reward sufficient.; Failed check: expected value positive.; Failed check: positive edge after costs.; Failed check: stop loss logical.; Failed check: position size within limits.; Failed check: news credibility acceptable.,,1000000.0,363.70001220703125,,63.333333333333336,80.0,70.0,,45.0,,,70.0,66.17350034647686,,,,,,No risk assessment available (entry/stop/target could not be computed).,BULL_HIGH_VOL,30.0,
2026-09-10 14:39:21.940069+00:00,COROMANDEL.NS,NO TRADE,False,52.448805943338044,NO TRADE,UP,DEGRADED,No risk assessment available (entry/stop/target could not be computed).; Failed check: signal is directional.; Failed check: confidence sufficient.; Failed check: risk reward sufficient.; Failed check: expected value positive.; Failed check: positive edge after costs.; Failed check: stop loss logical.; Failed check: position size within limits.; Failed check: strong technical setup.; Failed check: news credibility acceptable.,,1000000.0,1961.9000244140625,,45.0,63.0,44.55721814388895,,70.0,,,55.0,70.53851274955022,,,,,,No risk assessment available (entry/stop/target could not be computed).,SIDEWAYS_LOW_VOL,35.0,
2026-09-10 14:39:22.297310+00:00,COSMOFILMS.NS,NO TRADE,False,0.0,NO TRADE,NONE,INVALID,"Data Quality [COSMOFILMS.NS] as of 2026-09-10T14:39:22.297217+00:00: INVALID (score=0.00, threshold=0.70)
  [CRITICAL] provider_unavailable: No data returned for COSMOFILMS.NS (2y/1d)",,1000000.0,,,,,,,,,,,,,,,,,"Data Quality [COSMOFILMS.NS] as of 2026-09-10T14:39:22.297217+00:00: INVALID (score=0.00, threshold=0.70)
  [CRITICAL] provider_unavailable: No data returned for COSMOFILMS.NS (2y/1d)",UNKNOWN,,
2026-09-10 14:39:22.645983+00:00,CREATIVE.NS,NO TRADE,False,0.0,NO TRADE,NONE,INVALID,"Data Quality [CREATIVE.NS] as of 2026-09-10T14:39:22.645880+00:00: INVALID (score=0.00, threshold=0.70)
  [CRITICAL] provider_unavailable: No data returned for CREATIVE.NS (2y/1d)",,1000000.0,,,,,,,,,,,,,,,,,"Data Quality [CREATIVE.NS] as of 2026-09-10T14:39:22.645880+00:00: INVALID (score=0.00, threshold=0.70)
  [CRITICAL] provider_unavailable: No data returned for CREATIVE.NS (2y/1d)",UNKNOWN,,
2026-09-10 14:39:23.902400+00:00,CREATIVEYE.NS,NO TRADE,False,43.6469712904879,NO TRADE,NONE,DEGRADED,No risk assessment available (entry/stop/target could not be computed).; Failed check: signal is directional.; Failed check: confidence sufficient.; Failed check: risk reward sufficient.; Failed check: expected value positive.; Failed check: positive edge after costs.; Failed check: stop loss logical.; Failed check: position size within limits.; Failed check: sufficient liquidity.; Failed check: strong technical setup.; Failed check: news credibility acceptable.,,1000000.0,5.78000020980835,,38.333333333333336,62.0,56.96154111507559,,50.0,,,10.0,60.08066013782164,,,,,,No risk assessment available (entry/stop/target could not be computed).,SIDEWAYS_LOW_VOL,20.0,
2026-09-10 14:39:25.254590+00:00,CREDITACC.NS,NO TRADE,False,50.75581173843614,NO TRADE,UP,DEGRADED,No risk assessment available (entry/stop/target could not be computed).; Failed check: signal is directional.; Failed check: confidence sufficient.; Failed check: ai signals aligned.; Failed check: risk reward sufficient.; Failed check: expected value positive.; Failed check: positive edge after costs.; Failed check: stop loss logical.; Failed check: position size within limits.; Failed check: strong technical setup.; Failed check: market conditions acceptable.; Failed check: news credibility acceptable.,,1000000.0,1395.0,,35.0,84.0,39.24067858861071,,40.0,,,55.0,74.45252161327863,,,,,,No risk assessment available (entry/stop/target could not be computed).,BEAR_LOW_VOL,55.0,
2026-09-10 14:39:26.924098+00:00,CREST.NS,NO TRADE,False,46.675770405508445,NO TRADE,DOWN,DEGRADED,No risk assessment available (entry/stop/target could not be computed).; Failed check: signal is directional.; Failed check: confidence sufficient.; Failed check: risk reward sufficient.; Failed check: expected value positive.; Failed check: positive edge after costs.; Failed check: stop loss logical.; Failed check: position size within limits.; Failed check: sufficient liquidity.; Failed check: strong technical setup.; Failed check: news credibility acceptable.,,1000000.0,357.3999938964844,,35.0,56.0,53.6371392409827,,40.0,,,25.0,79.95166917441665,,,,,,No risk assessment available (entry/stop/target could not be computed).,BEAR_LOW_VOL,35.0,
2026-09-10 14:39:28.499030+00:00,CRISIL.NS,NO TRADE,False,61.369929359356476,WATCH,UP,DEGRADED,No risk assessment available (entry/stop/target could not be computed).; Failed check: signal is directional.; Failed check: confidence sufficient.; Failed check: risk reward sufficient.; Failed check: expected value positive.; Failed check: positive edge after costs.; Failed check: stop loss logical.; Failed check: position size within limits.; Failed check: sufficient liquidity.; Failed check: news credibility acceptable.,,1000000.0,4721.7001953125,,61.666666666666664,,68.27375959712023,,50.0,,,40.0,71.64227009379184,,,,,,No risk assessment available (entry/stop/target could not be computed).,BULL_LOW_VOL,,
2026-09-10 14:39:30.999916+00:00,CROMPTON.NS,NO TRADE,False,48.43560937852606,NO TRADE,UP,DEGRADED,No risk assessment available (entry/stop/target could not be computed).; Failed check: signal is directional.; Failed check: confidence sufficient.; Failed check: risk reward sufficient.; Failed check: expected value positive.; Failed check: positive edge after costs.; Failed check: stop loss logical.; Failed check: position size within limits.; Failed check: strong technical setup.; Failed check: news credibility acceptable.,,1000000.0,230.0,,38.333333333333336,70.0,42.66223584769892,,40.0,,,40.0,73.93178634285324,,,,,,No risk assessment available (entry/stop/target could not be computed).,BEAR_LOW_VOL,20.0,
2026-09-10 14:39:32.375510+00:00,CSBBANK.NS,NO TRADE,False,50.266922486786775,NO TRADE,UP,DEGRADED,No risk assessment available (entry/stop/target could not be computed).; Failed check: signal is directional.; Failed check: confidence sufficient.; Failed check: ai signals aligned.; Failed check: risk reward sufficient.; Failed check: expected value positive.; Failed check: positive edge after costs.; Failed check: stop loss logical.; Failed check: position size within limits.; Failed check: strong technical setup.; Failed check: news credibility acceptable.,,1000000.0,307.79998779296875,,35.0,86.0,47.31365012487683,,40.0,,,40.0,76.921238434008,,,,,,No risk assessment available (entry/stop/target could not be computed).,BEAR_LOW_VOL,30.0,
2026-09-10 14:39:33.592248+00:00,CTE.NS,NO TRADE,False,54.65922880563653,NO TRADE,UP,DEGRADED,No risk assessment available (entry/stop/target could not be computed).; Failed check: signal is directional.; Failed check: confidence sufficient.; Failed check: risk reward sufficient.; Failed check: expected value positive.; Failed check: positive edge after costs.; Failed check: stop loss logical.; Failed check: position size within limits.; Failed check: sufficient liquidity.; Failed check: strong technical setup.; Failed check: news credibility acceptable.,,1000000.0,42.2400016784668,,46.666666666666664,67.0,70.0,,50.0,,,25.0,70.89049065792751,,,,,,No risk assessment available (entry/stop/target could not be computed).,BULL_HIGH_VOL,42.0,
2026-09-10 14:39:35.197261+00:00,CUB.NS,NO TRADE,False,73.53517666370178,MODERATE,UP,DEGRADED,Failed check: news credibility acceptable.,,1000000.0,226.3000030517578,4403,71.66666666666667,86.0,70.0,,70.0,,,70.0,77.90158181121363,,3.124999999999999,7505.42654221509,460.113166204834,598,Failed check: news credibility acceptable.,SIDEWAYS_HIGH_VOL,30.0,
2026-09-10 14:39:36.502473+00:00,CUMMINSIND.NS,NO TRADE,False,52.30191733269744,NO TRADE,UP,DEGRADED,No risk assessment available (entry/stop/target could not be computed).; Failed check: signal is directional.; Failed check: confidence sufficient.; Failed check: risk reward sufficient.; Failed check: expected value positive.; Failed check: positive edge after costs.; Failed check: stop loss logical.; Failed check: position size within limits.; Failed check: strong technical setup.; Failed check: news credibility acceptable.,,1000000.0,5155.0,,48.333333333333336,60.0,51.269784188207666,,60.0,,,40.0,70.27496549886509,,,,,,No risk assessment available (entry/stop/target could not be computed).,BEAR_LOW_VOL,20.0,
2026-09-10 14:39:37.818593+00:00,CUPID.NS,NO TRADE,False,55.18577389539446,NO TRADE,UP,DEGRADED,No risk assessment available (entry/stop/target could not be computed).; Failed check: signal is directional.; Failed check: confidence sufficient.; Failed check: risk reward sufficient.; Failed check: expected value positive.; Failed check: positive edge after costs.; Failed check: stop loss logical.; Failed check: position size within limits.; Failed check: strong technical setup.; Failed check: news credibility acceptable.,,1000000.0,277.45001220703125,,46.666666666666664,70.0,46.10905090231863,,50.0,,,55.0,79.69677446757828,,,,,,No risk assessment available (entry/stop/target could not be computed).,BULL_HIGH_VOL,20.0,
2026-09-10 14:39:39.161666+00:00,CYBERTECH.NS,NO TRADE,False,59.73897284229658,WATCH,UP,DEGRADED,No risk assessment available (entry/stop/target could not be computed).; Failed check: signal is directional.; Failed check: confidence sufficient.; Failed check: ai signals aligned.; Failed check: risk reward sufficient.; Failed check: expected value positive.; Failed check: positive edge after costs.; Failed check: stop loss logical.; Failed check: position size within limits.; Failed check: sufficient liquidity.; Failed check: strong technical setup.; Failed check: news credibility acceptable.,,1000000.0,140.77999877929688,,53.333333333333336,94.0,65.02252364346661,,70.0,,,25.0,73.57144737911374,,,,,,No risk assessment available (entry/stop/target could not be computed).,SIDEWAYS_LOW_VOL,20.0,
2026-09-10 14:39:40.628246+00:00,CYIENT.NS,NO TRADE,False,61.96668554616226,WATCH,UP,DEGRADED,No risk assessment available (entry/stop/target could not be computed).; Failed check: signal is directional.; Failed check: confidence sufficient.; Failed check: risk reward sufficient.; Failed check: expected value positive.; Failed check: positive edge after costs.; Failed check: stop loss logical.; Failed check: position size within limits.; Failed check: strong technical setup.; Failed check: news credibility acceptable.,,1000000.0,1076.4000244140625,,51.666666666666664,67.0,70.0,,50.0,,,55.0,77.9398549895813,,,,,,No risk assessment available (entry/stop/target could not be computed).,BULL_HIGH_VOL,35.0,
2026-09-10 14:39:40.925620+00:00,DAAWAT.NS,NO TRADE,False,0.0,NO TRADE,NONE,INVALID,"Data Quality [DAAWAT.NS] as of 2026-09-10T14:39:40.925491+00:00: INVALID (score=0.00, threshold=0.70)
  [CRITICAL] provider_unavailable: No data returned for DAAWAT.NS (2y/1d)",,1000000.0,,,,,,,,,,,,,,,,,"Data Quality [DAAWAT.NS] as of 2026-09-10T14:39:40.925491+00:00: INVALID (score=0.00, threshold=0.70)
  [CRITICAL] provider_unavailable: No data returned for DAAWAT.NS (2y/1d)",UNKNOWN,,
2026-09-10 14:39:42.497622+00:00,DABUR.NS,NO TRADE,False,49.40270125692431,NO TRADE,UP,DEGRADED,No risk assessment available (entry/stop/target could not be computed).; Failed check: signal is directional.; Failed check: confidence sufficient.; Failed check: ai signals aligned.; Failed check: risk reward sufficient.; Failed check: expected value positive.; Failed check: positive edge after costs.; Failed check: stop loss logical.; Failed check: position size within limits.; Failed check: strong technical setup.; Failed check: news credibility acceptable.,,1000000.0,376.45001220703125,,38.333333333333336,82.0,43.0770378670567,,40.0,,,40.0,67.73529884004175,,,,,,No risk assessment available (entry/stop/target could not be computed).,BEAR_LOW_VOL,20.0,
2026-09-10 14:39:44.801728+00:00,DALBHARAT.NS,NO TRADE,False,52.21518837017415,NO TRADE,NONE,DEGRADED,No risk assessment available (entry/stop/target could not be computed).; Failed check: signal is directional.; Failed check: confidence sufficient.; Failed check: risk reward sufficient.; Failed check: expected value positive.; Failed check: positive edge after costs.; Failed check: stop loss logical.; Failed check: position size within limits.; Failed check: strong technical setup.; Failed check: news credibility acceptable.,,1000000.0,1752.5,,43.333333333333336,57.0,47.55539606801624,,40.0,,,55.0,74.58696219664827,,,,,,No risk assessment available (entry/stop/target could not be computed).,SIDEWAYS_LOW_VOL,35.0,
2026-09-10 14:39:46.111035+00:00,DALMIASUG.NS,NO TRADE,False,56.421094277039444,NO TRADE,UP,DEGRADED,No risk assessment available (entry/stop/target could not be computed).; Failed check: signal is directional.; Failed check: confidence sufficient.; Failed check: risk reward sufficient.; Failed check: expected value positive.; Failed check: positive edge after costs.; Failed check: stop loss logical.; Failed check: position size within limits.; Failed check: strong technical setup.; Failed check: news credibility acceptable.,,1000000.0,431.5,,46.666666666666664,60.0,61.59919540459276,,50.0,,,55.0,71.85093178404225,,,,,,No risk assessment available (entry/stop/target could not be computed).,BULL_HIGH_VOL,45.0,
2026-09-10 14:39:47.430654+00:00,DAMODARIND.NS,NO TRADE,False,58.787830359907545,NO TRADE,UP,DEGRADED,No risk assessment available (entry/stop/target could not be computed).; Failed check: signal is directional.; Failed check: confidence sufficient.; Failed check: risk reward sufficient.; Failed check: expected value positive.; Failed check: positive edge after costs.; Failed check: stop loss logical.; Failed check: position size within limits.; Failed check: sufficient liquidity.; Failed check: strong technical setup.; Failed check: news credibility acceptable.,,1000000.0,29.489999771118164,,53.333333333333336,82.0,64.2378471460635,,70.0,,,25.0,78.59623961914495,,,,,,No risk assessment available (entry/stop/target could not be computed).,BEAR_LOW_VOL,42.0,
2026-09-10 14:39:48.565762+00:00,DANGEE.NS,NO TRADE,False,46.575892088756895,NO TRADE,NONE,DEGRADED,No risk assessment available (entry/stop/target could not be computed).; Failed check: signal is directional.; Failed check: confidence sufficient.; Failed check: risk reward sufficient.; Failed check: expected value positive.; Failed check: positive edge after costs.; Failed check: stop loss logical.; Failed check: position size within limits.; Failed check: sufficient liquidity.; Failed check: strong technical setup.; Failed check: news credibility acceptable.,,1000000.0,2.819999933242798,,45.0,56.0,52.44617796992315,,60.0,,,10.0,72.58693539096433,,,,,,No risk assessment available (entry/stop/target could not be computed).,BEAR_LOW_VOL,42.0,
2026-09-10 14:39:50.017888+00:00,DATAMATICS.NS,NO TRADE,False,46.254339028850914,NO TRADE,UP,DEGRADED,No risk assessment available (entry/stop/target could not be computed).; Failed check: signal is directional.; Failed check: confidence sufficient.; Failed check: ai signals aligned.; Failed check: risk reward sufficient.; Failed check: expected value positive.; Failed check: positive edge after costs.; Failed check: stop loss logical.; Failed check: position size within limits.; Failed check: sufficient liquidity.; Failed check: strong technical setup.; Failed check: market conditions acceptable.; Failed check: news credibility acceptable.,,1000000.0,780.4500122070312,,35.0,84.0,37.480959340037586,,40.0,,,25.0,75.4283103438004,,,,,,No risk assessment available (entry/stop/target could not be computed).,BEAR_LOW_VOL,20.0,
2026-09-10 14:39:51.353674+00:00,DBCORP.NS,NO TRADE,False,42.81602394045218,NO TRADE,UP,DEGRADED,No risk assessment available (entry/stop/target could not be computed).; Failed check: signal is directional.; Failed check: confidence sufficient.; Failed check: ai signals aligned.; Failed check: risk reward sufficient.; Failed check: expected value positive.; Failed check: positive edge after costs.; Failed check: stop loss logical.; Failed check: position size within limits.; Failed check: sufficient liquidity.; Failed check: strong technical setup.; Failed check: market conditions acceptable.; Failed check: news credibility acceptable.,,1000000.0,189.6699981689453,,33.333333333333336,84.0,37.15771945690602,,25.0,,,10.0,71.40964496321037,,,,,,No risk assessment available (entry/stop/target could not be computed).,SIDEWAYS_LOW_VOL,20.0,
2026-09-10 14:39:52.869379+00:00,DBL.NS,NO TRADE,False,51.82553099862059,NO TRADE,DOWN,DEGRADED,No risk assessment available (entry/stop/target could not be computed).; Failed check: signal is directional.; Failed check: confidence sufficient.; Failed check: risk reward sufficient.; Failed check: expected value positive.; Failed check: positive edge after costs.; Failed check: stop loss logical.; Failed check: position size within limits.; Failed check: strong technical setup.; Failed check: news credibility acceptable.,,1000000.0,407.75,,38.333333333333336,56.0,54.31875093415917,,50.0,,,55.0,75.60334700262901,,,,,,No risk assessment available (entry/stop/target could not be computed).,BEAR_LOW_VOL,57.0,
2026-09-10 14:39:53.995012+00:00,DBSTOCKBRO.NS,NO TRADE,False,35.718509529138636,NO TRADE,DOWN,DEGRADED,No risk assessment available (entry/stop/target could not be computed).; Failed check: signal is directional.; Failed check: confidence sufficient.; Failed check: risk reward sufficient.; Failed check: expected value positive.; Failed check: positive edge after costs.; Failed check: stop loss logical.; Failed check: position size within limits.; Failed check: sufficient liquidity.; Failed check: strong technical setup.; Failed check: market conditions acceptable.; Failed check: news credibility acceptable.,,1000000.0,28.0,,35.0,,30.0,,40.0,,,10.0,71.81105717483177,,,,,,No risk assessment available (entry/stop/target could not be computed).,BEAR_HIGH_VOL,,
2026-09-10 14:39:55.369504+00:00,DCAL.NS,NO TRADE,False,45.2127163399292,NO TRADE,DOWN,DEGRADED,No risk assessment available (entry/stop/target could not be computed).; Failed check: signal is directional.; Failed check: confidence sufficient.; Failed check: risk reward sufficient.; Failed check: expected value positive.; Failed check: positive edge after costs.; Failed check: stop loss logical.; Failed check: position size within limits.; Failed check: strong technical setup.; Failed check: market conditions acceptable.; Failed check: news credibility acceptable.,,1000000.0,167.49000549316406,,31.666666666666668,57.0,32.985437087827066,,40.0,,,55.0,79.1076530747295,,,,,,No risk assessment available (entry/stop/target could not be computed).,BEAR_HIGH_VOL,20.0,
2026-09-10 14:39:56.751414+00:00,DCBBANK.NS,NO TRADE,False,71.92487484024976,MODERATE,UP,DEGRADED,Failed check: news credibility acceptable.,,1000000.0,227.1300048828125,4387,68.33333333333333,86.0,70.0,,60.0,,,70.0,75.39196543919407,,3.124999999999995,7430.988006474545,530.5302654052734,687,Failed check: news credibility acceptable.,BULL_HIGH_VOL,30.0,
2026-09-10 14:39:58.859498+00:00,DCMFINSERV.NS,NO TRADE,False,0.0,NO TRADE,NONE,INVALID,"Data quality gate failed for DCMFINSERV.NS: status=INVALID, score=0.60 (min required 0.70). [CRITICAL] invalid_ohlc: 1 bar(s) with an invalid OHLC relationship (e.g. High < Low, non-positive price) or NaN price.; [WARNING] zero_volume: 3 bar(s) (0.6%) with volume below 1.; [INFO] holiday_mismatch: 1 bar(s) fall on a date the configured calendar marks as a non-trading day. Not scored as an error: this system's built-in NSE holiday list only covers fixed-date national holidays (see data/market_calendar.py) and is deliberately incomplete for variable-date holidays -- this may just mean the calendar doesn't know about a legitimate special session or holiday.; Forced NO TRADE: this system never trades on data it cannot vouch for, regardless of what any other signal would have said.",,1000000.0,5.21999979019165,,,,,,50.0,,,,,,,,,,"Data quality gate failed for DCMFINSERV.NS: status=INVALID, score=0.60 (min required 0.70). [CRITICAL] invalid_ohlc: 1 bar(s) with an invalid OHLC relationship (e.g. High < Low, non-positive price) or NaN price.; [WARNING] zero_volume: 3 bar(s) (0.6%) with volume below 1.; [INFO] holiday_mismatch: 1 bar(s) fall on a date the configured calendar marks as a non-trading day. Not scored as an error: this system's built-in NSE holiday list only covers fixed-date national holidays (see data/market_calendar.py) and is deliberately incomplete for variable-date holidays -- this may just mean the calendar doesn't know about a legitimate special session or holiday.",SIDEWAYS_HIGH_VOL,,
2026-09-10 14:40:00.387022+00:00,DCMSHRIRAM.NS,NO TRADE,False,56.77905117994311,NO TRADE,UP,DEGRADED,No risk assessment available (entry/stop/target could not be computed).; Failed check: signal is directional.; Failed check: confidence sufficient.; Failed check: ai signals aligned.; Failed check: risk reward sufficient.; Failed check: expected value positive.; Failed check: positive edge after costs.; Failed check: stop loss logical.; Failed check: position size within limits.; Failed check: strong technical setup.; Failed check: news credibility acceptable.,,1000000.0,1007.5,,43.333333333333336,84.0,53.9334095804483,,40.0,,,55.0,72.65114207757786,,,,,,No risk assessment available (entry/stop/target could not be computed).,SIDEWAYS_LOW_VOL,20.0,
2026-09-10 14:40:01.644039+00:00,DCW.NS,NO TRADE,False,66.76810991813375,WATCH,UP,DEGRADED,No risk assessment available (entry/stop/target could not be computed).; Failed check: signal is directional.; Failed check: confidence sufficient.; Failed check: risk reward sufficient.; Failed check: expected value positive.; Failed check: positive edge after costs.; Failed check: stop loss logical.; Failed check: position size within limits.; Failed check: strong technical setup.; Failed check: news credibility acceptable.,,1000000.0,47.060001373291016,,56.666666666666664,90.0,70.0,,70.0,,,55.0,79.11568619249216,,,,,,No risk assessment available (entry/stop/target could not be computed).,SIDEWAYS_HIGH_VOL,20.0,
2026-09-10 14:40:03.018513+00:00,DECCANCE.NS,NO TRADE,False,56.84235776277268,NO TRADE,UP,DEGRADED,No risk assessment available (entry/stop/target could not be computed).; Failed check: signal is directional.; Failed check: confidence sufficient.; Failed check: risk reward sufficient.; Failed check: expected value positive.; Failed check: positive edge after costs.; Failed check: stop loss logical.; Failed check: position size within limits.; Failed check: sufficient liquidity.; Failed check: strong technical setup.; Failed check: news credibility acceptable.,,1000000.0,571.75,,56.666666666666664,56.0,67.89918726386877,,70.0,,,25.0,73.20979136861857,,,,,,No risk assessment available (entry/stop/target could not be computed).,SIDEWAYS_LOW_VOL,42.0,
2026-09-10 14:40:04.535670+00:00,DEEPAKFERT.NS,NO TRADE,False,48.10800363749696,NO TRADE,UP,DEGRADED,No risk assessment available (entry/stop/target could not be computed).; Failed check: signal is directional.; Failed check: confidence sufficient.; Failed check: ai signals aligned.; Failed check: risk reward sufficient.; Failed check: expected value positive.; Failed check: positive edge after costs.; Failed check: stop loss logical.; Failed check: position size within limits.; Failed check: strong technical setup.; Failed check: news credibility acceptable.,,1000000.0,1335.5999755859375,,31.666666666666668,90.0,40.68903516620608,,40.0,,,40.0,75.56880737826867,,,,,,No risk assessment available (entry/stop/target could not be computed).,BEAR_LOW_VOL,30.0,
2026-09-10 14:40:05.938894+00:00,DEEPAKNTR.NS,NO TRADE,False,54.97681718936527,NO TRADE,UP,DEGRADED,No risk assessment available (entry/stop/target could not be computed).; Failed check: signal is directional.; Failed check: confidence sufficient.; Failed check: ai signals aligned.; Failed check: risk reward sufficient.; Failed check: expected value positive.; Failed check: positive edge after costs.; Failed check: stop loss logical.; Failed check: position size within limits.; Failed check: strong technical setup.; Failed check: news credibility acceptable.,,1000000.0,1649.800048828125,,40.0,82.0,50.70921362615215,,40.0,,,55.0,74.963703992397,,,,,,No risk assessment available (entry/stop/target could not be computed).,BULL_LOW_VOL,20.0,
2026-09-10 14:40:06.276673+00:00,DEEPENR.NS,NO TRADE,False,0.0,NO TRADE,NONE,INVALID,"Data Quality [DEEPENR.NS] as of 2026-09-10T14:40:06.276561+00:00: INVALID (score=0.00, threshold=0.70)
  [CRITICAL] provider_unavailable: No data returned for DEEPENR.NS (2y/1d)",,1000000.0,,,,,,,,,,,,,,,,,"Data Quality [DEEPENR.NS] as of 2026-09-10T14:40:06.276561+00:00: INVALID (score=0.00, threshold=0.70)
  [CRITICAL] provider_unavailable: No data returned for DEEPENR.NS (2y/1d)",UNKNOWN,,
2026-09-10 14:40:07.603894+00:00,DELTACORP.NS,NO TRADE,False,40.22374048225295,NO TRADE,DOWN,DEGRADED,No risk assessment available (entry/stop/target could not be computed).; Failed check: signal is directional.; Failed check: confidence sufficient.; Failed check: risk reward sufficient.; Failed check: expected value positive.; Failed check: positive edge after costs.; Failed check: stop loss logical.; Failed check: position size within limits.; Failed check: strong technical setup.; Failed check: market conditions acceptable.; Failed check: news credibility acceptable.,,1000000.0,54.34000015258789,,26.666666666666668,49.0,36.808152385448324,,25.0,,,40.0,74.02057775528036,,,,,,No risk assessment available (entry/stop/target could not be computed).,BEAR_LOW_VOL,20.0,
2026-09-10 14:40:09.131916+00:00,DEN.NS,NO TRADE,False,48.122310554188495,NO TRADE,NONE,DEGRADED,No risk assessment available (entry/stop/target could not be computed).; Failed check: signal is directional.; Failed check: confidence sufficient.; Failed check: ai signals aligned.; Failed check: risk reward sufficient.; Failed check: expected value positive.; Failed check: positive edge after costs.; Failed check: stop loss logical.; Failed check: position size within limits.; Failed check: strong technical setup.; Failed check: news credibility acceptable.,,1000000.0,27.049999237060547,,31.666666666666668,69.0,52.66786361286515,,40.0,,,40.0,73.64040729971222,,,,,,No risk assessment available (entry/stop/target could not be computed).,BEAR_LOW_VOL,35.0,
2026-09-10 14:40:10.755591+00:00,DENORA.NS,NO TRADE,False,43.478147338830276,NO TRADE,NONE,DEGRADED,No risk assessment available (entry/stop/target could not be computed).; Failed check: signal is directional.; Failed check: confidence sufficient.; Failed check: risk reward sufficient.; Failed check: expected value positive.; Failed check: positive edge after costs.; Failed check: stop loss logical.; Failed check: position size within limits.; Failed check: sufficient liquidity.; Failed check: strong technical setup.; Failed check: news credibility acceptable.,,1000000.0,802.0499877929688,,35.0,63.0,46.60949351379906,,40.0,,,10.0,77.86433940311194,,,,,,No risk assessment available (entry/stop/target could not be computed).,BEAR_LOW_VOL,30.0,
2026-09-10 14:40:12.155176+00:00,DFMFOODS.NS,NO TRADE,False,0.0,NO TRADE,NONE,INVALID,"Data Quality [DFMFOODS.NS] as of 2026-09-10T14:40:12.155079+00:00: INVALID (score=0.00, threshold=0.70)
  [CRITICAL] provider_unavailable: No data returned for DFMFOODS.NS (2y/1d)",,1000000.0,,,,,,,,,,,,,,,,,"Data Quality [DFMFOODS.NS] as of 2026-09-10T14:40:12.155079+00:00: INVALID (score=0.00, threshold=0.70)
  [CRITICAL] provider_unavailable: No data returned for DFMFOODS.NS (2y/1d)",UNKNOWN,,
2026-09-10 14:40:13.443422+00:00,DGCONTENT.NS,NO TRADE,False,49.25725585061207,NO TRADE,NONE,DEGRADED,No risk assessment available (entry/stop/target could not be computed).; Failed check: signal is directional.; Failed check: confidence sufficient.; Failed check: risk reward sufficient.; Failed check: expected value positive.; Failed check: positive edge after costs.; Failed check: stop loss logical.; Failed check: position size within limits.; Failed check: sufficient liquidity.; Failed check: strong technical setup.; Failed check: news credibility acceptable.,,1000000.0,24.09000015258789,,51.666666666666664,46.0,51.173778381781474,,70.0,,,25.0,67.17117722911291,,,,,,No risk assessment available (entry/stop/target could not be computed).,BEAR_LOW_VOL,55.0,
2026-09-10 14:40:14.671590+00:00,DHAMPURSUG.NS,NO TRADE,False,57.83920024557053,NO TRADE,UP,DEGRADED,No risk assessment available (entry/stop/target could not be computed).; Failed check: signal is directional.; Failed check: confidence sufficient.; Failed check: risk reward sufficient.; Failed check: expected value positive.; Failed check: positive edge after costs.; Failed check: stop loss logical.; Failed check: position size within limits.; Failed check: strong technical setup.; Failed check: news credibility acceptable.,,1000000.0,165.3699951171875,,46.666666666666664,64.0,64.00148437151209,,50.0,,,55.0,73.18635044059198,,,,,,No risk assessment available (entry/stop/target could not be computed).,BULL_HIGH_VOL,20.0,
2026-09-10 14:40:16.103219+00:00,DHANBANK.NS,NO TRADE,False,50.47966150425254,NO TRADE,UP,DEGRADED,No risk assessment available (entry/stop/target could not be computed).; Failed check: signal is directional.; Failed check: confidence sufficient.; Failed check: ai signals aligned.; Failed check: risk reward sufficient.; Failed check: expected value positive.; Failed check: positive edge after costs.; Failed check: stop loss logical.; Failed check: position size within limits.; Failed check: strong technical setup.; Failed check: news credibility acceptable.,,1000000.0,30.729999542236328,,35.0,86.0,47.333766646875205,,40.0,,,40.0,74.32654884384371,,,,,,No risk assessment available (entry/stop/target could not be computed).,BEAR_LOW_VOL,30.0,
2026-09-10 14:40:16.471909+00:00,DHANI.NS,NO TRADE,False,0.0,NO TRADE,NONE,INVALID,"Data Quality [DHANI.NS] as of 2026-09-10T14:40:16.471789+00:00: INVALID (score=0.00, threshold=0.70)
  [CRITICAL] provider_unavailable: No data returned for DHANI.NS (2y/1d)",,1000000.0,,,,,,,,,,,,,,,,,"Data Quality [DHANI.NS] as of 2026-09-10T14:40:16.471789+00:00: INVALID (score=0.00, threshold=0.70)
  [CRITICAL] provider_unavailable: No data returned for DHANI.NS (2y/1d)",UNKNOWN,,
2026-09-10 14:40:17.741853+00:00,DHANUKA.NS,NO TRADE,False,49.27004780467973,NO TRADE,UP,DEGRADED,No risk assessment available (entry/stop/target could not be computed).; Failed check: signal is directional.; Failed check: confidence sufficient.; Failed check: risk reward sufficient.; Failed check: expected value positive.; Failed check: positive edge after costs.; Failed check: stop loss logical.; Failed check: position size within limits.; Failed check: sufficient liquidity.; Failed check: strong technical setup.; Failed check: news credibility acceptable.,,1000000.0,979.7000122070312,,45.0,64.0,50.62052714067751,,60.0,,,25.0,71.5161536203054,,,,,,No risk assessment available (entry/stop/target could not be computed).,BEAR_LOW_VOL,35.0,
2026-09-10 14:40:18.108864+00:00,DHFL.NS,NO TRADE,False,0.0,NO TRADE,NONE,INVALID,"Data Quality [DHFL.NS] as of 2026-09-10T14:40:18.108770+00:00: INVALID (score=0.00, threshold=0.70)
  [CRITICAL] provider_unavailable: No data returned for DHFL.NS (2y/1d)",,1000000.0,,,,,,,,,,,,,,,,,"Data Quality [DHFL.NS] as of 2026-09-10T14:40:18.108770+00:00: INVALID (score=0.00, threshold=0.70)
  [CRITICAL] provider_unavailable: No data returned for DHFL.NS (2y/1d)",UNKNOWN,,
2026-09-10 14:40:19.727161+00:00,DHUNINV.NS,NO TRADE,False,53.87289087507405,NO TRADE,UP,DEGRADED,No risk assessment available (entry/stop/target could not be computed).; Failed check: signal is directional.; Failed check: confidence sufficient.; Failed check: ai signals aligned.; Failed check: risk reward sufficient.; Failed check: expected value positive.; Failed check: positive edge after costs.; Failed check: stop loss logical.; Failed check: position size within limits.; Failed check: sufficient liquidity.; Failed check: strong technical setup.; Failed check: news credibility acceptable.,,1000000.0,991.5,,46.666666666666664,94.0,47.48806775062735,,50.0,,,25.0,74.94805339162457,,,,,,No risk assessment available (entry/stop/target could not be computed).,BULL_HIGH_VOL,20.0,
2026-09-10 14:40:21.142239+00:00,DIAMONDYD.NS,NO TRADE,False,41.41996266616154,NO TRADE,DOWN,DEGRADED,No risk assessment available (entry/stop/target could not be computed).; Failed check: signal is directional.; Failed check: confidence sufficient.; Failed check: risk reward sufficient.; Failed check: expected value positive.; Failed check: positive edge after costs.; Failed check: stop loss logical.; Failed check: position size within limits.; Failed check: sufficient liquidity.; Failed check: strong technical setup.; Failed check: news credibility acceptable.,,1000000.0,1115.5999755859375,,31.666666666666668,58.0,45.70460321339465,,40.0,,,10.0,74.13708173282517,,,,,,No risk assessment available (entry/stop/target could not be computed).,SIDEWAYS_LOW_VOL,10.0,
2026-09-10 14:40:22.414056+00:00,DICIND.NS,NO TRADE,False,65.75158978734954,WATCH,UP,DEGRADED,No risk assessment available (entry/stop/target could not be computed).; Failed check: signal is directional.; Failed check: confidence sufficient.; Failed check: risk reward sufficient.; Failed check: expected value positive.; Failed check: positive edge after costs.; Failed check: stop loss logical.; Failed check: position size within limits.; Failed check: sufficient liquidity.; Failed check: news credibility acceptable.,,1000000.0,601.25,,71.66666666666667,,66.23922055708975,,70.0,,,40.0,75.98404122179588,,,,,,No risk assessment available (entry/stop/target could not be computed).,BULL_HIGH_VOL,,
2026-09-10 14:40:24.786820+00:00,DISHTV.NS,NO TRADE,False,39.19626270473773,NO TRADE,DOWN,DEGRADED,No risk assessment available (entry/stop/target could not be computed).; Failed check: signal is directional.; Failed check: confidence sufficient.; Failed check: risk reward sufficient.; Failed check: expected value positive.; Failed check: positive edge after costs.; Failed check: stop loss logical.; Failed check: position size within limits.; Failed check: strong technical setup.; Failed check: market conditions acceptable.; Failed check: news credibility acceptable.,,1000000.0,2.390000104904175,,30.0,37.0,30.0,,25.0,,,40.0,76.36946286695543,,,,,,No risk assessment available (entry/stop/target could not be computed).,BEAR_LOW_VOL,30.0,
2026-09-10 14:40:26.365695+00:00,DIVISLAB.NS,NO TRADE,False,65.66880599702694,WATCH,UP,DEGRADED,No risk assessment available (entry/stop/target could not be computed).; Failed check: signal is directional.; Failed check: confidence sufficient.; Failed check: risk reward sufficient.; Failed check: expected value positive.; Failed check: positive edge after costs.; Failed check: stop loss logical.; Failed check: position size within limits.; Failed check: strong technical setup.; Failed check: news credibility acceptable.,,1000000.0,9438.5,,58.333333333333336,70.0,70.0,,40.0,,,70.0,70.08402797377693,,,,,,No risk assessment available (entry/stop/target could not be computed).,BULL_LOW_VOL,20.0,
2026-09-10 14:40:28.079883+00:00,DIXON.NS,NO TRADE,False,52.91185239684221,NO TRADE,UP,DEGRADED,No risk assessment available (entry/stop/target could not be computed).; Failed check: signal is directional.; Failed check: confidence sufficient.; Failed check: risk reward sufficient.; Failed check: expected value positive.; Failed check: positive edge after costs.; Failed check: stop loss logical.; Failed check: position size within limits.; Failed check: strong technical setup.; Failed check: news credibility acceptable.,,1000000.0,13500.0,,40.0,74.0,48.37328287896992,,40.0,,,55.0,73.29872268790766,,,,,,No risk assessment available (entry/stop/target could not be computed).,BULL_LOW_VOL,20.0,
2026-09-10 14:40:29.468782+00:00,DLF.NS,NO TRADE,False,52.850389977240084,NO TRADE,NONE,DEGRADED,No risk assessment available (entry/stop/target could not be computed).; Failed check: signal is directional.; Failed check: confidence sufficient.; Failed check: risk reward sufficient.; Failed check: expected value positive.; Failed check: positive edge after costs.; Failed check: stop loss logical.; Failed check: position size within limits.; Failed check: strong technical setup.; Failed check: news credibility acceptable.,,1000000.0,655.8499755859375,,40.0,61.0,54.835653700457485,,40.0,,,55.0,71.94763386472614,,,,,,No risk assessment available (entry/stop/target could not be computed).,SIDEWAYS_LOW_VOL,20.0,
2026-09-10 14:40:30.836185+00:00,DLINKINDIA.NS,NO TRADE,False,60.390354312227345,WATCH,UP,DEGRADED,No risk assessment available (entry/stop/target could not be computed).; Failed check: signal is directional.; Failed check: confidence sufficient.; Failed check: ai signals aligned.; Failed check: risk reward sufficient.; Failed check: expected value positive.; Failed check: positive edge after costs.; Failed check: stop loss logical.; Failed check: position size within limits.; Failed check: strong technical setup.; Failed check: news credibility acceptable.,,1000000.0,433.79998779296875,,45.0,90.0,64.45380432222814,,60.0,,,55.0,72.87203195278545,,,,,,No risk assessment available (entry/stop/target could not be computed).,BEAR_LOW_VOL,20.0,
2026-09-10 14:40:32.134164+00:00,DMART.NS,NO TRADE,False,49.47999878063407,NO TRADE,UP,DEGRADED,No risk assessment available (entry/stop/target could not be computed).; Failed check: signal is directional.; Failed check: confidence sufficient.; Failed check: risk reward sufficient.; Failed check: expected value positive.; Failed check: positive edge after costs.; Failed check: stop loss logical.; Failed check: position size within limits.; Failed check: strong technical setup.; Failed check: market conditions acceptable.; Failed check: news credibility acceptable.,,1000000.0,3690.0,,38.333333333333336,70.0,39.063879345977526,,40.0,,,55.0,70.16522644257489,,,,,,No risk assessment available (entry/stop/target could not be computed).,BEAR_LOW_VOL,20.0,
2026-09-10 14:40:32.491326+00:00,DOLAT.NS,NO TRADE,False,0.0,NO TRADE,NONE,INVALID,"Data Quality [DOLAT.NS] as of 2026-09-10T14:40:32.491229+00:00: INVALID (score=0.00, threshold=0.70)
  [CRITICAL] provider_unavailable: No data returned for DOLAT.NS (2y/1d)",,1000000.0,,,,,,,,,,,,,,,,,"Data Quality [DOLAT.NS] as of 2026-09-10T14:40:32.491229+00:00: INVALID (score=0.00, threshold=0.70)
  [CRITICAL] provider_unavailable: No data returned for DOLAT.NS (2y/1d)",UNKNOWN,,
2026-09-10 14:40:34.238246+00:00,DOLLAR.NS,NO TRADE,False,60.40346691339557,WATCH,UP,DEGRADED,No risk assessment available (entry/stop/target could not be computed).; Failed check: signal is directional.; Failed check: confidence sufficient.; Failed check: risk reward sufficient.; Failed check: expected value positive.; Failed check: positive edge after costs.; Failed check: stop loss logical.; Failed check: position size within limits.; Failed check: sufficient liquidity.; Failed check: strong technical setup.; Failed check: news credibility acceptable.,,1000000.0,271.79998779296875,,58.333333333333336,80.0,57.327269875242436,,50.0,,,40.0,73.87270346415345,,,,,,No risk assessment available (entry/stop/target could not be computed).,SIDEWAYS_LOW_VOL,20.0,
2026-09-10 14:40:35.706859+00:00,DONEAR.NS,NO TRADE,False,57.28631325861295,NO TRADE,UP,DEGRADED,No risk assessment available (entry/stop/target could not be computed).; Failed check: signal is directional.; Failed check: confidence sufficient.; Failed check: risk reward sufficient.; Failed check: expected value positive.; Failed check: positive edge after costs.; Failed check: stop loss logical.; Failed check: position size within limits.; Failed check: sufficient liquidity.; Failed check: strong technical setup.; Failed check: news credibility acceptable.,,1000000.0,85.0999984741211,,56.666666666666664,72.0,57.64317614635151,,70.0,,,25.0,78.99246448944338,,,,,,No risk assessment available (entry/stop/target could not be computed).,SIDEWAYS_HIGH_VOL,42.0,
2026-09-10 14:40:36.938267+00:00,DPABHUSHAN.NS,NO TRADE,False,55.3641890576952,NO TRADE,UP,DEGRADED,No risk assessment available (entry/stop/target could not be computed).; Failed check: signal is directional.; Failed check: confidence sufficient.; Failed check: ai signals aligned.; Failed check: risk reward sufficient.; Failed check: expected value positive.; Failed check: positive edge after costs.; Failed check: stop loss logical.; Failed check: position size within limits.; Failed check: sufficient liquidity.; Failed check: strong technical setup.; Failed check: news credibility acceptable.,,1000000.0,1369.300048828125,,46.666666666666664,86.0,57.90583060843948,,50.0,,,25.0,77.59767312422075,,,,,,No risk assessment available (entry/stop/target could not be computed).,BULL_HIGH_VOL,20.0,
2026-09-10 14:40:39.254532+00:00,DPSCLTD.NS,NO TRADE,False,46.3909958376694,NO TRADE,UP,DEGRADED,No risk assessment available (entry/stop/target could not be computed).; Failed check: signal is directional.; Failed check: confidence sufficient.; Failed check: risk reward sufficient.; Failed check: expected value positive.; Failed check: positive edge after costs.; Failed check: stop loss logical.; Failed check: position size within limits.; Failed check: sufficient liquidity.; Failed check: strong technical setup.; Failed check: news credibility acceptable.,,1000000.0,7.050000190734863,,38.333333333333336,68.0,48.86656899543907,,40.0,,,10.0,76.66226236976627,,,,,,No risk assessment available (entry/stop/target could not be computed).,SIDEWAYS_LOW_VOL,25.0,
2026-09-10 14:40:40.418015+00:00,DPWIRES.NS,NO TRADE,False,51.92776508756787,NO TRADE,UP,DEGRADED,No risk assessment available (entry/stop/target could not be computed).; Failed check: signal is directional.; Failed check: confidence sufficient.; Failed check: risk reward sufficient.; Failed check: expected value positive.; Failed check: positive edge after costs.; Failed check: stop loss logical.; Failed check: position size within limits.; Failed check: sufficient liquidity.; Failed check: strong technical setup.; Failed check: news credibility acceptable.,,1000000.0,153.47000122070312,,48.333333333333336,80.0,43.190790007633595,,60.0,,,25.0,76.98997115468741,,,,,,No risk assessment available (entry/stop/target could not be computed).,BEAR_LOW_VOL,20.0,
2026-09-10 14:40:41.692803+00:00,DREDGECORP.NS,NO TRADE,False,55.89578724825678,NO TRADE,UP,DEGRADED,No risk assessment available (entry/stop/target could not be computed).; Failed check: signal is directional.; Failed check: confidence sufficient.; Failed check: risk reward sufficient.; Failed check: expected value positive.; Failed check: positive edge after costs.; Failed check: stop loss logical.; Failed check: position size within limits.; Failed check: strong technical setup.; Failed check: news credibility acceptable.,,1000000.0,1030.699951171875,,43.333333333333336,72.0,50.95826077666867,,40.0,,,55.0,79.83735072408344,,,,,,No risk assessment available (entry/stop/target could not be computed).,BEAR_HIGH_VOL,45.0,
2026-09-10 14:40:43.287599+00:00,DRREDDY.NS,NO TRADE,False,45.85567011441137,NO TRADE,DOWN,DEGRADED,No risk assessment available (entry/stop/target could not be computed).; Failed check: signal is directional.; Failed check: confidence sufficient.; Failed check: risk reward sufficient.; Failed check: expected value positive.; Failed check: positive edge after costs.; Failed check: stop loss logical.; Failed check: position size within limits.; Failed check: strong technical setup.; Failed check: news credibility acceptable.,,1000000.0,1143.0,,38.333333333333336,46.0,47.79048033119921,,40.0,,,40.0,67.45273507457591,,,,,,No risk assessment available (entry/stop/target could not be computed).,BEAR_LOW_VOL,55.0,
2026-09-10 14:40:44.644282+00:00,DSSL.NS,NO TRADE,False,46.078711598271376,NO TRADE,UP,DEGRADED,No risk assessment available (entry/stop/target could not be computed).; Failed check: signal is directional.; Failed check: confidence sufficient.; Failed check: risk reward sufficient.; Failed check: expected value positive.; Failed check: positive edge after costs.; Failed check: stop loss logical.; Failed check: position size within limits.; Failed check: sufficient liquidity.; Failed check: strong technical setup.; Failed check: market conditions acceptable.; Failed check: news credibility acceptable.,,1000000.0,1032.199951171875,,51.666666666666664,61.0,30.0,,60.0,,,10.0,79.79235550163897,,,,,,No risk assessment available (entry/stop/target could not be computed).,BEAR_HIGH_VOL,30.0,
2026-09-10 14:40:45.901304+00:00,DTIL.NS,NO TRADE,False,52.118115435099895,NO TRADE,DOWN,DEGRADED,No risk assessment available (entry/stop/target could not be computed).; Failed check: signal is directional.; Failed check: confidence sufficient.; Failed check: risk reward sufficient.; Failed check: expected value positive.; Failed check: positive edge after costs.; Failed check: stop loss logical.; Failed check: position size within limits.; Failed check: sufficient liquidity.; Failed check: strong technical setup.; Failed check: news credibility acceptable.,,1000000.0,144.1999969482422,,46.666666666666664,44.0,70.0,,50.0,,,25.0,71.65649469682761,,,,,,No risk assessment available (entry/stop/target could not be computed).,SIDEWAYS_HIGH_VOL,35.0,
2026-09-10 14:40:47.227773+00:00,DVL.NS,NO TRADE,False,66.02916419953189,WATCH,UP,DEGRADED,No risk assessment available (entry/stop/target could not be computed).; Failed check: signal is directional.; Failed check: confidence sufficient.; Failed check: risk reward sufficient.; Failed check: expected value positive.; Failed check: positive edge after costs.; Failed check: stop loss logical.; Failed check: position size within limits.; Failed check: sufficient liquidity.; Failed check: news credibility acceptable.,,1000000.0,285.1000061035156,,61.666666666666664,94.0,65.74262422056034,,50.0,,,40.0,79.2790600423197,,,,,,No risk assessment available (entry/stop/target could not be computed).,BULL_HIGH_VOL,20.0,
2026-09-10 14:40:48.468180+00:00,DWARKESH.NS,NO TRADE,False,55.46045128006987,NO TRADE,DOWN,DEGRADED,No risk assessment available (entry/stop/target could not be computed).; Failed check: signal is directional.; Failed check: confidence sufficient.; Failed check: risk reward sufficient.; Failed check: expected value positive.; Failed check: positive edge after costs.; Failed check: stop loss logical.; Failed check: position size within limits.; Failed check: strong technical setup.; Failed check: news credibility acceptable.,,1000000.0,45.529998779296875,,43.333333333333336,49.0,70.0,,40.0,,,55.0,69.31709560969044,,,,,,No risk assessment available (entry/stop/target could not be computed).,BULL_HIGH_VOL,20.0,
2026-09-10 14:40:49.620634+00:00,DYNAMATECH.NS,NO TRADE,False,54.528462096719245,NO TRADE,UP,DEGRADED,No risk assessment available (entry/stop/target could not be computed).; Failed check: signal is directional.; Failed check: confidence sufficient.; Failed check: risk reward sufficient.; Failed check: expected value positive.; Failed check: positive edge after costs.; Failed check: stop loss logical.; Failed check: position size within limits.; Failed check: sufficient liquidity.; Failed check: strong technical setup.; Failed check: news credibility acceptable.,,1000000.0,11543.0,,46.666666666666664,70.0,63.63656542236831,,50.0,,,25.0,77.20231376368645,,,,,,No risk assessment available (entry/stop/target could not be computed).,BULL_LOW_VOL,30.0,
2026-09-10 14:40:51.077950+00:00,DYNPRO.NS,NO TRADE,False,56.04553738541785,NO TRADE,UP,DEGRADED,No risk assessment available (entry/stop/target could not be computed).; Failed check: signal is directional.; Failed check: confidence sufficient.; Failed check: risk reward sufficient.; Failed check: expected value positive.; Failed check: positive edge after costs.; Failed check: stop loss logical.; Failed check: position size within limits.; Failed check: sufficient liquidity.; Failed check: strong technical setup.; Failed check: news credibility acceptable.,,1000000.0,237.0500030517578,,56.666666666666664,65.0,57.07977658338217,,70.0,,,25.0,76.89262263242915,,,,,,No risk assessment available (entry/stop/target could not be computed).,SIDEWAYS_HIGH_VOL,20.0,
2026-09-10 14:40:53.183164+00:00,EASTSILK.NS,NO TRADE,False,0.0,NO TRADE,NONE,INVALID,"Data quality gate failed for EASTSILK.NS: status=INVALID, score=0.70 (min required 0.70). [CRITICAL] zero_volume: 330 bar(s) (66.0%) with volume below 1.; [WARNING] abnormal_price_jump: 1 day(s) with |return| > 20% not matched to a supplied corporate-action date -- verify against the source before trusting this bar (could be an unlisted split/bonus, or a genuine data error).; [INFO] holiday_mismatch: 1 bar(s) fall on a date the configured calendar marks as a non-trading day. Not scored as an error: this system's built-in NSE holiday list only covers fixed-date national holidays (see data/market_calendar.py) and is deliberately incomplete for variable-date holidays -- this may just mean the calendar doesn't know about a legitimate special session or holiday.; Forced NO TRADE: this system never trades on data it cannot vouch for, regardless of what any other signal would have said.",,1000000.0,61.88999938964844,,,,,,50.0,,,,,,,,,,"Data quality gate failed for EASTSILK.NS: status=INVALID, score=0.70 (min required 0.70). [CRITICAL] zero_volume: 330 bar(s) (66.0%) with volume below 1.; [WARNING] abnormal_price_jump: 1 day(s) with |return| > 20% not matched to a supplied corporate-action date -- verify against the source before trusting this bar (could be an unlisted split/bonus, or a genuine data error).; [INFO] holiday_mismatch: 1 bar(s) fall on a date the configured calendar marks as a non-trading day. Not scored as an error: this system's built-in NSE holiday list only covers fixed-date national holidays (see data/market_calendar.py) and is deliberately incomplete for variable-date holidays -- this may just mean the calendar doesn't know about a legitimate special session or holiday.",BULL_HIGH_VOL,,
2026-09-10 14:40:53.480477+00:00,EBIXFOREX.NS,NO TRADE,False,0.0,NO TRADE,NONE,INVALID,"Data Quality [EBIXFOREX.NS] as of 2026-09-10T14:40:53.480324+00:00: INVALID (score=0.00, threshold=0.70)
  [CRITICAL] provider_unavailable: No data returned for EBIXFOREX.NS (2y/1d)",,1000000.0,,,,,,,,,,,,,,,,,"Data Quality [EBIXFOREX.NS] as of 2026-09-10T14:40:53.480324+00:00: INVALID (score=0.00, threshold=0.70)
  [CRITICAL] provider_unavailable: No data returned for EBIXFOREX.NS (2y/1d)",UNKNOWN,,
2026-09-10 14:40:54.987214+00:00,ECLERX.NS,NO TRADE,False,61.312181126499894,WATCH,UP,DEGRADED,No risk assessment available (entry/stop/target could not be computed).; Failed check: signal is directional.; Failed check: confidence sufficient.; Failed check: ai signals aligned.; Failed check: risk reward sufficient.; Failed check: expected value positive.; Failed check: positive edge after costs.; Failed check: stop loss logical.; Failed check: position size within limits.; Failed check: strong technical setup.; Failed check: news credibility acceptable.,,1000000.0,1899.800048828125,,46.666666666666664,90.0,60.54286334361423,,50.0,,,55.0,79.86720238181115,,,,,,No risk assessment available (entry/stop/target could not be computed).,BULL_LOW_VOL,20.0,
2026-09-10 14:40:56.440744+00:00,EDELWEISS.NS,NO TRADE,False,72.05322664548395,MODERATE,UP,DEGRADED,Failed check: news credibility acceptable.,,1000000.0,136.74000549316406,7288,71.66666666666667,72.0,70.0,,70.0,,,70.0,78.19398367839817,,3.125,7584.133286563756,381.69605133361813,821,Failed check: news credibility acceptable.,BULL_HIGH_VOL,55.0,
2026-09-10 14:40:57.841714+00:00,EICHERMOT.NS,NO TRADE,False,54.29908080699277,NO TRADE,UP,DEGRADED,No risk assessment available (entry/stop/target could not be computed).; Failed check: signal is directional.; Failed check: confidence sufficient.; Failed check: ai signals aligned.; Failed check: risk reward sufficient.; Failed check: expected value positive.; Failed check: positive edge after costs.; Failed check: stop loss logical.; Failed check: position size within limits.; Failed check: strong technical setup.; Failed check: news credibility acceptable.,,1000000.0,7697.0,,43.333333333333336,82.0,47.3398630472486,,40.0,,,55.0,68.46411812836226,,,,,,No risk assessment available (entry/stop/target could not be computed).,BULL_LOW_VOL,20.0,
2026-09-10 14:40:59.203768+00:00,EIDPARRY.NS,NO TRADE,False,51.12025266570639,NO TRADE,NONE,DEGRADED,No risk assessment available (entry/stop/target could not be computed).; Failed check: signal is directional.; Failed check: confidence sufficient.; Failed check: risk reward sufficient.; Failed check: expected value positive.; Failed check: positive edge after costs.; Failed check: stop loss logical.; Failed check: position size within limits.; Failed check: strong technical setup.; Failed check: news credibility acceptable.,,1000000.0,733.9500122070312,,40.0,57.0,46.64806563810362,,40.0,,,55.0,76.78769776592557,,,,,,No risk assessment available (entry/stop/target could not be computed).,SIDEWAYS_LOW_VOL,35.0,
2026-09-10 14:41:01.794769+00:00,EIHAHOTELS.NS,NO TRADE,False,46.05884346046658,NO TRADE,UP,DEGRADED,No risk assessment available (entry/stop/target could not be computed).; Failed check: signal is directional.; Failed check: confidence sufficient.; Failed check: ai signals aligned.; Failed check: risk reward sufficient.; Failed check: expected value positive.; Failed check: positive edge after costs.; Failed check: stop loss logical.; Failed check: position size within limits.; Failed check: sufficient liquidity.; Failed check: strong technical setup.; Failed check: news credibility acceptable.,,1000000.0,291.54998779296875,,35.0,79.0,52.339803554549505,,40.0,,,10.0,74.06323054536949,,,,,,No risk assessment available (entry/stop/target could not be computed).,BEAR_LOW_VOL,20.0,
2026-09-10 14:41:03.337285+00:00,EIHOTEL.NS,NO TRADE,False,57.78588011699304,NO TRADE,UP,DEGRADED,No risk assessment available (entry/stop/target could not be computed).; Failed check: signal is directional.; Failed check: confidence sufficient.; Failed check: ai signals aligned.; Failed check: risk reward sufficient.; Failed check: expected value positive.; Failed check: positive edge after costs.; Failed check: stop loss logical.; Failed check: position size within limits.; Failed check: strong technical setup.; Failed check: news credibility acceptable.,,1000000.0,284.0,,48.333333333333336,86.0,47.102354478274336,,60.0,,,55.0,73.55964675821424,,,,,,No risk assessment available (entry/stop/target could not be computed).,BEAR_LOW_VOL,20.0,
2026-09-10 14:41:04.754217+00:00,EIMCOELECO.NS,NO TRADE,False,63.33840243823475,WATCH,UP,DEGRADED,No risk assessment available (entry/stop/target could not be computed).; Failed check: signal is directional.; Failed check: confidence sufficient.; Failed check: risk reward sufficient.; Failed check: expected value positive.; Failed check: positive edge after costs.; Failed check: stop loss logical.; Failed check: position size within limits.; Failed check: sufficient liquidity.; Failed check: strong technical setup.; Failed check: news credibility acceptable.,,1000000.0,2291.39990234375,,58.333333333333336,76.0,70.0,,40.0,,,40.0,77.77318682840462,,,,,,No risk assessment available (entry/stop/target could not be computed).,BULL_HIGH_VOL,20.0,
2026-09-10 14:41:06.421020+00:00,EKC.NS,NO TRADE,False,47.24385336932654,NO TRADE,NONE,DEGRADED,No risk assessment available (entry/stop/target could not be computed).; Failed check: signal is directional.; Failed check: confidence sufficient.; Failed check: risk reward sufficient.; Failed check: expected value positive.; Failed check: positive edge after costs.; Failed check: stop loss logical.; Failed check: position size within limits.; Failed check: strong technical setup.; Failed check: news credibility acceptable.,,1000000.0,102.38999938964844,,38.333333333333336,60.0,42.762803478647406,,40.0,,,40.0,74.25479129518688,,,,,,No risk assessment available (entry/stop/target could not be computed).,BEAR_LOW_VOL,35.0,
2026-09-10 14:41:08.889555+00:00,ELECON.NS,NO TRADE,False,53.47560060443384,NO TRADE,NONE,DEGRADED,No risk assessment available (entry/stop/target could not be computed).; Failed check: signal is directional.; Failed check: confidence sufficient.; Failed check: risk reward sufficient.; Failed check: expected value positive.; Failed check: positive edge after costs.; Failed check: stop loss logical.; Failed check: position size within limits.; Failed check: strong technical setup.; Failed check: news credibility acceptable.,,1000000.0,419.79998779296875,,45.0,53.0,51.80880764183724,,60.0,,,55.0,76.05082025106333,,,,,,No risk assessment available (entry/stop/target could not be computed).,BEAR_LOW_VOL,35.0,
2026-09-10 14:41:10.409834+00:00,ELECTCAST.NS,NO TRADE,False,69.65352669824036,MODERATE,UP,DEGRADED,No risk assessment available (entry/stop/target could not be computed).; Failed check: signal is directional.; Failed check: confidence sufficient.; Failed check: risk reward sufficient.; Failed check: expected value positive.; Failed check: positive edge after costs.; Failed check: stop loss logical.; Failed check: position size within limits.; Failed check: news credibility acceptable.,,1000000.0,79.86000061035156,,71.66666666666667,52.0,70.0,,70.0,,,70.0,77.65575168960359,,,,,,No risk assessment available (entry/stop/target could not be computed).,SIDEWAYS_LOW_VOL,35.0,
2026-09-10 14:41:11.709564+00:00,ELECTHERM.NS,NO TRADE,False,38.72285524683514,NO TRADE,DOWN,DEGRADED,No risk assessment available (entry/stop/target could not be computed).; Failed check: signal is directional.; Failed check: confidence sufficient.; Failed check: risk reward sufficient.; Failed check: expected value positive.; Failed check: positive edge after costs.; Failed check: stop loss logical.; Failed check: position size within limits.; Failed check: sufficient liquidity.; Failed check: strong technical setup.; Failed check: news credibility acceptable.,,1000000.0,943.0,,31.666666666666668,37.0,43.74623910529709,,40.0,,,10.0,78.73060131279529,,,,,,No risk assessment available (entry/stop/target could not be computed).,BEAR_LOW_VOL,45.0,
2026-09-10 14:41:12.987081+00:00,ELGIEQUIP.NS,NO TRADE,False,67.84186042451566,WATCH,UP,DEGRADED,No risk assessment available (entry/stop/target could not be computed).; Failed check: signal is directional.; Failed check: confidence sufficient.; Failed check: risk reward sufficient.; Failed check: expected value positive.; Failed check: positive edge after costs.; Failed check: stop loss logical.; Failed check: position size within limits.; Failed check: strong technical setup.; Failed check: news credibility acceptable.,,1000000.0,624.0,,58.333333333333336,82.0,70.0,,50.0,,,70.0,74.42409423741753,,,,,,No risk assessment available (entry/stop/target could not be computed).,SIDEWAYS_HIGH_VOL,20.0,
2026-09-10 14:41:14.373182+00:00,ELGIRUBCO.NS,NO TRADE,False,58.92813214293146,NO TRADE,NONE,DEGRADED,No risk assessment available (entry/stop/target could not be computed).; Failed check: signal is directional.; Failed check: confidence sufficient.; Failed check: ai signals aligned.; Failed check: risk reward sufficient.; Failed check: expected value positive.; Failed check: positive edge after costs.; Failed check: stop loss logical.; Failed check: position size within limits.; Failed check: sufficient liquidity.; Failed check: news credibility acceptable.,,1000000.0,59.869998931884766,,68.33333333333333,31.0,59.65654686694853,,70.0,,,40.0,70.73094827667246,,,,,,No risk assessment available (entry/stop/target could not be computed).,BULL_HIGH_VOL,55.0,
2026-09-10 14:41:15.765507+00:00,EMAMILTD.NS,NO TRADE,False,51.112573888721485,NO TRADE,UP,DEGRADED,No risk assessment available (entry/stop/target could not be computed).; Failed check: signal is directional.; Failed check: confidence sufficient.; Failed check: ai signals aligned.; Failed check: risk reward sufficient.; Failed check: expected value positive.; Failed check: positive edge after costs.; Failed check: stop loss logical.; Failed check: position size within limits.; Failed check: strong technical setup.; Failed check: news credibility acceptable.,,1000000.0,371.0,,38.333333333333336,75.0,41.198249896463324,,40.0,,,55.0,74.04671541755789,,,,,,No risk assessment available (entry/stop/target could not be computed).,BEAR_LOW_VOL,20.0,
2026-09-10 14:41:16.975124+00:00,EMAMIPAP.NS,NO TRADE,False,65.17217204585816,WATCH,UP,DEGRADED,No risk assessment available (entry/stop/target could not be computed).; Failed check: signal is directional.; Failed check: confidence sufficient.; Failed check: risk reward sufficient.; Failed check: expected value positive.; Failed check: positive edge after costs.; Failed check: stop loss logical.; Failed check: position size within limits.; Failed check: sufficient liquidity.; Failed check: news credibility acceptable.,,1000000.0,117.73999786376953,,61.666666666666664,82.0,70.0,,50.0,,,40.0,78.354184437277,,,,,,No risk assessment available (entry/stop/target could not be computed).,BULL_HIGH_VOL,42.0,
2026-09-10 14:41:18.130725+00:00,EMAMIREAL.NS,NO TRADE,False,52.35695383533086,NO TRADE,DOWN,DEGRADED,No risk assessment available (entry/stop/target could not be computed).; Failed check: signal is directional.; Failed check: confidence sufficient.; Failed check: risk reward sufficient.; Failed check: expected value positive.; Failed check: positive edge after costs.; Failed check: stop loss logical.; Failed check: position size within limits.; Failed check: sufficient liquidity.; Failed check: strong technical setup.; Failed check: news credibility acceptable.,,1000000.0,72.30999755859375,,56.666666666666664,37.0,50.60688166367642,,70.0,,,25.0,79.89877697012568,,,,,,No risk assessment available (entry/stop/target could not be computed).,BEAR_HIGH_VOL,30.0,
2026-09-10 14:41:19.615208+00:00,EMKAY.NS,NO TRADE,False,0.0,NO TRADE,NONE,INVALID,"Data quality gate failed for EMKAY.NS: status=INVALID, score=0.60 (min required 0.70). [CRITICAL] invalid_ohlc: 1 bar(s) with an invalid OHLC relationship (e.g. High < Low, non-positive price) or NaN price.; [WARNING] zero_volume: 5 bar(s) (1.0%) with volume below 1.; [INFO] holiday_mismatch: 1 bar(s) fall on a date the configured calendar marks as a non-trading day. Not scored as an error: this system's built-in NSE holiday list only covers fixed-date national holidays (see data/market_calendar.py) and is deliberately incomplete for variable-date holidays -- this may just mean the calendar doesn't know about a legitimate special session or holiday.; Forced NO TRADE: this system never trades on data it cannot vouch for, regardless of what any other signal would have said.",,1000000.0,249.1999969482422,,,,,,70.0,,,,,,,,,,"Data quality gate failed for EMKAY.NS: status=INVALID, score=0.60 (min required 0.70). [CRITICAL] invalid_ohlc: 1 bar(s) with an invalid OHLC relationship (e.g. High < Low, non-positive price) or NaN price.; [WARNING] zero_volume: 5 bar(s) (1.0%) with volume below 1.; [INFO] holiday_mismatch: 1 bar(s) fall on a date the configured calendar marks as a non-trading day. Not scored as an error: this system's built-in NSE holiday list only covers fixed-date national holidays (see data/market_calendar.py) and is deliberately incomplete for variable-date holidays -- this may just mean the calendar doesn't know about a legitimate special session or holiday.",BEAR_HIGH_VOL,,
2026-09-10 14:41:20.946443+00:00,EMMBI.NS,NO TRADE,False,61.60919527804225,WATCH,UP,DEGRADED,No risk assessment available (entry/stop/target could not be computed).; Failed check: signal is directional.; Failed check: confidence sufficient.; Failed check: risk reward sufficient.; Failed check: expected value positive.; Failed check: positive edge after costs.; Failed check: stop loss logical.; Failed check: position size within limits.; Failed check: sufficient liquidity.; Failed check: strong technical setup.; Failed check: news credibility acceptable.,,1000000.0,89.2300033569336,,56.666666666666664,90.0,66.3824661593863,,70.0,,,25.0,79.67370262204139,,,,,,No risk assessment available (entry/stop/target could not be computed).,BEAR_LOW_VOL,30.0,
2026-09-10 14:41:23.434504+00:00,ENDURANCE.NS,NO TRADE,False,51.9180593028076,NO TRADE,UP,DEGRADED,No risk assessment available (entry/stop/target could not be computed).; Failed check: signal is directional.; Failed check: confidence sufficient.; Failed check: risk reward sufficient.; Failed check: expected value positive.; Failed check: positive edge after costs.; Failed check: stop loss logical.; Failed check: position size within limits.; Failed check: strong technical setup.; Failed check: market conditions acceptable.; Failed check: news credibility acceptable.,,1000000.0,2724.0,,43.333333333333336,68.0,39.85357365104476,,40.0,,,55.0,73.6431988807283,,,,,,No risk assessment available (entry/stop/target could not be computed).,SIDEWAYS_LOW_VOL,20.0,
2026-09-10 14:41:24.628440+00:00,ENERGYDEV.NS,NO TRADE,False,40.467363395467906,NO TRADE,DOWN,DEGRADED,No risk assessment available (entry/stop/target could not be computed).; Failed check: signal is directional.; Failed check: confidence sufficient.; Failed check: risk reward sufficient.; Failed check: expected value positive.; Failed check: positive edge after costs.; Failed check: stop loss logical.; Failed check: position size within limits.; Failed check: sufficient liquidity.; Failed check: strong technical setup.; Failed check: news credibility acceptable.,,1000000.0,15.119999885559082,,38.333333333333336,33.0,41.45612972590642,,40.0,,,10.0,78.86361267880156,,,,,,No risk assessment available (entry/stop/target could not be computed).,BEAR_LOW_VOL,30.0,
2026-09-10 14:41:25.962976+00:00,ENGINERSIN.NS,NO TRADE,False,72.3316289537329,MODERATE,UP,DEGRADED,Failed check: news credibility acceptable.,,1000000.0,272.04998779296875,3663,71.66666666666667,75.0,70.0,,70.0,,,70.0,77.32674880973566,,3.1249999999999987,7485.49851716476,474.50958870849604,513,Failed check: news credibility acceptable.,BULL_HIGH_VOL,20.0,
2026-09-10 14:41:27.309817+00:00,ENIL.NS,NO TRADE,False,51.872386064056265,NO TRADE,NONE,DEGRADED,No risk assessment available (entry/stop/target could not be computed).; Failed check: signal is directional.; Failed check: confidence sufficient.; Failed check: risk reward sufficient.; Failed check: expected value positive.; Failed check: positive edge after costs.; Failed check: stop loss logical.; Failed check: position size within limits.; Failed check: sufficient liquidity.; Failed check: strong technical setup.; Failed check: news credibility acceptable.,,1000000.0,101.73999786376953,,55.0,49.0,58.576466184252965,,70.0,,,10.0,77.56208628619142,,,,,,No risk assessment available (entry/stop/target could not be computed).,SIDEWAYS_LOW_VOL,20.0,
2026-09-10 14:41:28.806041+00:00,EPL.NS,NO TRADE,False,58.64718437623867,NO TRADE,UP,DEGRADED,No risk assessment available (entry/stop/target could not be computed).; Failed check: signal is directional.; Failed check: confidence sufficient.; Failed check: risk reward sufficient.; Failed check: expected value positive.; Failed check: positive edge after costs.; Failed check: stop loss logical.; Failed check: position size within limits.; Failed check: strong technical setup.; Failed check: news credibility acceptable.,,1000000.0,244.3000030517578,,46.666666666666664,75.0,57.821955294621155,,50.0,,,55.0,79.80665219188818,,,,,,No risk assessment available (entry/stop/target could not be computed).,BULL_HIGH_VOL,20.0,
2026-09-10 14:41:29.113097+00:00,EQUITAS.NS,NO TRADE,False,0.0,NO TRADE,NONE,INVALID,"Data Quality [EQUITAS.NS] as of 2026-09-10T14:41:29.112996+00:00: INVALID (score=0.00, threshold=0.70)
  [CRITICAL] provider_unavailable: No data returned for EQUITAS.NS (2y/1d)",,1000000.0,,,,,,,,,,,,,,,,,"Data Quality [EQUITAS.NS] as of 2026-09-10T14:41:29.112996+00:00: INVALID (score=0.00, threshold=0.70)
  [CRITICAL] provider_unavailable: No data returned for EQUITAS.NS (2y/1d)",UNKNOWN,,
2026-09-10 14:41:30.380416+00:00,EQUITASBNK.NS,NO TRADE,False,48.519333503375485,NO TRADE,UP,DEGRADED,No risk assessment available (entry/stop/target could not be computed).; Failed check: signal is directional.; Failed check: confidence sufficient.; Failed check: ai signals aligned.; Failed check: risk reward sufficient.; Failed check: expected value positive.; Failed check: positive edge after costs.; Failed check: stop loss logical.; Failed check: position size within limits.; Failed check: strong technical setup.; Failed check: news credibility acceptable.,,1000000.0,72.62999725341797,,31.666666666666668,84.0,48.547886971816446,,40.0,,,40.0,71.92483502272486,,,,,,No risk assessment available (entry/stop/target could not be computed).,BEAR_LOW_VOL,30.0,
2026-09-10 14:41:31.530221+00:00,ERIS.NS,NO TRADE,False,57.56852023702756,NO TRADE,UP,DEGRADED,No risk assessment available (entry/stop/target could not be computed).; Failed check: signal is directional.; Failed check: confidence sufficient.; Failed check: risk reward sufficient.; Failed check: expected value positive.; Failed check: positive edge after costs.; Failed check: stop loss logical.; Failed check: position size within limits.; Failed check: sufficient liquidity.; Failed check: strong technical setup.; Failed check: news credibility acceptable.,,1000000.0,1358.0,,56.666666666666664,82.0,57.010756457211365,,70.0,,,25.0,71.27502694293317,,,,,,No risk assessment available (entry/stop/target could not be computed).,BEAR_LOW_VOL,30.0,
2026-09-10 14:41:32.800423+00:00,EROSMEDIA.NS,NO TRADE,False,0.0,NO TRADE,NONE,INVALID,"Data quality gate failed for EROSMEDIA.NS: status=INVALID, score=0.75 (min required 0.70). [CRITICAL] zero_volume: 407 bar(s) (81.6%) with volume below 1.; [INFO] holiday_mismatch: 1 bar(s) fall on a date the configured calendar marks as a non-trading day. Not scored as an error: this system's built-in NSE holiday list only covers fixed-date national holidays (see data/market_calendar.py) and is deliberately incomplete for variable-date holidays -- this may just mean the calendar doesn't know about a legitimate special session or holiday.; Forced NO TRADE: this system never trades on data it cannot vouch for, regardless of what any other signal would have said.",,1000000.0,7.809999942779541,,,,,,25.0,,,,,,,,,,"Data quality gate failed for EROSMEDIA.NS: status=INVALID, score=0.75 (min required 0.70). [CRITICAL] zero_volume: 407 bar(s) (81.6%) with volume below 1.; [INFO] holiday_mismatch: 1 bar(s) fall on a date the configured calendar marks as a non-trading day. Not scored as an error: this system's built-in NSE holiday list only covers fixed-date national holidays (see data/market_calendar.py) and is deliberately incomplete for variable-date holidays -- this may just mean the calendar doesn't know about a legitimate special session or holiday.",SIDEWAYS_LOW_VOL,,
2026-09-10 14:41:34.204812+00:00,ESABINDIA.NS,NO TRADE,False,47.979859022797214,NO TRADE,UP,DEGRADED,No risk assessment available (entry/stop/target could not be computed).; Failed check: signal is directional.; Failed check: confidence sufficient.; Failed check: ai signals aligned.; Failed check: risk reward sufficient.; Failed check: expected value positive.; Failed check: positive edge after costs.; Failed check: stop loss logical.; Failed check: position size within limits.; Failed check: sufficient liquidity.; Failed check: strong technical setup.; Failed check: news credibility acceptable.,,1000000.0,5824.0,,40.0,78.0,44.482123561412145,,40.0,,,25.0,72.55106006599607,,,,,,No risk assessment available (entry/stop/target could not be computed).,SIDEWAYS_LOW_VOL,20.0,
2026-09-10 14:41:36.797285+00:00,ESCORTS.NS,NO TRADE,False,50.2217153579068,NO TRADE,UP,DEGRADED,No risk assessment available (entry/stop/target could not be computed).; Failed check: signal is directional.; Failed check: confidence sufficient.; Failed check: ai signals aligned.; Failed check: risk reward sufficient.; Failed check: expected value positive.; Failed check: positive edge after costs.; Failed check: stop loss logical.; Failed check: position size within limits.; Failed check: sufficient liquidity.; Failed check: strong technical setup.; Failed check: news credibility acceptable.,,1000000.0,2958.39990234375,,43.333333333333336,79.0,48.56221988884801,,40.0,,,25.0,69.71219164820309,,,,,,No risk assessment available (entry/stop/target could not be computed).,SIDEWAYS_LOW_VOL,35.0,
2026-09-10 14:41:38.079526+00:00,ESSARSHPNG.NS,NO TRADE,False,47.863404704958086,NO TRADE,UP,DEGRADED,No risk assessment available (entry/stop/target could not be computed).; Failed check: signal is directional.; Failed check: confidence sufficient.; Failed check: risk reward sufficient.; Failed check: expected value positive.; Failed check: positive edge after costs.; Failed check: stop loss logical.; Failed check: position size within limits.; Failed check: strong technical setup.; Failed check: market conditions acceptable.; Failed check: news credibility acceptable.,,1000000.0,16.100000381469727,,45.0,67.0,30.0,,60.0,,,40.0,74.41684849495263,,,,,,No risk assessment available (entry/stop/target could not be computed).,BEAR_HIGH_VOL,30.0,
2026-09-10 14:41:39.640090+00:00,ESTER.NS,NO TRADE,False,46.18802056961872,NO TRADE,UP,DEGRADED,No risk assessment available (entry/stop/target could not be computed).; Failed check: signal is directional.; Failed check: confidence sufficient.; Failed check: risk reward sufficient.; Failed check: expected value positive.; Failed check: positive edge after costs.; Failed check: stop loss logical.; Failed check: position size within limits.; Failed check: sufficient liquidity.; Failed check: strong technical setup.; Failed check: market conditions acceptable.; Failed check: news credibility acceptable.,,1000000.0,90.54000091552734,,43.333333333333336,64.0,36.542121440299624,,40.0,,,25.0,77.58598509224586,,,,,,No risk assessment available (entry/stop/target could not be computed).,SIDEWAYS_LOW_VOL,30.0,
2026-09-10 14:41:41.498585+00:00,EUROTEXIND.NS,NO TRADE,False,0.0,NO TRADE,NONE,INVALID,"Data quality gate failed for EUROTEXIND.NS: status=INVALID, score=0.45 (min required 0.70). [CRITICAL] invalid_ohlc: 1 bar(s) with an invalid OHLC relationship (e.g. High < Low, non-positive price) or NaN price.; [CRITICAL] zero_volume: 51 bar(s) (10.3%) with volume below 1.; [INFO] holiday_mismatch: 1 bar(s) fall on a date the configured calendar marks as a non-trading day. Not scored as an error: this system's built-in NSE holiday list only covers fixed-date national holidays (see data/market_calendar.py) and is deliberately incomplete for variable-date holidays -- this may just mean the calendar doesn't know about a legitimate special session or holiday.; Forced NO TRADE: this system never trades on data it cannot vouch for, regardless of what any other signal would have said.",,1000000.0,13.460000038146973,,,,,,40.0,,,,,,,,,,"Data quality gate failed for EUROTEXIND.NS: status=INVALID, score=0.45 (min required 0.70). [CRITICAL] invalid_ohlc: 1 bar(s) with an invalid OHLC relationship (e.g. High < Low, non-positive price) or NaN price.; [CRITICAL] zero_volume: 51 bar(s) (10.3%) with volume below 1.; [INFO] holiday_mismatch: 1 bar(s) fall on a date the configured calendar marks as a non-trading day. Not scored as an error: this system's built-in NSE holiday list only covers fixed-date national holidays (see data/market_calendar.py) and is deliberately incomplete for variable-date holidays -- this may just mean the calendar doesn't know about a legitimate special session or holiday.",BEAR_LOW_VOL,,
2026-09-10 14:41:42.839443+00:00,EVEREADY.NS,NO TRADE,False,63.763598812216685,WATCH,UP,DEGRADED,No risk assessment available (entry/stop/target could not be computed).; Failed check: signal is directional.; Failed check: confidence sufficient.; Failed check: risk reward sufficient.; Failed check: expected value positive.; Failed check: positive edge after costs.; Failed check: stop loss logical.; Failed check: position size within limits.; Failed check: strong technical setup.; Failed check: news credibility acceptable.,,1000000.0,366.20001220703125,,56.666666666666664,80.0,62.73228241088013,,70.0,,,55.0,76.44265358308857,,,,,,No risk assessment available (entry/stop/target could not be computed).,SIDEWAYS_HIGH_VOL,20.0,
2026-09-10 14:41:44.256573+00:00,EVERESTIND.NS,NO TRADE,False,44.453796202553036,NO TRADE,NONE,DEGRADED,No risk assessment available (entry/stop/target could not be computed).; Failed check: signal is directional.; Failed check: confidence sufficient.; Failed check: risk reward sufficient.; Failed check: expected value positive.; Failed check: positive edge after costs.; Failed check: stop loss logical.; Failed check: position size within limits.; Failed check: sufficient liquidity.; Failed check: strong technical setup.; Failed check: market conditions acceptable.; Failed check: news credibility acceptable.,,1000000.0,415.45001220703125,,45.0,59.0,36.421667887685686,,60.0,,,10.0,78.34666581644538,,,,,,No risk assessment available (entry/stop/target could not be computed).,BEAR_LOW_VOL,20.0,
2026-09-10 14:41:45.595621+00:00,EXCELINDUS.NS,NO TRADE,False,49.409293632422056,NO TRADE,NONE,DEGRADED,No risk assessment available (entry/stop/target could not be computed).; Failed check: signal is directional.; Failed check: confidence sufficient.; Failed check: risk reward sufficient.; Failed check: expected value positive.; Failed check: positive edge after costs.; Failed check: stop loss logical.; Failed check: position size within limits.; Failed check: sufficient liquidity.; Failed check: strong technical setup.; Failed check: news credibility acceptable.,,1000000.0,992.5999755859375,,43.333333333333336,60.0,53.13716344250423,,40.0,,,25.0,75.75288064808888,,,,,,No risk assessment available (entry/stop/target could not be computed).,BULL_HIGH_VOL,20.0,
2026-09-10 14:41:47.110899+00:00,EXIDEIND.NS,NO TRADE,False,48.32701114241952,NO TRADE,UP,DEGRADED,No risk assessment available (entry/stop/target could not be computed).; Failed check: signal is directional.; Failed check: confidence sufficient.; Failed check: ai signals aligned.; Failed check: risk reward sufficient.; Failed check: expected value positive.; Failed check: positive edge after costs.; Failed check: stop loss logical.; Failed check: position size within limits.; Failed check: strong technical setup.; Failed check: market conditions acceptable.; Failed check: news credibility acceptable.,,1000000.0,420.04998779296875,,38.333333333333336,82.0,34.081070840879946,,40.0,,,40.0,74.0510285447071,,,,,,No risk assessment available (entry/stop/target could not be computed).,SIDEWAYS_LOW_VOL,20.0,
2026-09-10 14:41:48.493975+00:00,EXPLEOSOL.NS,NO TRADE,False,71.0077070938783,MODERATE,UP,DEGRADED,Failed check: news credibility acceptable.,,1000000.0,883.7999877929688,1127,61.666666666666664,94.0,70.0,,50.0,,,70.0,76.78548763072509,,3.125000000000001,7438.494643222342,486.7970332763672,162,Failed check: news credibility acceptable.,BULL_HIGH_VOL,20.0,
2026-09-10 14:41:50.072204+00:00,FACT.NS,NO TRADE,False,46.36141101562825,NO TRADE,DOWN,DEGRADED,No risk assessment available (entry/stop/target could not be computed).; Failed check: signal is directional.; Failed check: confidence sufficient.; Failed check: risk reward sufficient.; Failed check: expected value positive.; Failed check: positive edge after costs.; Failed check: stop loss logical.; Failed check: position size within limits.; Failed check: strong technical setup.; Failed check: news credibility acceptable.,,1000000.0,786.8499755859375,,35.0,,50.20824098380696,,40.0,,,40.0,75.35610461805905,,,,,,No risk assessment available (entry/stop/target could not be computed).,BEAR_HIGH_VOL,,
2026-09-10 14:41:52.266300+00:00,FAIRCHEMOR.NS,NO TRADE,False,42.875332794492024,NO TRADE,UP,DEGRADED,No risk assessment available (entry/stop/target could not be computed).; Failed check: signal is directional.; Failed check: confidence sufficient.; Failed check: ai signals aligned.; Failed check: risk reward sufficient.; Failed check: expected value positive.; Failed check: positive edge after costs.; Failed check: stop loss logical.; Failed check: position size within limits.; Failed check: sufficient liquidity.; Failed check: strong technical setup.; Failed check: market conditions acceptable.; Failed check: news credibility acceptable.,,1000000.0,634.5,,35.0,82.0,34.59940562892787,,40.0,,,10.0,74.20877877950045,,,,,,No risk assessment available (entry/stop/target could not be computed).,BEAR_LOW_VOL,20.0,
2026-09-10 14:41:53.705701+00:00,FCL.NS,NO TRADE,False,68.70463188650815,WATCH,UP,DEGRADED,No risk assessment available (entry/stop/target could not be computed).; Failed check: signal is directional.; Failed check: confidence sufficient.; Failed check: risk reward sufficient.; Failed check: expected value positive.; Failed check: positive edge after costs.; Failed check: stop loss logical.; Failed check: position size within limits.; Failed check: news credibility acceptable.,,1000000.0,58.599998474121094,,63.333333333333336,74.0,70.0,,45.0,,,70.0,74.81766390771625,,,,,,No risk assessment available (entry/stop/target could not be computed).,BULL_HIGH_VOL,20.0,
2026-09-10 14:41:54.768751+00:00,FCONSUMER.NS,NO TRADE,False,0.0,NO TRADE,NONE,INVALID,"Data quality gate failed for FCONSUMER.NS: status=INVALID, score=0.75 (min required 0.70). [CRITICAL] zero_volume: 398 bar(s) (79.8%) with volume below 1.; [INFO] holiday_mismatch: 1 bar(s) fall on a date the configured calendar marks as a non-trading day. Not scored as an error: this system's built-in NSE holiday list only covers fixed-date national holidays (see data/market_calendar.py) and is deliberately incomplete for variable-date holidays -- this may just mean the calendar doesn't know about a legitimate special session or holiday.; Forced NO TRADE: this system never trades on data it cannot vouch for, regardless of what any other signal would have said.",,1000000.0,0.2199999988079071,,,,,,45.0,,,,,,,,,,"Data quality gate failed for FCONSUMER.NS: status=INVALID, score=0.75 (min required 0.70). [CRITICAL] zero_volume: 398 bar(s) (79.8%) with volume below 1.; [INFO] holiday_mismatch: 1 bar(s) fall on a date the configured calendar marks as a non-trading day. Not scored as an error: this system's built-in NSE holiday list only covers fixed-date national holidays (see data/market_calendar.py) and is deliberately incomplete for variable-date holidays -- this may just mean the calendar doesn't know about a legitimate special session or holiday.",BEAR_LOW_VOL,,
2026-09-10 14:41:56.062148+00:00,FDC.NS,NO TRADE,False,54.53224764078886,NO TRADE,UP,DEGRADED,No risk assessment available (entry/stop/target could not be computed).; Failed check: signal is directional.; Failed check: confidence sufficient.; Failed check: risk reward sufficient.; Failed check: expected value positive.; Failed check: positive edge after costs.; Failed check: stop loss logical.; Failed check: position size within limits.; Failed check: strong technical setup.; Failed check: news credibility acceptable.,,1000000.0,345.3500061035156,,48.333333333333336,74.0,49.82010045859469,,60.0,,,40.0,75.03516325532709,,,,,,No risk assessment available (entry/stop/target could not be computed).,BEAR_LOW_VOL,20.0,
2026-09-10 14:41:57.664244+00:00,FEDERALBNK.NS,NO TRADE,False,57.185825927920995,NO TRADE,UP,DEGRADED,No risk assessment available (entry/stop/target could not be computed).; Failed check: signal is directional.; Failed check: confidence sufficient.; Failed check: ai signals aligned.; Failed check: risk reward sufficient.; Failed check: expected value positive.; Failed check: positive edge after costs.; Failed check: stop loss logical.; Failed check: position size within limits.; Failed check: strong technical setup.; Failed check: news credibility acceptable.,,1000000.0,346.0,,46.666666666666664,86.0,54.27312309969701,,50.0,,,55.0,68.90372290672039,,,,,,No risk assessment available (entry/stop/target could not be computed).,SIDEWAYS_LOW_VOL,30.0,
2026-09-10 14:41:59.057597+00:00,FEL.NS,NO TRADE,False,50.919269511292484,NO TRADE,DOWN,DEGRADED,No risk assessment available (entry/stop/target could not be computed).; Failed check: signal is directional.; Failed check: confidence sufficient.; Failed check: risk reward sufficient.; Failed check: expected value positive.; Failed check: positive edge after costs.; Failed check: stop loss logical.; Failed check: position size within limits.; Failed check: strong technical setup.; Failed check: news credibility acceptable.,,1000000.0,0.3700000047683716,,40.0,,47.03407947986145,,40.0,,,55.0,79.96449784796273,,,,,,No risk assessment available (entry/stop/target could not be computed).,BEAR_LOW_VOL,,
2026-09-10 14:42:00.374169+00:00,FELDVR.NS,NO TRADE,False,37.17727071678787,NO TRADE,DOWN,DEGRADED,No risk assessment available (entry/stop/target could not be computed).; Failed check: signal is directional.; Failed check: confidence sufficient.; Failed check: risk reward sufficient.; Failed check: expected value positive.; Failed check: positive edge after costs.; Failed check: stop loss logical.; Failed check: position size within limits.; Failed check: sufficient liquidity.; Failed check: strong technical setup.; Failed check: news credibility acceptable.,,1000000.0,2.140000104904175,,31.666666666666668,,47.51271187823698,,40.0,,,10.0,62.627889816705085,,,,,,No risk assessment available (entry/stop/target could not be computed).,BEAR_HIGH_VOL,,
2026-09-10 14:42:01.705840+00:00,FIEMIND.NS,NO TRADE,False,48.40683453591063,NO TRADE,UP,DEGRADED,No risk assessment available (entry/stop/target could not be computed).; Failed check: signal is directional.; Failed check: confidence sufficient.; Failed check: ai signals aligned.; Failed check: risk reward sufficient.; Failed check: expected value positive.; Failed check: positive edge after costs.; Failed check: stop loss logical.; Failed check: position size within limits.; Failed check: strong technical setup.; Failed check: market conditions acceptable.; Failed check: news credibility acceptable.,,1000000.0,1986.800048828125,,38.333333333333336,86.0,30.0,,40.0,,,40.0,75.85645717736418,,,,,,No risk assessment available (entry/stop/target could not be computed).,BEAR_HIGH_VOL,20.0,
2026-09-10 14:42:03.117973+00:00,FILATEX.NS,NO TRADE,False,52.62275982217306,NO TRADE,DOWN,DEGRADED,No risk assessment available (entry/stop/target could not be computed).; Failed check: signal is directional.; Failed check: confidence sufficient.; Failed check: risk reward sufficient.; Failed check: expected value positive.; Failed check: positive edge after costs.; Failed check: stop loss logical.; Failed check: position size within limits.; Failed check: strong technical setup.; Failed check: news credibility acceptable.,,1000000.0,76.25,,46.666666666666664,,44.659937443390405,,50.0,,,55.0,77.07998610128607,,,,,,No risk assessment available (entry/stop/target could not be computed).,BULL_HIGH_VOL,,
2026-09-10 14:42:04.455243+00:00,FINCABLES.NS,NO TRADE,False,72.81059341964766,MODERATE,UP,DEGRADED,Failed check: news credibility acceptable.,,1000000.0,1418.4000244140625,702,68.33333333333333,86.0,70.0,,60.0,,,70.0,79.44658534027676,,3.1250000000000004,7494.944447093611,400.27248688964846,83,Failed check: news credibility acceptable.,BULL_HIGH_VOL,20.0,
2026-09-10 14:42:06.617256+00:00,FINEORG.NS,NO TRADE,False,54.07403164196187,NO TRADE,UP,DEGRADED,No risk assessment available (entry/stop/target could not be computed).; Failed check: signal is directional.; Failed check: confidence sufficient.; Failed check: ai signals aligned.; Failed check: risk reward sufficient.; Failed check: expected value positive.; Failed check: positive edge after costs.; Failed check: stop loss logical.; Failed check: position size within limits.; Failed check: sufficient liquidity.; Failed check: strong technical setup.; Failed check: news credibility acceptable.,,1000000.0,5160.5,,46.666666666666664,82.0,57.15093084720391,,50.0,,,25.0,73.08981562654182,,,,,,No risk assessment available (entry/stop/target could not be computed).,SIDEWAYS_LOW_VOL,20.0,
2026-09-10 14:42:07.949008+00:00,FINPIPE.NS,NO TRADE,False,49.96804033348953,NO TRADE,UP,DEGRADED,No risk assessment available (entry/stop/target could not be computed).; Failed check: signal is directional.; Failed check: confidence sufficient.; Failed check: ai signals aligned.; Failed check: risk reward sufficient.; Failed check: expected value positive.; Failed check: positive edge after costs.; Failed check: stop loss logical.; Failed check: position size within limits.; Failed check: strong technical setup.; Failed check: news credibility acceptable.,,1000000.0,157.0800018310547,,35.0,79.0,51.32420064271939,,40.0,,,40.0,70.49265767426914,,,,,,No risk assessment available (entry/stop/target could not be computed).,BEAR_LOW_VOL,20.0,
2026-09-10 14:42:09.237898+00:00,FLFL.NS,NO TRADE,False,0.0,NO TRADE,NONE,INVALID,"Data quality gate failed for FLFL.NS: status=INVALID, score=0.75 (min required 0.70). [CRITICAL] zero_volume: 53 bar(s) (10.6%) with volume below 1.; [INFO] holiday_mismatch: 1 bar(s) fall on a date the configured calendar marks as a non-trading day. Not scored as an error: this system's built-in NSE holiday list only covers fixed-date national holidays (see data/market_calendar.py) and is deliberately incomplete for variable-date holidays -- this may just mean the calendar doesn't know about a legitimate special session or holiday.; Forced NO TRADE: this system never trades on data it cannot vouch for, regardless of what any other signal would have said.",,1000000.0,1.149999976158142,,,,,,60.0,,,,,,,,,,"Data quality gate failed for FLFL.NS: status=INVALID, score=0.75 (min required 0.70). [CRITICAL] zero_volume: 53 bar(s) (10.6%) with volume below 1.; [INFO] holiday_mismatch: 1 bar(s) fall on a date the configured calendar marks as a non-trading day. Not scored as an error: this system's built-in NSE holiday list only covers fixed-date national holidays (see data/market_calendar.py) and is deliberately incomplete for variable-date holidays -- this may just mean the calendar doesn't know about a legitimate special session or holiday.",BEAR_HIGH_VOL,,
2026-09-10 14:42:10.423576+00:00,FLUOROCHEM.NS,NO TRADE,False,60.16648881464033,WATCH,UP,DEGRADED,No risk assessment available (entry/stop/target could not be computed).; Failed check: signal is directional.; Failed check: confidence sufficient.; Failed check: risk reward sufficient.; Failed check: expected value positive.; Failed check: positive edge after costs.; Failed check: stop loss logical.; Failed check: position size within limits.; Failed check: strong technical setup.; Failed check: news credibility acceptable.,,1000000.0,4795.0,,51.666666666666664,74.0,60.32777247741825,,50.0,,,55.0,75.78524607609731,,,,,,No risk assessment available (entry/stop/target could not be computed).,BULL_LOW_VOL,20.0,
2026-09-10 14:42:11.911913+00:00,FMGOETZE.NS,NO TRADE,False,53.464957731396666,NO TRADE,UP,DEGRADED,No risk assessment available (entry/stop/target could not be computed).; Failed check: signal is directional.; Failed check: confidence sufficient.; Failed check: risk reward sufficient.; Failed check: expected value positive.; Failed check: positive edge after costs.; Failed check: stop loss logical.; Failed check: position size within limits.; Failed check: strong technical setup.; Failed check: news credibility acceptable.,,1000000.0,443.5,,43.333333333333336,70.0,51.29812944786132,,40.0,,,55.0,66.63124123445715,,,,,,No risk assessment available (entry/stop/target could not be computed).,SIDEWAYS_HIGH_VOL,20.0,
2026-09-10 14:42:13.964867+00:00,FMNL.NS,NO TRADE,False,44.661495597292465,NO TRADE,UP,DEGRADED,No risk assessment available (entry/stop/target could not be computed).; Failed check: signal is directional.; Failed check: confidence sufficient.; Failed check: ai signals aligned.; Failed check: risk reward sufficient.; Failed check: expected value positive.; Failed check: positive edge after costs.; Failed check: stop loss logical.; Failed check: position size within limits.; Failed check: sufficient liquidity.; Failed check: strong technical setup.; Failed check: news credibility acceptable.,,1000000.0,9.149999618530273,,35.0,72.0,54.27647938614799,,40.0,,,10.0,66.19311128977974,,,,,,No risk assessment available (entry/stop/target could not be computed).,BEAR_HIGH_VOL,42.0,
2026-09-10 14:42:15.195914+00:00,FORCEMOT.NS,NO TRADE,False,56.666237898337194,NO TRADE,UP,DEGRADED,No risk assessment available (entry/stop/target could not be computed).; Failed check: signal is directional.; Failed check: confidence sufficient.; Failed check: risk reward sufficient.; Failed check: expected value positive.; Failed check: positive edge after costs.; Failed check: stop loss logical.; Failed check: position size within limits.; Failed check: sufficient liquidity.; Failed check: news credibility acceptable.,,1000000.0,18175.0,,60.0,72.0,53.51180286831123,,70.0,,,25.0,72.80673979671201,,,,,,No risk assessment available (entry/stop/target could not be computed).,SIDEWAYS_LOW_VOL,30.0,
2026-09-10 14:42:16.677207+00:00,FORTIS.NS,NO TRADE,False,53.73028637822051,NO TRADE,UP,DEGRADED,No risk assessment available (entry/stop/target could not be computed).; Failed check: signal is directional.; Failed check: confidence sufficient.; Failed check: risk reward sufficient.; Failed check: expected value positive.; Failed check: positive edge after costs.; Failed check: stop loss logical.; Failed check: position size within limits.; Failed check: strong technical setup.; Failed check: news credibility acceptable.,,1000000.0,902.4500122070312,,41.666666666666664,64.0,56.473835822598396,,60.0,,,55.0,69.71253523592749,,,,,,No risk assessment available (entry/stop/target could not be computed).,SIDEWAYS_LOW_VOL,20.0,
2026-09-10 14:42:18.025838+00:00,FOSECOIND.NS,NO TRADE,False,63.09097295587283,WATCH,UP,DEGRADED,No risk assessment available (entry/stop/target could not be computed).; Failed check: signal is directional.; Failed check: confidence sufficient.; Failed check: risk reward sufficient.; Failed check: expected value positive.; Failed check: positive edge after costs.; Failed check: stop loss logical.; Failed check: position size within limits.; Failed check: sufficient liquidity.; Failed check: news credibility acceptable.,,1000000.0,6194.0,,61.666666666666664,,70.0,,50.0,,,40.0,79.37917106857027,,,,,,No risk assessment available (entry/stop/target could not be computed).,BULL_HIGH_VOL,,
2026-09-10 14:42:19.262882+00:00,FRETAIL.NS,NO TRADE,False,0.0,NO TRADE,NONE,INVALID,"Data quality gate failed for FRETAIL.NS: status=INVALID, score=0.75 (min required 0.70). [CRITICAL] zero_volume: 499 bar(s) (100.0%) with volume below 1.; [INFO] holiday_mismatch: 1 bar(s) fall on a date the configured calendar marks as a non-trading day. Not scored as an error: this system's built-in NSE holiday list only covers fixed-date national holidays (see data/market_calendar.py) and is deliberately incomplete for variable-date holidays -- this may just mean the calendar doesn't know about a legitimate special session or holiday.; Forced NO TRADE: this system never trades on data it cannot vouch for, regardless of what any other signal would have said.",,1000000.0,2.2799999713897705,,,,,,60.0,,,,,,,,,,"Data quality gate failed for FRETAIL.NS: status=INVALID, score=0.75 (min required 0.70). [CRITICAL] zero_volume: 499 bar(s) (100.0%) with volume below 1.; [INFO] holiday_mismatch: 1 bar(s) fall on a date the configured calendar marks as a non-trading day. Not scored as an error: this system's built-in NSE holiday list only covers fixed-date national holidays (see data/market_calendar.py) and is deliberately incomplete for variable-date holidays -- this may just mean the calendar doesn't know about a legitimate special session or holiday.",SIDEWAYS_LOW_VOL,,
2026-09-10 14:42:20.551061+00:00,FSC.NS,NO TRADE,False,0.0,NO TRADE,NONE,INVALID,"Data Quality [FSC.NS] as of 2026-09-10T14:42:20.550961+00:00: INVALID (score=0.00, threshold=0.70)
  [CRITICAL] provider_unavailable: No data returned for FSC.NS (2y/1d)",,1000000.0,,,,,,,,,,,,,,,,,"Data Quality [FSC.NS] as of 2026-09-10T14:42:20.550961+00:00: INVALID (score=0.00, threshold=0.70)
  [CRITICAL] provider_unavailable: No data returned for FSC.NS (2y/1d)",UNKNOWN,,
2026-09-10 14:42:22.025472+00:00,FSL.NS,NO TRADE,False,45.89034604305261,NO TRADE,NONE,DEGRADED,No risk assessment available (entry/stop/target could not be computed).; Failed check: signal is directional.; Failed check: confidence sufficient.; Failed check: ai signals aligned.; Failed check: risk reward sufficient.; Failed check: expected value positive.; Failed check: positive edge after costs.; Failed check: stop loss logical.; Failed check: position size within limits.; Failed check: strong technical setup.; Failed check: news credibility acceptable.,,1000000.0,251.5,,28.333333333333332,67.0,45.49714477141189,,40.0,,,40.0,77.12611763360268,,,,,,No risk assessment available (entry/stop/target could not be computed).,BULL_LOW_VOL,30.0,
2026-09-10 14:42:24.140133+00:00,GABRIEL.NS,NO TRADE,False,52.65253724939635,NO TRADE,UP,DEGRADED,No risk assessment available (entry/stop/target could not be computed).; Failed check: signal is directional.; Failed check: confidence sufficient.; Failed check: risk reward sufficient.; Failed check: expected value positive.; Failed check: positive edge after costs.; Failed check: stop loss logical.; Failed check: position size within limits.; Failed check: strong technical setup.; Failed check: news credibility acceptable.,,1000000.0,1338.699951171875,,43.333333333333336,66.0,42.20655583352837,,40.0,,,55.0,79.62943301819097,,,,,,No risk assessment available (entry/stop/target could not be computed).,BULL_LOW_VOL,20.0,
2026-09-10 14:42:25.641217+00:00,GAEL.NS,NO TRADE,False,56.930996225624966,NO TRADE,UP,DEGRADED,No risk assessment available (entry/stop/target could not be computed).; Failed check: signal is directional.; Failed check: confidence sufficient.; Failed check: ai signals aligned.; Failed check: risk reward sufficient.; Failed check: expected value positive.; Failed check: positive edge after costs.; Failed check: stop loss logical.; Failed check: position size within limits.; Failed check: strong technical setup.; Failed check: news credibility acceptable.,,1000000.0,164.8000030517578,,43.333333333333336,90.0,48.02018969987154,,40.0,,,55.0,78.95903557362487,,,,,,No risk assessment available (entry/stop/target could not be computed).,SIDEWAYS_HIGH_VOL,20.0,
2026-09-10 14:42:27.286842+00:00,GAIL.NS,NO TRADE,False,62.26760717759027,WATCH,UP,DEGRADED,No risk assessment available (entry/stop/target could not be computed).; Failed check: signal is directional.; Failed check: confidence sufficient.; Failed check: risk reward sufficient.; Failed check: expected value positive.; Failed check: positive edge after costs.; Failed check: stop loss logical.; Failed check: position size within limits.; Failed check: strong technical setup.; Failed check: news credibility acceptable.,,1000000.0,174.49000549316406,,56.666666666666664,90.0,56.821654239000516,,70.0,,,55.0,68.84287286674106,,,,,,No risk assessment available (entry/stop/target could not be computed).,SIDEWAYS_LOW_VOL,20.0,
2026-09-10 14:42:27.645143+00:00,GAL.NS,NO TRADE,False,0.0,NO TRADE,NONE,INVALID,"Data Quality [GAL.NS] as of 2026-09-10T14:42:27.645030+00:00: INVALID (score=0.00, threshold=0.70)
  [CRITICAL] provider_unavailable: No data returned for GAL.NS (2y/1d)",,1000000.0,,,,,,,,,,,,,,,,,"Data Quality [GAL.NS] as of 2026-09-10T14:42:27.645030+00:00: INVALID (score=0.00, threshold=0.70)
  [CRITICAL] provider_unavailable: No data returned for GAL.NS (2y/1d)",UNKNOWN,,
2026-09-10 14:42:28.939137+00:00,GALAXYSURF.NS,NO TRADE,False,63.12967202639238,WATCH,UP,DEGRADED,No risk assessment available (entry/stop/target could not be computed).; Failed check: signal is directional.; Failed check: confidence sufficient.; Failed check: ai signals aligned.; Failed check: risk reward sufficient.; Failed check: expected value positive.; Failed check: positive edge after costs.; Failed check: stop loss logical.; Failed check: position size within limits.; Failed check: strong technical setup.; Failed check: news credibility acceptable.,,1000000.0,2247.39990234375,,46.666666666666664,90.0,70.0,,50.0,,,55.0,79.95846183118086,,,,,,No risk assessment available (entry/stop/target could not be computed).,BULL_HIGH_VOL,20.0,
2026-09-10 14:42:30.301627+00:00,GALLANTT.NS,NO TRADE,False,48.506475100449585,NO TRADE,DOWN,DEGRADED,No risk assessment available (entry/stop/target could not be computed).; Failed check: signal is directional.; Failed check: confidence sufficient.; Failed check: risk reward sufficient.; Failed check: expected value positive.; Failed check: positive edge after costs.; Failed check: stop loss logical.; Failed check: position size within limits.; Failed check: sufficient liquidity.; Failed check: strong technical setup.; Failed check: news credibility acceptable.,,1000000.0,553.25,,45.0,,50.245398187321435,,60.0,,,25.0,78.17075332171537,,,,,,No risk assessment available (entry/stop/target could not be computed).,BEAR_LOW_VOL,,
2026-09-10 14:42:30.710417+00:00,GALLISPAT.NS,NO TRADE,False,0.0,NO TRADE,NONE,INVALID,"Data Quality [GALLISPAT.NS] as of 2026-09-10T14:42:30.710284+00:00: INVALID (score=0.00, threshold=0.70)
  [CRITICAL] provider_unavailable: No data returned for GALLISPAT.NS (2y/1d)",,1000000.0,,,,,,,,,,,,,,,,,"Data Quality [GALLISPAT.NS] as of 2026-09-10T14:42:30.710284+00:00: INVALID (score=0.00, threshold=0.70)
  [CRITICAL] provider_unavailable: No data returned for GALLISPAT.NS (2y/1d)",UNKNOWN,,
2026-09-10 14:42:31.109665+00:00,GAMMNINFRA.NS,NO TRADE,False,0.0,NO TRADE,NONE,INVALID,"Data Quality [GAMMNINFRA.NS] as of 2026-09-10T14:42:31.109568+00:00: INVALID (score=0.00, threshold=0.70)
  [CRITICAL] provider_unavailable: No data returned for GAMMNINFRA.NS (2y/1d)",,1000000.0,,,,,,,,,,,,,,,,,"Data Quality [GAMMNINFRA.NS] as of 2026-09-10T14:42:31.109568+00:00: INVALID (score=0.00, threshold=0.70)
  [CRITICAL] provider_unavailable: No data returned for GAMMNINFRA.NS (2y/1d)",UNKNOWN,,
2026-09-10 14:42:33.431729+00:00,GANDHITUBE.NS,NO TRADE,False,62.48157557972765,WATCH,UP,DEGRADED,No risk assessment available (entry/stop/target could not be computed).; Failed check: signal is directional.; Failed check: confidence sufficient.; Failed check: ai signals aligned.; Failed check: risk reward sufficient.; Failed check: expected value positive.; Failed check: positive edge after costs.; Failed check: stop loss logical.; Failed check: position size within limits.; Failed check: sufficient liquidity.; Failed check: strong technical setup.; Failed check: news credibility acceptable.,,1000000.0,899.2999877929688,,58.333333333333336,94.0,61.06320177647626,,50.0,,,40.0,70.28740804802683,,,,,,No risk assessment available (entry/stop/target could not be computed).,SIDEWAYS_LOW_VOL,20.0,
2026-09-10 14:42:34.682709+00:00,GANECOS.NS,NO TRADE,False,53.148210936769615,NO TRADE,UP,DEGRADED,No risk assessment available (entry/stop/target could not be computed).; Failed check: signal is directional.; Failed check: confidence sufficient.; Failed check: risk reward sufficient.; Failed check: expected value positive.; Failed check: positive edge after costs.; Failed check: stop loss logical.; Failed check: position size within limits.; Failed check: sufficient liquidity.; Failed check: strong technical setup.; Failed check: news credibility acceptable.,,1000000.0,1048.5999755859375,,51.666666666666664,82.0,49.95928613477063,,70.0,,,10.0,79.97342033327024,,,,,,No risk assessment available (entry/stop/target could not be computed).,BULL_LOW_VOL,20.0,
2026-09-10 14:42:34.969106+00:00,GANESHHOUC.NS,NO TRADE,False,0.0,NO TRADE,NONE,INVALID,"Data Quality [GANESHHOUC.NS] as of 2026-09-10T14:42:34.969001+00:00: INVALID (score=0.00, threshold=0.70)
  [CRITICAL] provider_unavailable: No data returned for GANESHHOUC.NS (2y/1d)",,1000000.0,,,,,,,,,,,,,,,,,"Data Quality [GANESHHOUC.NS] as of 2026-09-10T14:42:34.969001+00:00: INVALID (score=0.00, threshold=0.70)
  [CRITICAL] provider_unavailable: No data returned for GANESHHOUC.NS (2y/1d)",UNKNOWN,,
2026-09-10 14:42:36.186557+00:00,GANGESSECU.NS,NO TRADE,False,49.33256246793432,NO TRADE,DOWN,DEGRADED,No risk assessment available (entry/stop/target could not be computed).; Failed check: signal is directional.; Failed check: confidence sufficient.; Failed check: risk reward sufficient.; Failed check: expected value positive.; Failed check: positive edge after costs.; Failed check: stop loss logical.; Failed check: position size within limits.; Failed check: sufficient liquidity.; Failed check: strong technical setup.; Failed check: news credibility acceptable.,,1000000.0,115.62000274658203,,43.333333333333336,,56.25795844543242,,40.0,,,25.0,78.27510380612398,,,,,,No risk assessment available (entry/stop/target could not be computed).,SIDEWAYS_LOW_VOL,,
2026-09-10 14:42:36.585474+00:00,GARDENSILK.NS,NO TRADE,False,0.0,NO TRADE,NONE,INVALID,"Data Quality [GARDENSILK.NS] as of 2026-09-10T14:42:36.585342+00:00: INVALID (score=0.00, threshold=0.70)
  [CRITICAL] provider_unavailable: No data returned for GARDENSILK.NS (2y/1d)",,1000000.0,,,,,,,,,,,,,,,,,"Data Quality [GARDENSILK.NS] as of 2026-09-10T14:42:36.585342+00:00: INVALID (score=0.00, threshold=0.70)
  [CRITICAL] provider_unavailable: No data returned for GARDENSILK.NS (2y/1d)",UNKNOWN,,
2026-09-10 14:42:38.009606+00:00,GARFIBRES.NS,NO TRADE,False,56.92673308688424,NO TRADE,UP,DEGRADED,No risk assessment available (entry/stop/target could not be computed).; Failed check: signal is directional.; Failed check: confidence sufficient.; Failed check: ai signals aligned.; Failed check: risk reward sufficient.; Failed check: expected value positive.; Failed check: positive edge after costs.; Failed check: stop loss logical.; Failed check: position size within limits.; Failed check: sufficient liquidity.; Failed check: strong technical setup.; Failed check: news credibility acceptable.,,1000000.0,784.5,,46.666666666666664,82.0,65.89248113845538,,50.0,,,25.0,78.88418371790351,,,,,,No risk assessment available (entry/stop/target could not be computed).,BULL_HIGH_VOL,20.0,
2026-09-10 14:42:38.357693+00:00,GATI.NS,NO TRADE,False,0.0,NO TRADE,NONE,INVALID,"Data Quality [GATI.NS] as of 2026-09-10T14:42:38.357596+00:00: INVALID (score=0.00, threshold=0.70)
  [CRITICAL] provider_unavailable: No data returned for GATI.NS (2y/1d)",,1000000.0,,,,,,,,,,,,,,,,,"Data Quality [GATI.NS] as of 2026-09-10T14:42:38.357596+00:00: INVALID (score=0.00, threshold=0.70)
  [CRITICAL] provider_unavailable: No data returned for GATI.NS (2y/1d)",UNKNOWN,,
2026-09-10 14:42:39.669979+00:00,GAYAPROJ.NS,NO TRADE,False,0.0,NO TRADE,NONE,INVALID,"Data quality gate failed for GAYAPROJ.NS: status=INVALID, score=0.75 (min required 0.70). [CRITICAL] zero_volume: 171 bar(s) (34.2%) with volume below 1.; [INFO] holiday_mismatch: 1 bar(s) fall on a date the configured calendar marks as a non-trading day. Not scored as an error: this system's built-in NSE holiday list only covers fixed-date national holidays (see data/market_calendar.py) and is deliberately incomplete for variable-date holidays -- this may just mean the calendar doesn't know about a legitimate special session or holiday.; Forced NO TRADE: this system never trades on data it cannot vouch for, regardless of what any other signal would have said.",,1000000.0,24.799999237060547,,,,,,60.0,,,,,,,,,,"Data quality gate failed for GAYAPROJ.NS: status=INVALID, score=0.75 (min required 0.70). [CRITICAL] zero_volume: 171 bar(s) (34.2%) with volume below 1.; [INFO] holiday_mismatch: 1 bar(s) fall on a date the configured calendar marks as a non-trading day. Not scored as an error: this system's built-in NSE holiday list only covers fixed-date national holidays (see data/market_calendar.py) and is deliberately incomplete for variable-date holidays -- this may just mean the calendar doesn't know about a legitimate special session or holiday.",BULL_HIGH_VOL,,
2026-09-10 14:42:40.028576+00:00,GDL.NS,NO TRADE,False,0.0,NO TRADE,NONE,INVALID,"Data Quality [GDL.NS] as of 2026-09-10T14:42:40.028462+00:00: INVALID (score=0.00, threshold=0.70)
  [CRITICAL] provider_unavailable: No data returned for GDL.NS (2y/1d)",,1000000.0,,,,,,,,,,,,,,,,,"Data Quality [GDL.NS] as of 2026-09-10T14:42:40.028462+00:00: INVALID (score=0.00, threshold=0.70)
  [CRITICAL] provider_unavailable: No data returned for GDL.NS (2y/1d)",UNKNOWN,,
2026-09-10 14:42:41.442210+00:00,GEECEE.NS,NO TRADE,False,53.17704174511027,NO TRADE,UP,DEGRADED,No risk assessment available (entry/stop/target could not be computed).; Failed check: signal is directional.; Failed check: confidence sufficient.; Failed check: ai signals aligned.; Failed check: risk reward sufficient.; Failed check: expected value positive.; Failed check: positive edge after costs.; Failed check: stop loss logical.; Failed check: position size within limits.; Failed check: sufficient liquidity.; Failed check: strong technical setup.; Failed check: news credibility acceptable.,,1000000.0,370.04998779296875,,45.0,86.0,54.703120404565134,,50.0,,,25.0,75.99595387577435,,,,,,No risk assessment available (entry/stop/target could not be computed).,BULL_LOW_VOL,30.0,
2026-09-10 14:42:43.795981+00:00,GENUSPOWER.NS,NO TRADE,False,61.5607222634892,WATCH,UP,DEGRADED,No risk assessment available (entry/stop/target could not be computed).; Failed check: signal is directional.; Failed check: confidence sufficient.; Failed check: ai signals aligned.; Failed check: risk reward sufficient.; Failed check: expected value positive.; Failed check: positive edge after costs.; Failed check: stop loss logical.; Failed check: position size within limits.; Failed check: strong technical setup.; Failed check: news credibility acceptable.,,1000000.0,326.1499938964844,,46.666666666666664,82.0,68.32250068467587,,50.0,,,55.0,77.82611271820359,,,,,,No risk assessment available (entry/stop/target could not be computed).,SIDEWAYS_HIGH_VOL,42.0,
2026-09-10 14:42:45.085129+00:00,GEOJITFSL.NS,NO TRADE,False,55.0103433512764,NO TRADE,NONE,DEGRADED,No risk assessment available (entry/stop/target could not be computed).; Failed check: signal is directional.; Failed check: confidence sufficient.; Failed check: risk reward sufficient.; Failed check: expected value positive.; Failed check: positive edge after costs.; Failed check: stop loss logical.; Failed check: position size within limits.; Failed check: strong technical setup.; Failed check: news credibility acceptable.,,1000000.0,79.47000122070312,,43.333333333333336,61.0,56.21413415607053,,40.0,,,55.0,77.24445115414296,,,,,,No risk assessment available (entry/stop/target could not be computed).,SIDEWAYS_LOW_VOL,35.0,
2026-09-10 14:42:45.442871+00:00,GEPIL.NS,NO TRADE,False,0.0,NO TRADE,NONE,INVALID,"Data Quality [GEPIL.NS] as of 2026-09-10T14:42:45.442757+00:00: INVALID (score=0.00, threshold=0.70)
  [CRITICAL] provider_unavailable: No data returned for GEPIL.NS (2y/1d)",,1000000.0,,,,,,,,,,,,,,,,,"Data Quality [GEPIL.NS] as of 2026-09-10T14:42:45.442757+00:00: INVALID (score=0.00, threshold=0.70)
  [CRITICAL] provider_unavailable: No data returned for GEPIL.NS (2y/1d)",UNKNOWN,,
2026-09-10 14:42:46.752431+00:00,GESHIP.NS,NO TRADE,False,65.22966005835069,WATCH,UP,DEGRADED,No risk assessment available (entry/stop/target could not be computed).; Failed check: signal is directional.; Failed check: confidence sufficient.; Failed check: ai signals aligned.; Failed check: risk reward sufficient.; Failed check: expected value positive.; Failed check: positive edge after costs.; Failed check: stop loss logical.; Failed check: position size within limits.; Failed check: strong technical setup.; Failed check: news credibility acceptable.,,1000000.0,1405.0,,53.333333333333336,94.0,70.0,,70.0,,,55.0,73.24000475882045,,,,,,No risk assessment available (entry/stop/target could not be computed).,SIDEWAYS_LOW_VOL,20.0,
2026-09-10 14:42:47.171655+00:00,GET&D.NS,NO TRADE,False,0.0,NO TRADE,NONE,INVALID,"Data Quality [GET&D.NS] as of 2026-09-10T14:42:47.171557+00:00: INVALID (score=0.00, threshold=0.70)
  [CRITICAL] provider_unavailable: No data returned for GET&D.NS (2y/1d)",,1000000.0,,,,,,,,,,,,,,,,,"Data Quality [GET&D.NS] as of 2026-09-10T14:42:47.171557+00:00: INVALID (score=0.00, threshold=0.70)
  [CRITICAL] provider_unavailable: No data returned for GET&D.NS (2y/1d)",UNKNOWN,,
2026-09-10 14:42:48.556863+00:00,GFLLIMITED.NS,NO TRADE,False,71.88531497060987,MODERATE,UP,DEGRADED,Failed check: news credibility acceptable.,,1000000.0,58.439998626708984,17053,71.66666666666667,76.0,70.0,,70.0,,,70.0,74.42953103759507,,3.1249999999999987,7637.680490415466,327.6496963005066,1649,Failed check: news credibility acceptable.,BULL_HIGH_VOL,30.0,
2026-09-10 14:42:49.478605+00:00,GFSTEELS.NS,NO TRADE,False,0.0,NO TRADE,NONE,INVALID,"Data quality gate failed for GFSTEELS.NS: status=INVALID, score=0.75 (min required 0.70). [CRITICAL] zero_volume: 396 bar(s) (79.2%) with volume below 1.; [INFO] holiday_mismatch: 1 bar(s) fall on a date the configured calendar marks as a non-trading day. Not scored as an error: this system's built-in NSE holiday list only covers fixed-date national holidays (see data/market_calendar.py) and is deliberately incomplete for variable-date holidays -- this may just mean the calendar doesn't know about a legitimate special session or holiday.; Forced NO TRADE: this system never trades on data it cannot vouch for, regardless of what any other signal would have said.",,1000000.0,19.959999084472656,,,,,,45.0,,,,,,,,,,"Data quality gate failed for GFSTEELS.NS: status=INVALID, score=0.75 (min required 0.70). [CRITICAL] zero_volume: 396 bar(s) (79.2%) with volume below 1.; [INFO] holiday_mismatch: 1 bar(s) fall on a date the configured calendar marks as a non-trading day. Not scored as an error: this system's built-in NSE holiday list only covers fixed-date national holidays (see data/market_calendar.py) and is deliberately incomplete for variable-date holidays -- this may just mean the calendar doesn't know about a legitimate special session or holiday.",BULL_HIGH_VOL,,
2026-09-10 14:42:51.047416+00:00,GHCL.NS,NO TRADE,False,54.47817298317523,NO TRADE,UP,DEGRADED,No risk assessment available (entry/stop/target could not be computed).; Failed check: signal is directional.; Failed check: confidence sufficient.; Failed check: ai signals aligned.; Failed check: risk reward sufficient.; Failed check: expected value positive.; Failed check: positive edge after costs.; Failed check: stop loss logical.; Failed check: position size within limits.; Failed check: strong technical setup.; Failed check: news credibility acceptable.,,1000000.0,424.70001220703125,,40.0,79.0,54.32133451543804,,40.0,,,55.0,69.38475339846373,,,,,,No risk assessment available (entry/stop/target could not be computed).,SIDEWAYS_LOW_VOL,20.0,
2026-09-10 14:42:52.645528+00:00,GICHSGFIN.NS,NO TRADE,False,43.71656378697345,NO TRADE,UP,DEGRADED,No risk assessment available (entry/stop/target could not be computed).; Failed check: signal is directional.; Failed check: confidence sufficient.; Failed check: ai signals aligned.; Failed check: risk reward sufficient.; Failed check: expected value positive.; Failed check: positive edge after costs.; Failed check: stop loss logical.; Failed check: position size within limits.; Failed check: sufficient liquidity.; Failed check: strong technical setup.; Failed check: news credibility acceptable.,,1000000.0,136.0,,31.666666666666668,76.0,50.2589993991152,,40.0,,,10.0,72.47288709788259,,,,,,No risk assessment available (entry/stop/target could not be computed).,BEAR_LOW_VOL,55.0,
2026-09-10 14:42:54.370654+00:00,GICRE.NS,NO TRADE,False,48.71052923585937,NO TRADE,DOWN,DEGRADED,No risk assessment available (entry/stop/target could not be computed).; Failed check: signal is directional.; Failed check: confidence sufficient.; Failed check: risk reward sufficient.; Failed check: expected value positive.; Failed check: positive edge after costs.; Failed check: stop loss logical.; Failed check: position size within limits.; Failed check: strong technical setup.; Failed check: news credibility acceptable.,,1000000.0,343.70001220703125,,31.666666666666668,56.0,54.70575899734447,,40.0,,,55.0,70.09864104721032,,,,,,No risk assessment available (entry/stop/target could not be computed).,SIDEWAYS_LOW_VOL,60.0,
2026-09-10 14:42:56.701606+00:00,GILLANDERS.NS,NO TRADE,False,63.32482305094819,WATCH,UP,DEGRADED,No risk assessment available (entry/stop/target could not be computed).; Failed check: signal is directional.; Failed check: confidence sufficient.; Failed check: risk reward sufficient.; Failed check: expected value positive.; Failed check: positive edge after costs.; Failed check: stop loss logical.; Failed check: position size within limits.; Failed check: sufficient liquidity.; Failed check: news credibility acceptable.,,1000000.0,102.37000274658203,,61.666666666666664,70.0,70.0,,50.0,,,40.0,75.93404255604437,,,,,,No risk assessment available (entry/stop/target could not be computed).,BULL_HIGH_VOL,30.0,
2026-09-10 14:42:58.287745+00:00,GILLETTE.NS,NO TRADE,False,49.74078963075461,NO TRADE,UP,DEGRADED,No risk assessment available (entry/stop/target could not be computed).; Failed check: signal is directional.; Failed check: confidence sufficient.; Failed check: risk reward sufficient.; Failed check: expected value positive.; Failed check: positive edge after costs.; Failed check: stop loss logical.; Failed check: position size within limits.; Failed check: sufficient liquidity.; Failed check: strong technical setup.; Failed check: news credibility acceptable.,,1000000.0,7395.0,,45.0,68.0,51.645743489093945,,60.0,,,25.0,67.56156037782873,,,,,,No risk assessment available (entry/stop/target could not be computed).,SIDEWAYS_LOW_VOL,20.0,
2026-09-10 14:42:59.572824+00:00,GINNIFILA.NS,NO TRADE,False,43.26053105975119,NO TRADE,NONE,DEGRADED,No risk assessment available (entry/stop/target could not be computed).; Failed check: signal is directional.; Failed check: confidence sufficient.; Failed check: risk reward sufficient.; Failed check: expected value positive.; Failed check: positive edge after costs.; Failed check: stop loss logical.; Failed check: position size within limits.; Failed check: sufficient liquidity.; Failed check: strong technical setup.; Failed check: news credibility acceptable.,,1000000.0,41.29999923706055,,31.666666666666668,65.0,49.071300065096835,,40.0,,,10.0,79.67083885478644,,,,,,No risk assessment available (entry/stop/target could not be computed).,BEAR_LOW_VOL,20.0,
2026-09-10 14:43:01.238631+00:00,GIPCL.NS,NO TRADE,False,73.0663229163311,MODERATE,UP,DEGRADED,Failed check: news credibility acceptable.,,1000000.0,201.3000030517578,4950,68.33333333333333,94.0,70.0,,60.0,,,70.0,75.26345458523048,,3.1250000000000013,7424.249720381304,534.5320281036377,781,Failed check: news credibility acceptable.,BULL_HIGH_VOL,30.0,
2026-09-10 14:43:02.698903+00:00,GLAND.NS,NO TRADE,False,66.08272502976958,WATCH,UP,DEGRADED,No risk assessment available (entry/stop/target could not be computed).; Failed check: signal is directional.; Failed check: confidence sufficient.; Failed check: risk reward sufficient.; Failed check: expected value positive.; Failed check: positive edge after costs.; Failed check: stop loss logical.; Failed check: position size within limits.; Failed check: news credibility acceptable.,,1000000.0,2946.89990234375,,61.666666666666664,82.0,55.72155909955405,,50.0,,,70.0,75.08984960499401,,,,,,No risk assessment available (entry/stop/target could not be computed).,BULL_LOW_VOL,20.0,
2026-09-10 14:43:04.203733+00:00,GLAXO.NS,NO TRADE,False,60.765994320976525,WATCH,UP,DEGRADED,No risk assessment available (entry/stop/target could not be computed).; Failed check: signal is directional.; Failed check: confidence sufficient.; Failed check: risk reward sufficient.; Failed check: expected value positive.; Failed check: positive edge after costs.; Failed check: stop loss logical.; Failed check: position size within limits.; Failed check: strong technical setup.; Failed check: news credibility acceptable.,,1000000.0,2858.0,,46.666666666666664,78.0,70.0,,50.0,,,55.0,74.37815932978174,,,,,,No risk assessment available (entry/stop/target could not be computed).,BULL_HIGH_VOL,20.0,
2026-09-10 14:43:05.851280+00:00,GLENMARK.NS,NO TRADE,False,59.95414548236593,WATCH,UP,DEGRADED,No risk assessment available (entry/stop/target could not be computed).; Failed check: signal is directional.; Failed check: confidence sufficient.; Failed check: risk reward sufficient.; Failed check: expected value positive.; Failed check: positive edge after costs.; Failed check: stop loss logical.; Failed check: position size within limits.; Failed check: strong technical setup.,,1000000.0,2415.0,,48.333333333333336,82.0,65.62382244000398,,50.0,50.0,,55.0,71.29563090132655,,,,,,No risk assessment available (entry/stop/target could not be computed).,BULL_LOW_VOL,20.0,NEUTRAL
2026-09-10 14:43:07.045196+00:00,GLFL.NS,NO TRADE,False,0.0,NO TRADE,NONE,INVALID,"Data quality gate failed for GLFL.NS: status=INVALID, score=0.75 (min required 0.70). [CRITICAL] zero_volume: 63 bar(s) (12.7%) with volume below 1.; [INFO] holiday_mismatch: 1 bar(s) fall on a date the configured calendar marks as a non-trading day. Not scored as an error: this system's built-in NSE holiday list only covers fixed-date national holidays (see data/market_calendar.py) and is deliberately incomplete for variable-date holidays -- this may just mean the calendar doesn't know about a legitimate special session or holiday.; Forced NO TRADE: this system never trades on data it cannot vouch for, regardless of what any other signal would have said.",,1000000.0,5.260000228881836,,,,,,40.0,,,,,,,,,,"Data quality gate failed for GLFL.NS: status=INVALID, score=0.75 (min required 0.70). [CRITICAL] zero_volume: 63 bar(s) (12.7%) with volume below 1.; [INFO] holiday_mismatch: 1 bar(s) fall on a date the configured calendar marks as a non-trading day. Not scored as an error: this system's built-in NSE holiday list only covers fixed-date national holidays (see data/market_calendar.py) and is deliberately incomplete for variable-date holidays -- this may just mean the calendar doesn't know about a legitimate special session or holiday.",BEAR_HIGH_VOL,,
2026-09-10 14:43:08.760574+00:00,GLOBAL.NS,NO TRADE,False,66.8640332937635,WATCH,UP,DEGRADED,No risk assessment available (entry/stop/target could not be computed).; Failed check: signal is directional.; Failed check: confidence sufficient.; Failed check: risk reward sufficient.; Failed check: expected value positive.; Failed check: positive edge after costs.; Failed check: stop loss logical.; Failed check: position size within limits.; Failed check: news credibility acceptable.,,1000000.0,123.55999755859375,,65.0,54.0,70.0,,60.0,,,70.0,76.5045501901083,,,,,,No risk assessment available (entry/stop/target could not be computed).,BULL_HIGH_VOL,50.0,
2026-09-10 14:43:10.183020+00:00,GLOBE.NS,NO TRADE,False,50.06063475681202,NO TRADE,UP,DEGRADED,No risk assessment available (entry/stop/target could not be computed).; Failed check: signal is directional.; Failed check: confidence sufficient.; Failed check: ai signals aligned.; Failed check: risk reward sufficient.; Failed check: expected value positive.; Failed check: positive edge after costs.; Failed check: stop loss logical.; Failed check: position size within limits.; Failed check: strong technical setup.; Failed check: market conditions acceptable.; Failed check: news credibility acceptable.,,1000000.0,1.850000023841858,,38.333333333333336,82.0,39.55649510117168,,40.0,,,40.0,79.5494940254526,,,,,,No risk assessment available (entry/stop/target could not be computed).,BEAR_LOW_VOL,42.0,
2026-09-10 14:43:11.491349+00:00,GLOBOFFS.NS,NO TRADE,False,0.0,NO TRADE,NONE,INVALID,"Data Quality [GLOBOFFS.NS] as of 2026-09-10T14:43:11.491250+00:00: INVALID (score=0.00, threshold=0.70)
  [CRITICAL] provider_unavailable: No data returned for GLOBOFFS.NS (2y/1d)",,1000000.0,,,,,,,,,,,,,,,,,"Data Quality [GLOBOFFS.NS] as of 2026-09-10T14:43:11.491250+00:00: INVALID (score=0.00, threshold=0.70)
  [CRITICAL] provider_unavailable: No data returned for GLOBOFFS.NS (2y/1d)",UNKNOWN,,
2026-09-10 14:43:12.947781+00:00,GLOBUSSPR.NS,NO TRADE,False,43.67073523259939,NO TRADE,UP,DEGRADED,No risk assessment available (entry/stop/target could not be computed).; Failed check: signal is directional.; Failed check: confidence sufficient.; Failed check: ai signals aligned.; Failed check: risk reward sufficient.; Failed check: expected value positive.; Failed check: positive edge after costs.; Failed check: stop loss logical.; Failed check: position size within limits.; Failed check: sufficient liquidity.; Failed check: strong technical setup.; Failed check: news credibility acceptable.,,1000000.0,837.5499877929688,,26.666666666666668,90.0,48.80707883676778,,25.0,,,10.0,72.60930983922078,,,,,,No risk assessment available (entry/stop/target could not be computed).,BEAR_LOW_VOL,20.0,
2026-09-10 14:43:14.269443+00:00,GMDCLTD.NS,NO TRADE,False,61.80476547235326,WATCH,UP,DEGRADED,No risk assessment available (entry/stop/target could not be computed).; Failed check: signal is directional.; Failed check: confidence sufficient.; Failed check: risk reward sufficient.; Failed check: expected value positive.; Failed check: positive edge after costs.; Failed check: stop loss logical.; Failed check: position size within limits.; Failed check: strong technical setup.; Failed check: news credibility acceptable.,,1000000.0,579.0,,56.666666666666664,79.0,57.152751892042005,,70.0,,,55.0,72.88487963437848,,,,,,No risk assessment available (entry/stop/target could not be computed).,SIDEWAYS_LOW_VOL,20.0,
2026-09-10 14:43:15.488590+00:00,GMMPFAUDLR.NS,NO TRADE,False,67.64157842109918,WATCH,UP,DEGRADED,No risk assessment available (entry/stop/target could not be computed).; Failed check: signal is directional.; Failed check: confidence sufficient.; Failed check: risk reward sufficient.; Failed check: expected value positive.; Failed check: positive edge after costs.; Failed check: stop loss logical.; Failed check: position size within limits.; Failed check: news credibility acceptable.,,1000000.0,1319.199951171875,,60.0,70.0,70.0,,45.0,,,70.0,78.96573723659301,,,,,,No risk assessment available (entry/stop/target could not be computed).,BULL_HIGH_VOL,30.0,
2026-09-10 14:43:15.806063+00:00,GMRINFRA.NS,NO TRADE,False,0.0,NO TRADE,NONE,INVALID,"Data Quality [GMRINFRA.NS] as of 2026-09-10T14:43:15.805957+00:00: INVALID (score=0.00, threshold=0.70)
  [CRITICAL] provider_unavailable: No data returned for GMRINFRA.NS (2y/1d)",,1000000.0,,,,,,,,,,,,,,,,,"Data Quality [GMRINFRA.NS] as of 2026-09-10T14:43:15.805957+00:00: INVALID (score=0.00, threshold=0.70)
  [CRITICAL] provider_unavailable: No data returned for GMRINFRA.NS (2y/1d)",UNKNOWN,,
2026-09-10 14:43:17.249427+00:00,GNA.NS,NO TRADE,False,59.34421093033895,WATCH,UP,DEGRADED,No risk assessment available (entry/stop/target could not be computed).; Failed check: signal is directional.; Failed check: confidence sufficient.; Failed check: risk reward sufficient.; Failed check: expected value positive.; Failed check: positive edge after costs.; Failed check: stop loss logical.; Failed check: position size within limits.; Failed check: strong technical setup.; Failed check: news credibility acceptable.,,1000000.0,553.9500122070312,,48.333333333333336,66.0,62.97134438002641,,50.0,,,55.0,79.56593190476885,,,,,,No risk assessment available (entry/stop/target could not be computed).,BULL_LOW_VOL,20.0,
2026-09-10 14:43:18.698727+00:00,GNFC.NS,NO TRADE,False,60.04430009587186,WATCH,UP,DEGRADED,No risk assessment available (entry/stop/target could not be computed).; Failed check: signal is directional.; Failed check: confidence sufficient.; Failed check: ai signals aligned.; Failed check: risk reward sufficient.; Failed check: expected value positive.; Failed check: positive edge after costs.; Failed check: stop loss logical.; Failed check: position size within limits.; Failed check: strong technical setup.; Failed check: news credibility acceptable.,,1000000.0,570.75,,46.666666666666664,94.0,57.92322055594632,,50.0,,,55.0,72.97743211111677,,,,,,No risk assessment available (entry/stop/target could not be computed).,BULL_LOW_VOL,20.0,
2026-09-10 14:43:20.071294+00:00,GOCLCORP.NS,NO TRADE,False,71.29901207996282,MODERATE,UP,DEGRADED,Failed check: news credibility acceptable.,,1000000.0,432.20001220703125,2305,68.33333333333333,79.0,70.0,,70.0,,,70.0,75.35185642610942,,3.1250000000000027,7431.396198111096,531.951775024414,362,Failed check: news credibility acceptable.,BULL_HIGH_VOL,35.0,
2026-09-10 14:43:21.556468+00:00,GODFRYPHLP.NS,NO TRADE,False,42.604537357597486,NO TRADE,DOWN,DEGRADED,No risk assessment available (entry/stop/target could not be computed).; Failed check: signal is directional.; Failed check: confidence sufficient.; Failed check: risk reward sufficient.; Failed check: expected value positive.; Failed check: positive edge after costs.; Failed check: stop loss logical.; Failed check: position size within limits.; Failed check: strong technical setup.; Failed check: market conditions acceptable.; Failed check: news credibility acceptable.,,1000000.0,1972.0,,28.333333333333332,60.0,39.88307292379181,,40.0,,,40.0,71.94158509857864,,,,,,No risk assessment available (entry/stop/target could not be computed).,BEAR_LOW_VOL,35.0,
2026-09-10 14:43:21.853284+00:00,GODHA.NS,NO TRADE,False,0.0,NO TRADE,NONE,INVALID,"Data Quality [GODHA.NS] as of 2026-09-10T14:43:21.853189+00:00: INVALID (score=0.00, threshold=0.70)
  [CRITICAL] provider_unavailable: No data returned for GODHA.NS (2y/1d)",,1000000.0,,,,,,,,,,,,,,,,,"Data Quality [GODHA.NS] as of 2026-09-10T14:43:21.853189+00:00: INVALID (score=0.00, threshold=0.70)
  [CRITICAL] provider_unavailable: No data returned for GODHA.NS (2y/1d)",UNKNOWN,,
2026-09-10 14:43:24.102165+00:00,GODREJAGRO.NS,NO TRADE,False,68.07721571990655,WATCH,UP,DEGRADED,No risk assessment available (entry/stop/target could not be computed).; Failed check: signal is directional.; Failed check: confidence sufficient.; Failed check: risk reward sufficient.; Failed check: expected value positive.; Failed check: positive edge after costs.; Failed check: stop loss logical.; Failed check: position size within limits.; Failed check: news credibility acceptable.,,1000000.0,673.0499877929688,,68.33333333333333,53.0,70.0,,60.0,,,70.0,76.19443774387453,,,,,,No risk assessment available (entry/stop/target could not be computed).,BULL_HIGH_VOL,30.0,
2026-09-10 14:43:25.484793+00:00,GODREJCP.NS,NO TRADE,False,48.54201473502717,NO TRADE,UP,DEGRADED,No risk assessment available (entry/stop/target could not be computed).; Failed check: signal is directional.; Failed check: confidence sufficient.; Failed check: ai signals aligned.; Failed check: risk reward sufficient.; Failed check: expected value positive.; Failed check: positive edge after costs.; Failed check: stop loss logical.; Failed check: position size within limits.; Failed check: strong technical setup.; Failed check: news credibility acceptable.,,1000000.0,869.9000244140625,,33.333333333333336,82.0,43.50476605948359,,25.0,,,40.0,70.94572217977978,,,,,,No risk assessment available (entry/stop/target could not be computed).,BEAR_LOW_VOL,20.0,
2026-09-10 14:43:26.679718+00:00,GODREJIND.NS,NO TRADE,False,45.42239303804265,NO TRADE,DOWN,DEGRADED,No risk assessment available (entry/stop/target could not be computed).; Failed check: signal is directional.; Failed check: confidence sufficient.; Failed check: risk reward sufficient.; Failed check: expected value positive.; Failed check: positive edge after costs.; Failed check: stop loss logical.; Failed check: position size within limits.; Failed check: strong technical setup.; Failed check: market conditions acceptable.; Failed check: news credibility acceptable.,,1000000.0,1122.300048828125,,38.333333333333336,34.0,36.057614872499784,,40.0,,,55.0,76.71662801223523,,,,,,No risk assessment available (entry/stop/target could not be computed).,BEAR_LOW_VOL,55.0,
2026-09-10 14:43:27.851872+00:00,GODREJPROP.NS,NO TRADE,False,47.36823016903769,NO TRADE,NONE,DEGRADED,No risk assessment available (entry/stop/target could not be computed).; Failed check: signal is directional.; Failed check: confidence sufficient.; Failed check: ai signals aligned.; Failed check: risk reward sufficient.; Failed check: expected value positive.; Failed check: positive edge after costs.; Failed check: stop loss logical.; Failed check: position size within limits.; Failed check: strong technical setup.; Failed check: news credibility acceptable.,,1000000.0,1872.0,,31.666666666666668,71.0,45.43118384878715,,40.0,,,40.0,74.96463473879696,,,,,,No risk assessment available (entry/stop/target could not be computed).,SIDEWAYS_LOW_VOL,45.0,
2026-09-10 14:43:29.466268+00:00,GOKEX.NS,NO TRADE,False,55.18038321850633,NO TRADE,UP,DEGRADED,No risk assessment available (entry/stop/target could not be computed).; Failed check: signal is directional.; Failed check: confidence sufficient.; Failed check: risk reward sufficient.; Failed check: expected value positive.; Failed check: positive edge after costs.; Failed check: stop loss logical.; Failed check: position size within limits.; Failed check: strong technical setup.; Failed check: news credibility acceptable.,,1000000.0,773.0999755859375,,41.666666666666664,72.0,55.042718442829155,,60.0,,,55.0,73.83478011232022,,,,,,No risk assessment available (entry/stop/target could not be computed).,BEAR_LOW_VOL,30.0,
2026-09-10 14:43:30.814580+00:00,GOKUL.NS,NO TRADE,False,66.29620798730383,WATCH,UP,DEGRADED,No risk assessment available (entry/stop/target could not be computed).; Failed check: signal is directional.; Failed check: confidence sufficient.; Failed check: risk reward sufficient.; Failed check: expected value positive.; Failed check: positive edge after costs.; Failed check: stop loss logical.; Failed check: position size within limits.; Failed check: news credibility acceptable.,,1000000.0,42.61000061035156,,61.666666666666664,72.0,70.0,,70.0,,,55.0,78.6494999651207,,,,,,No risk assessment available (entry/stop/target could not be computed).,SIDEWAYS_LOW_VOL,42.0,
2026-09-10 14:43:32.170757+00:00,GOKULAGRO.NS,NO TRADE,False,55.61601889126855,NO TRADE,UP,DEGRADED,No risk assessment available (entry/stop/target could not be computed).; Failed check: signal is directional.; Failed check: confidence sufficient.; Failed check: risk reward sufficient.; Failed check: expected value positive.; Failed check: positive edge after costs.; Failed check: stop loss logical.; Failed check: position size within limits.; Failed check: strong technical setup.; Failed check: news credibility acceptable.,,1000000.0,226.39999389648438,,43.333333333333336,76.0,49.69295965428835,,40.0,,,55.0,77.55990314896191,,,,,,No risk assessment available (entry/stop/target could not be computed).,BULL_LOW_VOL,20.0,
2026-09-10 14:43:33.488934+00:00,GOLDENTOBC.NS,NO TRADE,False,47.70339458289662,NO TRADE,DOWN,DEGRADED,No risk assessment available (entry/stop/target could not be computed).; Failed check: signal is directional.; Failed check: confidence sufficient.; Failed check: risk reward sufficient.; Failed check: expected value positive.; Failed check: positive edge after costs.; Failed check: stop loss logical.; Failed check: position size within limits.; Failed check: sufficient liquidity.; Failed check: strong technical setup.; Failed check: news credibility acceptable.,,1000000.0,24.5,,45.0,,49.59817609381605,,70.0,,,25.0,74.32310335665564,,,,,,No risk assessment available (entry/stop/target could not be computed).,SIDEWAYS_HIGH_VOL,,
2026-09-10 14:43:34.974812+00:00,GOLDIAM.NS,NO TRADE,False,48.59612072541887,NO TRADE,UP,DEGRADED,No risk assessment available (entry/stop/target could not be computed).; Failed check: signal is directional.; Failed check: confidence sufficient.; Failed check: ai signals aligned.; Failed check: risk reward sufficient.; Failed check: expected value positive.; Failed check: positive edge after costs.; Failed check: stop loss logical.; Failed check: position size within limits.; Failed check: strong technical setup.; Failed check: market conditions acceptable.; Failed check: news credibility acceptable.,,1000000.0,327.8999938964844,,31.666666666666668,90.0,37.996102614751926,,40.0,,,40.0,78.5768947605918,,,,,,No risk assessment available (entry/stop/target could not be computed).,SIDEWAYS_LOW_VOL,20.0,
2026-09-10 14:43:36.169315+00:00,GOLDTECH.NS,NO TRADE,False,41.301269103607815,NO TRADE,NONE,DEGRADED,No risk assessment available (entry/stop/target could not be computed).; Failed check: signal is directional.; Failed check: confidence sufficient.; Failed check: risk reward sufficient.; Failed check: expected value positive.; Failed check: positive edge after costs.; Failed check: stop loss logical.; Failed check: position size within limits.; Failed check: sufficient liquidity.; Failed check: strong technical setup.; Failed check: news credibility acceptable.,,1000000.0,46.5,,35.0,64.0,40.57782152864271,,40.0,,,10.0,75.74512144305685,,,,,,No risk assessment available (entry/stop/target could not be computed).,BEAR_HIGH_VOL,20.0,
2026-09-10 14:43:38.430115+00:00,GOODLUCK.NS,NO TRADE,False,64.26639062143943,WATCH,UP,DEGRADED,No risk assessment available (entry/stop/target could not be computed).; Failed check: signal is directional.; Failed check: confidence sufficient.; Failed check: risk reward sufficient.; Failed check: expected value positive.; Failed check: positive edge after costs.; Failed check: stop loss logical.; Failed check: position size within limits.; Failed check: strong technical setup.; Failed check: news credibility acceptable.,,1000000.0,519.8499755859375,,53.333333333333336,82.0,70.0,,70.0,,,55.0,77.36261431819841,,,,,,No risk assessment available (entry/stop/target could not be computed).,SIDEWAYS_HIGH_VOL,30.0,
2026-09-10 14:43:39.880561+00:00,GOODYEAR.NS,NO TRADE,False,0.0,NO TRADE,NONE,DEGRADED,No risk assessment available (entry/stop/target could not be computed).; Failed check: signal is directional.; Failed check: confidence sufficient.; Failed check: ai signals aligned.; Failed check: risk reward sufficient.; Failed check: expected value positive.; Failed check: positive edge after costs.; Failed check: stop loss logical.; Failed check: position size within limits.; Failed check: sufficient liquidity.; Failed check: strong technical setup.; Failed check: news credibility acceptable.,,1000000.0,724.7000122070312,,,,,,40.0,,,,,,,,,,No risk assessment available (entry/stop/target could not be computed).,BEAR_LOW_VOL,,
2026-09-10 14:43:41.348757+00:00,GPIL.NS,NO TRADE,False,64.69505617732494,WATCH,UP,DEGRADED,No risk assessment available (entry/stop/target could not be computed).; Failed check: signal is directional.; Failed check: confidence sufficient.; Failed check: risk reward sufficient.; Failed check: expected value positive.; Failed check: positive edge after costs.; Failed check: stop loss logical.; Failed check: position size within limits.; Failed check: strong technical setup.; Failed check: news credibility acceptable.,,1000000.0,252.22999572753906,,56.666666666666664,79.0,70.0,,70.0,,,55.0,74.3702737968406,,,,,,No risk assessment available (entry/stop/target could not be computed).,SIDEWAYS_LOW_VOL,20.0,
2026-09-10 14:43:42.695163+00:00,GPPL.NS,NO TRADE,False,62.68496030782826,WATCH,UP,DEGRADED,No risk assessment available (entry/stop/target could not be computed).; Failed check: signal is directional.; Failed check: confidence sufficient.; Failed check: ai signals aligned.; Failed check: risk reward sufficient.; Failed check: expected value positive.; Failed check: positive edge after costs.; Failed check: stop loss logical.; Failed check: position size within limits.; Failed check: strong technical setup.; Failed check: news credibility acceptable.,,1000000.0,162.32000732421875,,46.666666666666664,94.0,70.0,,50.0,,,55.0,72.44453582603656,,,,,,No risk assessment available (entry/stop/target could not be computed).,BULL_LOW_VOL,20.0,
2026-09-10 14:43:43.811032+00:00,GPTINFRA.NS,NO TRADE,False,59.32487468855484,WATCH,UP,DEGRADED,No risk assessment available (entry/stop/target could not be computed).; Failed check: signal is directional.; Failed check: confidence sufficient.; Failed check: risk reward sufficient.; Failed check: expected value positive.; Failed check: positive edge after costs.; Failed check: stop loss logical.; Failed check: position size within limits.; Failed check: strong technical setup.; Failed check: news credibility acceptable.,,1000000.0,113.47000122070312,,56.666666666666664,65.0,51.7049375530291,,70.0,,,55.0,77.22899554721722,,,,,,No risk assessment available (entry/stop/target could not be computed).,BEAR_LOW_VOL,20.0,
2026-09-10 14:43:45.375488+00:00,GRANULES.NS,NO TRADE,False,63.17648137048904,WATCH,UP,DEGRADED,No risk assessment available (entry/stop/target could not be computed).; Failed check: signal is directional.; Failed check: confidence sufficient.; Failed check: risk reward sufficient.; Failed check: expected value positive.; Failed check: positive edge after costs.; Failed check: stop loss logical.; Failed check: position size within limits.; Failed check: strong technical setup.; Failed check: news credibility acceptable.,,1000000.0,899.25,,53.333333333333336,82.0,66.808181734766,,70.0,,,55.0,73.86874347385945,,,,,,No risk assessment available (entry/stop/target could not be computed).,BULL_LOW_VOL,20.0,
2026-09-10 14:43:46.970279+00:00,GRAPHITE.NS,NO TRADE,False,68.21758619122517,WATCH,UP,DEGRADED,No risk assessment available (entry/stop/target could not be computed).; Failed check: signal is directional.; Failed check: confidence sufficient.; Failed check: risk reward sufficient.; Failed check: expected value positive.; Failed check: positive edge after costs.; Failed check: stop loss logical.; Failed check: position size within limits.; Failed check: news credibility acceptable.,,1000000.0,824.7999877929688,,60.0,74.0,70.0,,45.0,,,70.0,79.63870799115647,,,,,,No risk assessment available (entry/stop/target could not be computed).,BULL_HIGH_VOL,20.0,
2026-09-10 14:43:48.543201+00:00,GRASIM.NS,NO TRADE,False,64.16597348858504,WATCH,UP,DEGRADED,No risk assessment available (entry/stop/target could not be computed).; Failed check: signal is directional.; Failed check: confidence sufficient.; Failed check: risk reward sufficient.; Failed check: expected value positive.; Failed check: positive edge after costs.; Failed check: stop loss logical.; Failed check: position size within limits.; Failed check: strong technical setup.; Failed check: news credibility acceptable.,,1000000.0,3319.0,,58.333333333333336,74.0,61.09766485683632,,50.0,,,70.0,69.09038364581713,,,,,,No risk assessment available (entry/stop/target could not be computed).,BULL_LOW_VOL,42.0,
2026-09-10 14:43:49.837468+00:00,GRAVITA.NS,NO TRADE,False,54.7586748392993,NO TRADE,UP,DEGRADED,No risk assessment available (entry/stop/target could not be computed).; Failed check: signal is directional.; Failed check: confidence sufficient.; Failed check: risk reward sufficient.; Failed check: expected value positive.; Failed check: positive edge after costs.; Failed check: stop loss logical.; Failed check: position size within limits.; Failed check: strong technical setup.; Failed check: news credibility acceptable.,,1000000.0,1698.0999755859375,,43.333333333333336,78.0,46.63450362109576,,40.0,,,55.0,73.94841684574916,,,,,,No risk assessment available (entry/stop/target could not be computed).,SIDEWAYS_LOW_VOL,20.0,
2026-09-10 14:43:51.171868+00:00,GREAVESCOT.NS,NO TRADE,False,54.653279629793644,NO TRADE,DOWN,DEGRADED,No risk assessment available (entry/stop/target could not be computed).; Failed check: signal is directional.; Failed check: confidence sufficient.; Failed check: risk reward sufficient.; Failed check: expected value positive.; Failed check: positive edge after costs.; Failed check: stop loss logical.; Failed check: position size within limits.; Failed check: strong technical setup.; Failed check: news credibility acceptable.,,1000000.0,193.60000610351562,,45.0,,56.498188276854464,,60.0,,,55.0,75.6723953634801,,,,,,No risk assessment available (entry/stop/target could not be computed).,BEAR_LOW_VOL,,
2026-09-10 14:43:53.529515+00:00,GREENLAM.NS,NO TRADE,False,42.831634129034725,NO TRADE,DOWN,DEGRADED,No risk assessment available (entry/stop/target could not be computed).; Failed check: signal is directional.; Failed check: confidence sufficient.; Failed check: risk reward sufficient.; Failed check: expected value positive.; Failed check: positive edge after costs.; Failed check: stop loss logical.; Failed check: position size within limits.; Failed check: sufficient liquidity.; Failed check: strong technical setup.; Failed check: news credibility acceptable.,,1000000.0,236.38999938964844,,31.666666666666668,60.0,43.68118017574183,,40.0,,,25.0,74.1956613289162,,,,,,No risk assessment available (entry/stop/target could not be computed).,BEAR_LOW_VOL,30.0,
2026-09-10 14:43:54.831171+00:00,GREENPANEL.NS,NO TRADE,False,53.326735554050494,NO TRADE,NONE,DEGRADED,No risk assessment available (entry/stop/target could not be computed).; Failed check: signal is directional.; Failed check: confidence sufficient.; Failed check: risk reward sufficient.; Failed check: expected value positive.; Failed check: positive edge after costs.; Failed check: stop loss logical.; Failed check: position size within limits.; Failed check: strong technical setup.; Failed check: news credibility acceptable.,,1000000.0,159.99000549316406,,48.333333333333336,54.0,43.57446649142369,,60.0,,,55.0,78.21253568952956,,,,,,No risk assessment available (entry/stop/target could not be computed).,BEAR_LOW_VOL,20.0,
2026-09-10 14:43:56.162239+00:00,GREENPLY.NS,NO TRADE,False,63.817657154071725,WATCH,UP,DEGRADED,No risk assessment available (entry/stop/target could not be computed).; Failed check: signal is directional.; Failed check: confidence sufficient.; Failed check: risk reward sufficient.; Failed check: expected value positive.; Failed check: positive edge after costs.; Failed check: stop loss logical.; Failed check: position size within limits.; Failed check: strong technical setup.; Failed check: news credibility acceptable.,,1000000.0,296.70001220703125,,56.666666666666664,78.0,65.8302975410334,,70.0,,,55.0,75.49534277040236,,,,,,No risk assessment available (entry/stop/target could not be computed).,SIDEWAYS_LOW_VOL,30.0,
2026-09-10 14:43:57.384605+00:00,GRINDWELL.NS,NO TRADE,False,44.324817540180675,NO TRADE,UP,DEGRADED,No risk assessment available (entry/stop/target could not be computed).; Failed check: signal is directional.; Failed check: confidence sufficient.; Failed check: ai signals aligned.; Failed check: risk reward sufficient.; Failed check: expected value positive.; Failed check: positive edge after costs.; Failed check: stop loss logical.; Failed check: position size within limits.; Failed check: sufficient liquidity.; Failed check: strong technical setup.; Failed check: market conditions acceptable.; Failed check: news credibility acceptable.,,1000000.0,1907.699951171875,,38.333333333333336,82.0,35.056860405921284,,40.0,,,10.0,74.44192229093586,,,,,,No risk assessment available (entry/stop/target could not be computed).,BEAR_LOW_VOL,20.0,
2026-09-10 14:43:58.670074+00:00,GROBTEA.NS,NO TRADE,False,57.05112197112325,NO TRADE,UP,DEGRADED,No risk assessment available (entry/stop/target could not be computed).; Failed check: signal is directional.; Failed check: confidence sufficient.; Failed check: ai signals aligned.; Failed check: risk reward sufficient.; Failed check: expected value positive.; Failed check: positive edge after costs.; Failed check: stop loss logical.; Failed check: position size within limits.; Failed check: sufficient liquidity.; Failed check: strong technical setup.; Failed check: news credibility acceptable.,,1000000.0,960.0,,46.666666666666664,90.0,64.41022143152281,,50.0,,,25.0,77.56788959084551,,,,,,No risk assessment available (entry/stop/target could not be computed).,BULL_LOW_VOL,30.0,
2026-09-10 14:44:00.025157+00:00,GRPLTD.NS,NO TRADE,False,51.95353505275262,NO TRADE,UP,DEGRADED,No risk assessment available (entry/stop/target could not be computed).; Failed check: signal is directional.; Failed check: confidence sufficient.; Failed check: risk reward sufficient.; Failed check: expected value positive.; Failed check: positive edge after costs.; Failed check: stop loss logical.; Failed check: position size within limits.; Failed check: sufficient liquidity.; Failed check: strong technical setup.; Failed check: news credibility acceptable.,,1000000.0,1992.5,,46.666666666666664,62.0,57.27041196398142,,50.0,,,25.0,76.12455014809139,,,,,,No risk assessment available (entry/stop/target could not be computed).,BULL_LOW_VOL,42.0,
2026-09-10 14:44:01.473150+00:00,GRSE.NS,NO TRADE,False,45.36479766958111,NO TRADE,UP,DEGRADED,No risk assessment available (entry/stop/target could not be computed).; Failed check: signal is directional.; Failed check: confidence sufficient.; Failed check: ai signals aligned.; Failed check: risk reward sufficient.; Failed check: expected value positive.; Failed check: positive edge after costs.; Failed check: stop loss logical.; Failed check: position size within limits.; Failed check: strong technical setup.; Failed check: news credibility acceptable.,,1000000.0,2438.0,,28.333333333333332,78.0,42.32258181311786,,40.0,,,40.0,72.0177322114909,,,,,,No risk assessment available (entry/stop/target could not be computed).,BEAR_LOW_VOL,20.0,
2026-09-10 14:44:01.760167+00:00,GSCLCEMENT.NS,NO TRADE,False,0.0,NO TRADE,NONE,INVALID,"Data Quality [GSCLCEMENT.NS] as of 2026-09-10T14:44:01.760064+00:00: INVALID (score=0.00, threshold=0.70)
  [CRITICAL] provider_unavailable: No data returned for GSCLCEMENT.NS (2y/1d)",,1000000.0,,,,,,,,,,,,,,,,,"Data Quality [GSCLCEMENT.NS] as of 2026-09-10T14:44:01.760064+00:00: INVALID (score=0.00, threshold=0.70)
  [CRITICAL] provider_unavailable: No data returned for GSCLCEMENT.NS (2y/1d)",UNKNOWN,,
2026-09-10 14:44:03.188382+00:00,GSFC.NS,NO TRADE,False,68.91738740176109,WATCH,UP,DEGRADED,No risk assessment available (entry/stop/target could not be computed).; Failed check: signal is directional.; Failed check: confidence sufficient.; Failed check: risk reward sufficient.; Failed check: expected value positive.; Failed check: positive edge after costs.; Failed check: stop loss logical.; Failed check: position size within limits.; Failed check: news credibility acceptable.,,1000000.0,160.3000030517578,,68.33333333333333,90.0,57.45273291505255,,70.0,,,70.0,68.4853824809997,,,,,,No risk assessment available (entry/stop/target could not be computed).,SIDEWAYS_LOW_VOL,20.0,
2026-09-10 14:44:03.372150+00:00,GSPL.NS,NO TRADE,False,0.0,NO TRADE,NONE,INVALID,"Technical analysis could not run: GSPL.NS: need at least 20 bars for technical analysis, got 1",,1000000.0,,,,,,,,,,,,,,,,,"Technical analysis could not run: GSPL.NS: need at least 20 bars for technical analysis, got 1",UNKNOWN,,
2026-09-10 14:44:05.867022+00:00,GSS.NS,NO TRADE,False,34.08663324657395,NO TRADE,DOWN,DEGRADED,No risk assessment available (entry/stop/target could not be computed).; Failed check: signal is directional.; Failed check: confidence sufficient.; Failed check: risk reward sufficient.; Failed check: expected value positive.; Failed check: positive edge after costs.; Failed check: stop loss logical.; Failed check: position size within limits.; Failed check: sufficient liquidity.; Failed check: strong technical setup.; Failed check: market conditions acceptable.; Failed check: news credibility acceptable.,,1000000.0,10.470000267028809,,30.0,49.0,30.0,,25.0,,,10.0,65.01211386279115,,,,,,No risk assessment available (entry/stop/target could not be computed).,BEAR_HIGH_VOL,20.0,
2026-09-10 14:44:07.272207+00:00,GTL.NS,NO TRADE,False,49.74568376342312,NO TRADE,UP,DEGRADED,No risk assessment available (entry/stop/target could not be computed).; Failed check: signal is directional.; Failed check: confidence sufficient.; Failed check: risk reward sufficient.; Failed check: expected value positive.; Failed check: positive edge after costs.; Failed check: stop loss logical.; Failed check: position size within limits.; Failed check: strong technical setup.; Failed check: news credibility acceptable.,,1000000.0,7.199999809265137,,38.333333333333336,72.0,45.2800352317158,,50.0,,,40.0,76.67026197650003,,,,,,No risk assessment available (entry/stop/target could not be computed).,BEAR_LOW_VOL,30.0,
2026-09-10 14:44:08.481544+00:00,GTLINFRA.NS,NO TRADE,False,43.93308101838116,NO TRADE,DOWN,DEGRADED,No risk assessment available (entry/stop/target could not be computed).; Failed check: signal is directional.; Failed check: confidence sufficient.; Failed check: risk reward sufficient.; Failed check: expected value positive.; Failed check: positive edge after costs.; Failed check: stop loss logical.; Failed check: position size within limits.; Failed check: strong technical setup.; Failed check: news credibility acceptable.,,1000000.0,1.1699999570846558,,31.666666666666668,45.0,45.90835815776772,,40.0,,,40.0,74.812830199344,,,,,,No risk assessment available (entry/stop/target could not be computed).,BEAR_LOW_VOL,45.0,
2026-09-10 14:44:08.879928+00:00,GTNTEX.NS,NO TRADE,False,0.0,NO TRADE,NONE,INVALID,"Data Quality [GTNTEX.NS] as of 2026-09-10T14:44:08.879833+00:00: INVALID (score=0.00, threshold=0.70)
  [CRITICAL] provider_unavailable: No data returned for GTNTEX.NS (2y/1d)",,1000000.0,,,,,,,,,,,,,,,,,"Data Quality [GTNTEX.NS] as of 2026-09-10T14:44:08.879833+00:00: INVALID (score=0.00, threshold=0.70)
  [CRITICAL] provider_unavailable: No data returned for GTNTEX.NS (2y/1d)",UNKNOWN,,
2026-09-10 14:44:10.327762+00:00,GTPL.NS,NO TRADE,False,57.23090715958567,NO TRADE,UP,DEGRADED,No risk assessment available (entry/stop/target could not be computed).; Failed check: signal is directional.; Failed check: confidence sufficient.; Failed check: risk reward sufficient.; Failed check: expected value positive.; Failed check: positive edge after costs.; Failed check: stop loss logical.; Failed check: position size within limits.; Failed check: sufficient liquidity.; Failed check: strong technical setup.; Failed check: news credibility acceptable.,,1000000.0,59.75,,53.333333333333336,59.0,70.0,,70.0,,,25.0,78.5094176644719,,,,,,No risk assessment available (entry/stop/target could not be computed).,SIDEWAYS_LOW_VOL,35.0,
2026-09-10 14:44:11.760795+00:00,GUFICBIO.NS,NO TRADE,False,58.04226367785053,NO TRADE,UP,DEGRADED,No risk assessment available (entry/stop/target could not be computed).; Failed check: signal is directional.; Failed check: confidence sufficient.; Failed check: risk reward sufficient.; Failed check: expected value positive.; Failed check: positive edge after costs.; Failed check: stop loss logical.; Failed check: position size within limits.; Failed check: strong technical setup.; Failed check: news credibility acceptable.,,1000000.0,422.6499938964844,,46.666666666666664,78.0,53.757647743859,,50.0,,,55.0,79.21766467478221,,,,,,No risk assessment available (entry/stop/target could not be computed).,BULL_LOW_VOL,30.0,
2026-09-10 14:44:13.137188+00:00,GUJALKALI.NS,NO TRADE,False,67.48307570184447,WATCH,UP,DEGRADED,No risk assessment available (entry/stop/target could not be computed).; Failed check: signal is directional.; Failed check: confidence sufficient.; Failed check: risk reward sufficient.; Failed check: expected value positive.; Failed check: positive edge after costs.; Failed check: stop loss logical.; Failed check: position size within limits.; Failed check: news credibility acceptable.,,1000000.0,718.75,,61.666666666666664,78.0,63.17704218559095,,50.0,,,70.0,76.8576780518128,,,,,,No risk assessment available (entry/stop/target could not be computed).,BULL_LOW_VOL,20.0,
2026-09-10 14:44:14.513466+00:00,GUJAPOLLO.NS,NO TRADE,False,41.345682749976376,NO TRADE,DOWN,DEGRADED,No risk assessment available (entry/stop/target could not be computed).; Failed check: signal is directional.; Failed check: confidence sufficient.; Failed check: risk reward sufficient.; Failed check: expected value positive.; Failed check: positive edge after costs.; Failed check: stop loss logical.; Failed check: position size within limits.; Failed check: sufficient liquidity.; Failed check: strong technical setup.; Failed check: news credibility acceptable.,,1000000.0,338.3500061035156,,31.666666666666668,44.0,52.16449392573666,,40.0,,,10.0,78.5484708228433,,,,,,No risk assessment available (entry/stop/target could not be computed).,BEAR_HIGH_VOL,35.0,
2026-09-10 14:44:14.860978+00:00,GUJGASLTD.NS,NO TRADE,False,0.0,NO TRADE,NONE,INVALID,"Data Quality [GUJGASLTD.NS] as of 2026-09-10T14:44:14.860871+00:00: INVALID (score=0.00, threshold=0.70)
  [CRITICAL] provider_unavailable: No data returned for GUJGASLTD.NS (2y/1d)",,1000000.0,,,,,,,,,,,,,,,,,"Data Quality [GUJGASLTD.NS] as of 2026-09-10T14:44:14.860871+00:00: INVALID (score=0.00, threshold=0.70)
  [CRITICAL] provider_unavailable: No data returned for GUJGASLTD.NS (2y/1d)",UNKNOWN,,
2026-09-10 14:44:16.140835+00:00,GULFOILLUB.NS,NO TRADE,False,50.4316823876084,NO TRADE,UP,DEGRADED,No risk assessment available (entry/stop/target could not be computed).; Failed check: signal is directional.; Failed check: confidence sufficient.; Failed check: ai signals aligned.; Failed check: risk reward sufficient.; Failed check: expected value positive.; Failed check: positive edge after costs.; Failed check: stop loss logical.; Failed check: position size within limits.; Failed check: sufficient liquidity.; Failed check: strong technical setup.; Failed check: news credibility acceptable.,,1000000.0,1073.0,,43.333333333333336,90.0,42.40217787397753,,40.0,,,25.0,73.03189280243927,,,,,,No risk assessment available (entry/stop/target could not be computed).,SIDEWAYS_LOW_VOL,20.0,
2026-09-10 14:44:18.477947+00:00,GULFPETRO.NS,NO TRADE,False,62.31821938377264,WATCH,UP,DEGRADED,No risk assessment available (entry/stop/target could not be computed).; Failed check: signal is directional.; Failed check: confidence sufficient.; Failed check: ai signals aligned.; Failed check: risk reward sufficient.; Failed check: expected value positive.; Failed check: positive edge after costs.; Failed check: stop loss logical.; Failed check: position size within limits.; Failed check: strong technical setup.; Failed check: news credibility acceptable.,,1000000.0,65.73999786376953,,46.666666666666664,90.0,70.0,,50.0,,,55.0,74.42075405862856,,,,,,No risk assessment available (entry/stop/target could not be computed).,BULL_HIGH_VOL,20.0,
2026-09-10 14:44:19.627734+00:00,GULPOLY.NS,NO TRADE,False,48.548030368176576,NO TRADE,UP,DEGRADED,No risk assessment available (entry/stop/target could not be computed).; Failed check: signal is directional.; Failed check: confidence sufficient.; Failed check: ai signals aligned.; Failed check: risk reward sufficient.; Failed check: expected value positive.; Failed check: positive edge after costs.; Failed check: stop loss logical.; Failed check: position size within limits.; Failed check: strong technical setup.; Failed check: news credibility acceptable.,,1000000.0,176.67999267578125,,31.666666666666668,80.0,45.16796965033092,,40.0,,,40.0,77.52816364041041,,,,,,No risk assessment available (entry/stop/target could not be computed).,BEAR_LOW_VOL,20.0,
2026-09-10 14:44:21.035221+00:00,HAL.NS,NO TRADE,False,55.406838620267564,NO TRADE,NONE,DEGRADED,No risk assessment available (entry/stop/target could not be computed).; Failed check: signal is directional.; Failed check: confidence sufficient.; Failed check: risk reward sufficient.; Failed check: expected value positive.; Failed check: positive edge after costs.; Failed check: stop loss logical.; Failed check: position size within limits.; Failed check: strong technical setup.; Failed check: news credibility acceptable.,,1000000.0,4950.0,,48.333333333333336,,57.492704800359974,,50.0,,,55.0,70.36864118773202,,,,,,No risk assessment available (entry/stop/target could not be computed).,BULL_LOW_VOL,,
2026-09-10 14:44:22.253905+00:00,HAPPSTMNDS.NS,NO TRADE,False,52.163991745716174,NO TRADE,UP,DEGRADED,No risk assessment available (entry/stop/target could not be computed).; Failed check: signal is directional.; Failed check: confidence sufficient.; Failed check: ai signals aligned.; Failed check: risk reward sufficient.; Failed check: expected value positive.; Failed check: positive edge after costs.; Failed check: stop loss logical.; Failed check: position size within limits.; Failed check: strong technical setup.; Failed check: market conditions acceptable.; Failed check: news credibility acceptable.,,1000000.0,332.29998779296875,,38.333333333333336,90.0,30.0,,25.0,,,55.0,75.17848461733219,,,,,,No risk assessment available (entry/stop/target could not be computed).,BEAR_HIGH_VOL,30.0,
2026-09-10 14:44:22.601528+00:00,HARITASEAT.NS,NO TRADE,False,0.0,NO TRADE,NONE,INVALID,"Data Quality [HARITASEAT.NS] as of 2026-09-10T14:44:22.601430+00:00: INVALID (score=0.00, threshold=0.70)
  [CRITICAL] provider_unavailable: No data returned for HARITASEAT.NS (2y/1d)",,1000000.0,,,,,,,,,,,,,,,,,"Data Quality [HARITASEAT.NS] as of 2026-09-10T14:44:22.601430+00:00: INVALID (score=0.00, threshold=0.70)
  [CRITICAL] provider_unavailable: No data returned for HARITASEAT.NS (2y/1d)",UNKNOWN,,
2026-09-10 14:44:23.845674+00:00,HARRMALAYA.NS,NO TRADE,False,41.58853746004594,NO TRADE,NONE,DEGRADED,No risk assessment available (entry/stop/target could not be computed).; Failed check: signal is directional.; Failed check: confidence sufficient.; Failed check: risk reward sufficient.; Failed check: expected value positive.; Failed check: positive edge after costs.; Failed check: stop loss logical.; Failed check: position size within limits.; Failed check: sufficient liquidity.; Failed check: strong technical setup.; Failed check: market conditions acceptable.; Failed check: news credibility acceptable.,,1000000.0,186.8000030517578,,38.333333333333336,65.0,30.0,,40.0,,,10.0,79.43495061856365,,,,,,No risk assessment available (entry/stop/target could not be computed).,BEAR_HIGH_VOL,45.0,
2026-09-10 14:44:25.178955+00:00,HATHWAY.NS,NO TRADE,False,45.14374823906899,NO TRADE,DOWN,DEGRADED,No risk assessment available (entry/stop/target could not be computed).; Failed check: signal is directional.; Failed check: confidence sufficient.; Failed check: ai signals aligned.; Failed check: risk reward sufficient.; Failed check: expected value positive.; Failed check: positive edge after costs.; Failed check: stop loss logical.; Failed check: position size within limits.; Failed check: strong technical setup.; Failed check: news credibility acceptable.,,1000000.0,10.170000076293945,,28.333333333333332,65.0,49.17726731797174,,40.0,,,40.0,70.02377357938171,,,,,,No risk assessment available (entry/stop/target could not be computed).,BEAR_LOW_VOL,35.0,
2026-09-10 14:44:26.443842+00:00,HATSUN.NS,NO TRADE,False,68.42106348184294,WATCH,UP,DEGRADED,No risk assessment available (entry/stop/target could not be computed).; Failed check: signal is directional.; Failed check: confidence sufficient.; Failed check: risk reward sufficient.; Failed check: expected value positive.; Failed check: positive edge after costs.; Failed check: stop loss logical.; Failed check: position size within limits.; Failed check: news credibility acceptable.,,1000000.0,1194.5,,68.33333333333333,51.0,70.0,,60.0,,,70.0,79.60026774333919,,,,,,No risk assessment available (entry/stop/target could not be computed).,BULL_HIGH_VOL,30.0,
2026-09-10 14:44:28.013992+00:00,HAVELLS.NS,NO TRADE,False,46.56837424455674,NO TRADE,NONE,DEGRADED,No risk assessment available (entry/stop/target could not be computed).; Failed check: signal is directional.; Failed check: confidence sufficient.; Failed check: risk reward sufficient.; Failed check: expected value positive.; Failed check: positive edge after costs.; Failed check: stop loss logical.; Failed check: position size within limits.; Failed check: strong technical setup.; Failed check: market conditions acceptable.; Failed check: news credibility acceptable.,,1000000.0,1116.0,,35.0,63.0,33.038511827262205,,25.0,,,55.0,72.00804683259835,,,,,,No risk assessment available (entry/stop/target could not be computed).,BEAR_LOW_VOL,20.0,
2026-09-10 14:44:28.321791+00:00,HBLPOWER.NS,NO TRADE,False,0.0,NO TRADE,NONE,INVALID,"Data Quality [HBLPOWER.NS] as of 2026-09-10T14:44:28.321688+00:00: INVALID (score=0.00, threshold=0.70)
  [CRITICAL] provider_unavailable: No data returned for HBLPOWER.NS (2y/1d)",,1000000.0,,,,,,,,,,,,,,,,,"Data Quality [HBLPOWER.NS] as of 2026-09-10T14:44:28.321688+00:00: INVALID (score=0.00, threshold=0.70)
  [CRITICAL] provider_unavailable: No data returned for HBLPOWER.NS (2y/1d)",UNKNOWN,,
2026-09-10 14:44:30.842565+00:00,HCC.NS,NO TRADE,False,64.07607051902424,WATCH,UP,DEGRADED,No risk assessment available (entry/stop/target could not be computed).; Failed check: signal is directional.; Failed check: confidence sufficient.; Failed check: risk reward sufficient.; Failed check: expected value positive.; Failed check: positive edge after costs.; Failed check: stop loss logical.; Failed check: position size within limits.; Failed check: news credibility acceptable.,,1000000.0,22.709999084472656,,61.666666666666664,52.0,70.0,,70.0,,,55.0,79.60207429856804,,,,,,No risk assessment available (entry/stop/target could not be computed).,BEAR_HIGH_VOL,35.0,
2026-09-10 14:44:32.070463+00:00,HCG.NS,NO TRADE,False,55.36238202535913,NO TRADE,UP,DEGRADED,No risk assessment available (entry/stop/target could not be computed).; Failed check: signal is directional.; Failed check: confidence sufficient.; Failed check: risk reward sufficient.; Failed check: expected value positive.; Failed check: positive edge after costs.; Failed check: stop loss logical.; Failed check: position size within limits.; Failed check: strong technical setup.; Failed check: news credibility acceptable.,,1000000.0,700.9000244140625,,46.666666666666664,62.0,51.60708712182122,,50.0,,,55.0,77.35920327009694,,,,,,No risk assessment available (entry/stop/target could not be computed).,BULL_HIGH_VOL,42.0,
2026-09-10 14:44:33.471109+00:00,HCL-INSYS.NS,NO TRADE,False,42.35926481556829,NO TRADE,DOWN,DEGRADED,No risk assessment available (entry/stop/target could not be computed).; Failed check: signal is directional.; Failed check: confidence sufficient.; Failed check: risk reward sufficient.; Failed check: expected value positive.; Failed check: positive edge after costs.; Failed check: stop loss logical.; Failed check: position size within limits.; Failed check: strong technical setup.; Failed check: market conditions acceptable.; Failed check: news credibility acceptable.,,1000000.0,10.119999885559082,,33.333333333333336,37.0,35.931256213019694,,25.0,,,40.0,79.83378293111355,,,,,,No risk assessment available (entry/stop/target could not be computed).,BEAR_LOW_VOL,30.0,
2026-09-10 14:44:35.064014+00:00,HCLTECH.NS,NO TRADE,False,52.60623855034143,NO TRADE,UP,DEGRADED,No risk assessment available (entry/stop/target could not be computed).; Failed check: signal is directional.; Failed check: confidence sufficient.; Failed check: ai signals aligned.; Failed check: risk reward sufficient.; Failed check: expected value positive.; Failed check: positive edge after costs.; Failed check: stop loss logical.; Failed check: position size within limits.; Failed check: strong technical setup.; Failed check: market conditions acceptable.; Failed check: news credibility acceptable.,,1000000.0,1199.0,,40.0,82.0,34.790480331199205,,40.0,,,55.0,73.6095997575833,,,,,,No risk assessment available (entry/stop/target could not be computed).,BULL_LOW_VOL,10.0,
2026-09-10 14:44:35.401937+00:00,HDFC.NS,NO TRADE,False,0.0,NO TRADE,NONE,INVALID,"Data Quality [HDFC.NS] as of 2026-09-10T14:44:35.401821+00:00: INVALID (score=0.00, threshold=0.70)
  [CRITICAL] provider_unavailable: No data returned for HDFC.NS (2y/1d)",,1000000.0,,,,,,,,,,,,,,,,,"Data Quality [HDFC.NS] as of 2026-09-10T14:44:35.401821+00:00: INVALID (score=0.00, threshold=0.70)
  [CRITICAL] provider_unavailable: No data returned for HDFC.NS (2y/1d)",UNKNOWN,,
2026-09-10 14:44:36.860240+00:00,HDFCAMC.NS,NO TRADE,False,48.96153145167372,NO TRADE,UP,DEGRADED,No risk assessment available (entry/stop/target could not be computed).; Failed check: signal is directional.; Failed check: confidence sufficient.; Failed check: ai signals aligned.; Failed check: risk reward sufficient.; Failed check: expected value positive.; Failed check: positive edge after costs.; Failed check: stop loss logical.; Failed check: position size within limits.; Failed check: strong technical setup.; Failed check: news credibility acceptable.,,1000000.0,2433.800048828125,,31.666666666666668,78.0,52.033432827948566,,40.0,,,40.0,71.24270695187597,,,,,,No risk assessment available (entry/stop/target could not be computed).,BEAR_LOW_VOL,20.0,
2026-09-10 14:44:38.657235+00:00,HDFCBANK.NS,NO TRADE,False,49.51958635747893,NO TRADE,UP,DEGRADED,No risk assessment available (entry/stop/target could not be computed).; Failed check: signal is directional.; Failed check: confidence sufficient.; Failed check: ai signals aligned.; Failed check: risk reward sufficient.; Failed check: expected value positive.; Failed check: positive edge after costs.; Failed check: stop loss logical.; Failed check: position size within limits.; Failed check: strong technical setup.; Failed check: news credibility acceptable.,,1000000.0,693.7999877929688,,35.0,86.0,48.15705193861839,,40.0,,,40.0,67.52405870406085,,,,,,No risk assessment available (entry/stop/target could not be computed).,BEAR_LOW_VOL,30.0,
2026-09-10 14:44:40.070322+00:00,HDFCLIFE.NS,NO TRADE,False,51.397840008088195,NO TRADE,UP,DEGRADED,No risk assessment available (entry/stop/target could not be computed).; Failed check: signal is directional.; Failed check: confidence sufficient.; Failed check: ai signals aligned.; Failed check: risk reward sufficient.; Failed check: expected value positive.; Failed check: positive edge after costs.; Failed check: stop loss logical.; Failed check: position size within limits.; Failed check: strong technical setup.; Failed check: news credibility acceptable.,,1000000.0,526.1500244140625,,35.0,78.0,53.67008222955953,,40.0,,,40.0,70.6062048485459,,,,,,No risk assessment available (entry/stop/target could not be computed).,BEAR_LOW_VOL,20.0,
2026-09-10 14:44:41.457173+00:00,HEG.NS,NO TRADE,False,41.41014122265997,NO TRADE,UP,DEGRADED,No risk assessment available (entry/stop/target could not be computed).; Failed check: signal is directional.; Failed check: confidence sufficient.; Failed check: ai signals aligned.; Failed check: risk reward sufficient.; Failed check: expected value positive.; Failed check: positive edge after costs.; Failed check: stop loss logical.; Failed check: position size within limits.; Failed check: acceptable volatility.; Failed check: strong technical setup.; Failed check: market conditions acceptable.; Failed check: news credibility acceptable.,,1000000.0,249.64999389648438,,35.0,94.0,30.0,,25.0,,,55.0,15.0,,,,,,No risk assessment available (entry/stop/target could not be computed).,BEAR_HIGH_VOL,20.0,
2026-09-10 14:44:42.982176+00:00,HEIDELBERG.NS,NO TRADE,False,54.63462311582766,NO TRADE,NONE,DEGRADED,No risk assessment available (entry/stop/target could not be computed).; Failed check: signal is directional.; Failed check: confidence sufficient.; Failed check: risk reward sufficient.; Failed check: expected value positive.; Failed check: positive edge after costs.; Failed check: stop loss logical.; Failed check: position size within limits.; Failed check: strong technical setup.; Failed check: news credibility acceptable.,,1000000.0,158.7899932861328,,46.666666666666664,57.0,57.985611491305875,,50.0,,,55.0,67.16659329665951,,,,,,No risk assessment available (entry/stop/target could not be computed).,SIDEWAYS_LOW_VOL,35.0,
2026-09-10 14:44:45.129149+00:00,HEMIPROP.NS,NO TRADE,False,40.732767453871666,NO TRADE,DOWN,DEGRADED,No risk assessment available (entry/stop/target could not be computed).; Failed check: signal is directional.; Failed check: confidence sufficient.; Failed check: risk reward sufficient.; Failed check: expected value positive.; Failed check: positive edge after costs.; Failed check: stop loss logical.; Failed check: position size within limits.; Failed check: strong technical setup.; Failed check: market conditions acceptable.; Failed check: news credibility acceptable.,,1000000.0,120.94999694824219,,26.666666666666668,53.0,39.19753527810268,,25.0,,,40.0,70.95069879721119,,,,,,No risk assessment available (entry/stop/target could not be computed).,BEAR_LOW_VOL,20.0,
2026-09-10 14:44:46.680921+00:00,HERCULES.NS,NO TRADE,False,0.0,NO TRADE,NONE,INVALID,"Data quality gate failed for HERCULES.NS: status=INVALID, score=0.70 (min required 0.70). [CRITICAL] zero_volume: 173 bar(s) (34.7%) with volume below 1.; [WARNING] abnormal_price_jump: 1 day(s) with |return| > 20% not matched to a supplied corporate-action date -- verify against the source before trusting this bar (could be an unlisted split/bonus, or a genuine data error).; [INFO] holiday_mismatch: 1 bar(s) fall on a date the configured calendar marks as a non-trading day. Not scored as an error: this system's built-in NSE holiday list only covers fixed-date national holidays (see data/market_calendar.py) and is deliberately incomplete for variable-date holidays -- this may just mean the calendar doesn't know about a legitimate special session or holiday.; Forced NO TRADE: this system never trades on data it cannot vouch for, regardless of what any other signal would have said.",,1000000.0,159.32000732421875,,,,,,70.0,,,,,,,,,,"Data quality gate failed for HERCULES.NS: status=INVALID, score=0.70 (min required 0.70). [CRITICAL] zero_volume: 173 bar(s) (34.7%) with volume below 1.; [WARNING] abnormal_price_jump: 1 day(s) with |return| > 20% not matched to a supplied corporate-action date -- verify against the source before trusting this bar (could be an unlisted split/bonus, or a genuine data error).; [INFO] holiday_mismatch: 1 bar(s) fall on a date the configured calendar marks as a non-trading day. Not scored as an error: this system's built-in NSE holiday list only covers fixed-date national holidays (see data/market_calendar.py) and is deliberately incomplete for variable-date holidays -- this may just mean the calendar doesn't know about a legitimate special session or holiday.",SIDEWAYS_LOW_VOL,,
2026-09-10 14:44:47.990105+00:00,HERITGFOOD.NS,NO TRADE,False,69.88805882114137,MODERATE,UP,DEGRADED,No risk assessment available (entry/stop/target could not be computed).; Failed check: signal is directional.; Failed check: confidence sufficient.; Failed check: risk reward sufficient.; Failed check: expected value positive.; Failed check: positive edge after costs.; Failed check: stop loss logical.; Failed check: position size within limits.; Failed check: news credibility acceptable.,,1000000.0,398.04998779296875,,68.33333333333333,67.0,70.0,,60.0,,,70.0,76.10640030282246,,,,,,No risk assessment available (entry/stop/target could not be computed).,BULL_HIGH_VOL,35.0,
2026-09-10 14:44:49.260958+00:00,HEROMOTOCO.NS,NO TRADE,False,52.331773278377426,NO TRADE,UP,DEGRADED,No risk assessment available (entry/stop/target could not be computed).; Failed check: signal is directional.; Failed check: confidence sufficient.; Failed check: risk reward sufficient.; Failed check: expected value positive.; Failed check: positive edge after costs.; Failed check: stop loss logical.; Failed check: position size within limits.; Failed check: strong technical setup.; Failed check: market conditions acceptable.; Failed check: news credibility acceptable.,,1000000.0,5280.0,,43.333333333333336,75.0,39.673900020318385,,40.0,,,55.0,70.85088544240936,,,,,,No risk assessment available (entry/stop/target could not be computed).,BULL_LOW_VOL,20.0,
2026-09-10 14:44:50.558502+00:00,HESTERBIO.NS,NO TRADE,False,49.13467691986881,NO TRADE,UP,DEGRADED,No risk assessment available (entry/stop/target could not be computed).; Failed check: signal is directional.; Failed check: confidence sufficient.; Failed check: risk reward sufficient.; Failed check: expected value positive.; Failed check: positive edge after costs.; Failed check: stop loss logical.; Failed check: position size within limits.; Failed check: sufficient liquidity.; Failed check: strong technical setup.; Failed check: news credibility acceptable.,,1000000.0,2279.0,,41.666666666666664,75.0,42.522328603854895,,50.0,,,25.0,78.44031260319595,,,,,,No risk assessment available (entry/stop/target could not be computed).,SIDEWAYS_HIGH_VOL,30.0,
2026-09-10 14:44:51.873640+00:00,HEXATRADEX.NS,NO TRADE,False,44.89982348357221,NO TRADE,DOWN,DEGRADED,No risk assessment available (entry/stop/target could not be computed).; Failed check: signal is directional.; Failed check: confidence sufficient.; Failed check: risk reward sufficient.; Failed check: expected value positive.; Failed check: positive edge after costs.; Failed check: stop loss logical.; Failed check: position size within limits.; Failed check: sufficient liquidity.; Failed check: strong technical setup.; Failed check: news credibility acceptable.,,1000000.0,156.8800048828125,,38.333333333333336,54.0,56.6170812244505,,40.0,,,10.0,73.88905804315472,,,,,,No risk assessment available (entry/stop/target could not be computed).,SIDEWAYS_LOW_VOL,20.0,
2026-09-10 14:44:53.297756+00:00,HFCL.NS,NO TRADE,False,57.6110039509757,NO TRADE,NONE,DEGRADED,No risk assessment available (entry/stop/target could not be computed).; Failed check: signal is directional.; Failed check: confidence sufficient.; Failed check: risk reward sufficient.; Failed check: expected value positive.; Failed check: positive edge after costs.; Failed check: stop loss logical.; Failed check: position size within limits.; Failed check: strong technical setup.,,1000000.0,234.58999633789062,,46.666666666666664,60.0,66.44292234270577,,50.0,50.0,,55.0,76.62081646778023,,,,,,No risk assessment available (entry/stop/target could not be computed).,BULL_HIGH_VOL,20.0,NEUTRAL
2026-09-10 14:44:54.920829+00:00,HGINFRA.NS,NO TRADE,False,43.93794997896115,NO TRADE,DOWN,DEGRADED,No risk assessment available (entry/stop/target could not be computed).; Failed check: signal is directional.; Failed check: confidence sufficient.; Failed check: risk reward sufficient.; Failed check: expected value positive.; Failed check: positive edge after costs.; Failed check: stop loss logical.; Failed check: position size within limits.; Failed check: strong technical setup.; Failed check: news credibility acceptable.,,1000000.0,484.20001220703125,,31.666666666666668,57.0,42.39827355065668,,40.0,,,40.0,72.13227732809682,,,,,,No risk assessment available (entry/stop/target could not be computed).,BEAR_LOW_VOL,42.0,
2026-09-10 14:44:56.319246+00:00,HGS.NS,NO TRADE,False,36.77080163092958,NO TRADE,DOWN,DEGRADED,No risk assessment available (entry/stop/target could not be computed).; Failed check: signal is directional.; Failed check: confidence sufficient.; Failed check: risk reward sufficient.; Failed check: expected value positive.; Failed check: positive edge after costs.; Failed check: stop loss logical.; Failed check: position size within limits.; Failed check: sufficient liquidity.; Failed check: strong technical setup.; Failed check: news credibility acceptable.,,1000000.0,383.8500061035156,,23.333333333333332,49.0,46.986548789507324,,25.0,,,10.0,74.40770919039541,,,,,,No risk assessment available (entry/stop/target could not be computed).,BEAR_LOW_VOL,20.0,
2026-09-10 14:44:57.612235+00:00,HIKAL.NS,NO TRADE,False,63.63575603430134,WATCH,UP,DEGRADED,No risk assessment available (entry/stop/target could not be computed).; Failed check: signal is directional.; Failed check: confidence sufficient.; Failed check: risk reward sufficient.; Failed check: expected value positive.; Failed check: positive edge after costs.; Failed check: stop loss logical.; Failed check: position size within limits.; Failed check: strong technical setup.; Failed check: news credibility acceptable.,,1000000.0,234.10000610351562,,56.666666666666664,74.0,70.0,,70.0,,,55.0,73.63235244563143,,,,,,No risk assessment available (entry/stop/target could not be computed).,BULL_HIGH_VOL,30.0,
2026-09-10 14:44:58.910198+00:00,HIL.NS,NO TRADE,False,0.0,NO TRADE,NONE,INVALID,"Data Quality [HIL.NS] as of 2026-09-10T14:44:58.910100+00:00: INVALID (score=0.00, threshold=0.70)
  [CRITICAL] provider_unavailable: No data returned for HIL.NS (2y/1d)",,1000000.0,,,,,,,,,,,,,,,,,"Data Quality [HIL.NS] as of 2026-09-10T14:44:58.910100+00:00: INVALID (score=0.00, threshold=0.70)
  [CRITICAL] provider_unavailable: No data returned for HIL.NS (2y/1d)",UNKNOWN,,
2026-09-10 14:45:00.539729+00:00,HILTON.NS,NO TRADE,False,43.63540821788608,NO TRADE,UP,DEGRADED,No risk assessment available (entry/stop/target could not be computed).; Failed check: signal is directional.; Failed check: confidence sufficient.; Failed check: ai signals aligned.; Failed check: risk reward sufficient.; Failed check: expected value positive.; Failed check: positive edge after costs.; Failed check: stop loss logical.; Failed check: position size within limits.; Failed check: sufficient liquidity.; Failed check: strong technical setup.; Failed check: market conditions acceptable.; Failed check: news credibility acceptable.,,1000000.0,18.280000686645508,,30.0,90.0,39.725608589919425,,25.0,,,10.0,78.99933235419033,,,,,,No risk assessment available (entry/stop/target could not be computed).,BEAR_LOW_VOL,20.0,
2026-09-10 14:45:01.932934+00:00,HIMATSEIDE.NS,NO TRADE,False,50.773648503297075,NO TRADE,NONE,DEGRADED,No risk assessment available (entry/stop/target could not be computed).; Failed check: signal is directional.; Failed check: confidence sufficient.; Failed check: risk reward sufficient.; Failed check: expected value positive.; Failed check: positive edge after costs.; Failed check: stop loss logical.; Failed check: position size within limits.; Failed check: strong technical setup.; Failed check: news credibility acceptable.,,1000000.0,68.8499984741211,,48.333333333333336,52.0,46.049908307515565,,60.0,,,40.0,73.83929029594204,,,,,,No risk assessment available (entry/stop/target could not be computed).,BEAR_LOW_VOL,57.0,
2026-09-10 14:45:03.524053+00:00,HINDALCO.NS,NO TRADE,False,57.481506666784206,NO TRADE,UP,DEGRADED,No risk assessment available (entry/stop/target could not be computed).; Failed check: signal is directional.; Failed check: confidence sufficient.; Failed check: ai signals aligned.; Failed check: risk reward sufficient.; Failed check: expected value positive.; Failed check: positive edge after costs.; Failed check: stop loss logical.; Failed check: position size within limits.; Failed check: strong technical setup.; Failed check: news credibility acceptable.,,1000000.0,1014.0,,46.666666666666664,90.0,51.12560577922789,,50.0,,,55.0,70.42270571184528,,,,,,No risk assessment available (entry/stop/target could not be computed).,BULL_LOW_VOL,30.0,
2026-09-10 14:45:04.933783+00:00,HINDCOMPOS.NS,NO TRADE,False,39.67652134557959,NO TRADE,NONE,DEGRADED,No risk assessment available (entry/stop/target could not be computed).; Failed check: signal is directional.; Failed check: confidence sufficient.; Failed check: ai signals aligned.; Failed check: risk reward sufficient.; Failed check: expected value positive.; Failed check: positive edge after costs.; Failed check: stop loss logical.; Failed check: position size within limits.; Failed check: sufficient liquidity.; Failed check: strong technical setup.; Failed check: news credibility acceptable.,,1000000.0,381.45001220703125,,23.333333333333332,75.0,41.32136849397101,,25.0,,,10.0,78.00042894563921,,,,,,No risk assessment available (entry/stop/target could not be computed).,BEAR_LOW_VOL,20.0,
2026-09-10 14:45:06.297767+00:00,HINDCOPPER.NS,NO TRADE,False,58.41485866844525,NO TRADE,UP,DEGRADED,No risk assessment available (entry/stop/target could not be computed).; Failed check: signal is directional.; Failed check: confidence sufficient.; Failed check: risk reward sufficient.; Failed check: expected value positive.; Failed check: positive edge after costs.; Failed check: stop loss logical.; Failed check: position size within limits.; Failed check: strong technical setup.; Failed check: news credibility acceptable.,,1000000.0,527.8499755859375,,46.666666666666664,78.0,56.62891713665101,,50.0,,,55.0,77.83015764174986,,,,,,No risk assessment available (entry/stop/target could not be computed).,BULL_HIGH_VOL,20.0,
2026-09-10 14:45:06.675753+00:00,HINDNATGLS.NS,NO TRADE,False,0.0,NO TRADE,NONE,INVALID,"Data Quality [HINDNATGLS.NS] as of 2026-09-10T14:45:06.675643+00:00: INVALID (score=0.00, threshold=0.70)
  [CRITICAL] provider_unavailable: No data returned for HINDNATGLS.NS (2y/1d)",,1000000.0,,,,,,,,,,,,,,,,,"Data Quality [HINDNATGLS.NS] as of 2026-09-10T14:45:06.675643+00:00: INVALID (score=0.00, threshold=0.70)
  [CRITICAL] provider_unavailable: No data returned for HINDNATGLS.NS (2y/1d)",UNKNOWN,,
2026-09-10 14:45:07.947217+00:00,HINDOILEXP.NS,NO TRADE,False,69.335572529303,MODERATE,UP,DEGRADED,No risk assessment available (entry/stop/target could not be computed).; Failed check: signal is directional.; Failed check: confidence sufficient.; Failed check: risk reward sufficient.; Failed check: expected value positive.; Failed check: positive edge after costs.; Failed check: stop loss logical.; Failed check: position size within limits.; Failed check: news credibility acceptable.,,1000000.0,187.5,,68.33333333333333,59.0,70.0,,60.0,,,70.0,79.14018435463211,,,,,,No risk assessment available (entry/stop/target could not be computed).,BULL_HIGH_VOL,35.0,
2026-09-10 14:45:09.359770+00:00,HINDPETRO.NS,NO TRADE,False,51.00375994029404,NO TRADE,UP,DEGRADED,No risk assessment available (entry/stop/target could not be computed).; Failed check: signal is directional.; Failed check: confidence sufficient.; Failed check: risk reward sufficient.; Failed check: expected value positive.; Failed check: positive edge after costs.; Failed check: stop loss logical.; Failed check: position size within limits.; Failed check: strong technical setup.; Failed check: news credibility acceptable.,,1000000.0,352.6499938964844,,38.333333333333336,72.0,46.125818428379596,,40.0,,,55.0,70.29039792302017,,,,,,No risk assessment available (entry/stop/target could not be computed).,BEAR_LOW_VOL,30.0,
2026-09-10 14:45:10.844500+00:00,HINDUNILVR.NS,NO TRADE,False,46.72044022782945,NO TRADE,NONE,DEGRADED,No risk assessment available (entry/stop/target could not be computed).; Failed check: signal is directional.; Failed check: confidence sufficient.; Failed check: risk reward sufficient.; Failed check: expected value positive.; Failed check: positive edge after costs.; Failed check: stop loss logical.; Failed check: position size within limits.; Failed check: strong technical setup.; Failed check: news credibility acceptable.,,1000000.0,1942.300048828125,,38.333333333333336,62.0,42.97882151935648,,40.0,,,40.0,67.21577743121638,,,,,,No risk assessment available (entry/stop/target could not be computed).,BEAR_LOW_VOL,20.0,
2026-09-10 14:45:13.283834+00:00,HINDZINC.NS,NO TRADE,False,62.33980878355673,WATCH,UP,DEGRADED,No risk assessment available (entry/stop/target could not be computed).; Failed check: signal is directional.; Failed check: confidence sufficient.; Failed check: ai signals aligned.; Failed check: risk reward sufficient.; Failed check: expected value positive.; Failed check: positive edge after costs.; Failed check: stop loss logical.; Failed check: position size within limits.; Failed check: strong technical setup.; Failed check: news credibility acceptable.,,1000000.0,593.5999755859375,,48.333333333333336,86.0,68.57360892865071,,50.0,,,55.0,74.3407646357123,,,,,,No risk assessment available (entry/stop/target could not be computed).,BULL_HIGH_VOL,20.0,
2026-09-10 14:45:14.526501+00:00,HIRECT.NS,NO TRADE,False,60.23866008775133,WATCH,UP,DEGRADED,No risk assessment available (entry/stop/target could not be computed).; Failed check: signal is directional.; Failed check: confidence sufficient.; Failed check: risk reward sufficient.; Failed check: expected value positive.; Failed check: positive edge after costs.; Failed check: stop loss logical.; Failed check: position size within limits.; Failed check: sufficient liquidity.; Failed check: news credibility acceptable.,,1000000.0,1248.9000244140625,,68.33333333333333,43.0,56.588330128911004,,70.0,,,40.0,79.79384873099778,,,,,,No risk assessment available (entry/stop/target could not be computed).,BULL_LOW_VOL,57.0,
2026-09-10 14:45:15.709549+00:00,HISARMETAL.NS,NO TRADE,False,65.30706117725816,WATCH,UP,DEGRADED,No risk assessment available (entry/stop/target could not be computed).; Failed check: signal is directional.; Failed check: confidence sufficient.; Failed check: risk reward sufficient.; Failed check: expected value positive.; Failed check: positive edge after costs.; Failed check: stop loss logical.; Failed check: position size within limits.; Failed check: sufficient liquidity.; Failed check: news credibility acceptable.,,1000000.0,155.27999877929688,,68.33333333333333,72.0,64.41332447011058,,70.0,,,40.0,78.79224367763882,,,,,,No risk assessment available (entry/stop/target could not be computed).,SIDEWAYS_LOW_VOL,42.0,
2026-09-10 14:45:17.174498+00:00,HITECH.NS,NO TRADE,False,57.171074446490536,NO TRADE,UP,DEGRADED,No risk assessment available (entry/stop/target could not be computed).; Failed check: signal is directional.; Failed check: confidence sufficient.; Failed check: risk reward sufficient.; Failed check: expected value positive.; Failed check: positive edge after costs.; Failed check: stop loss logical.; Failed check: position size within limits.; Failed check: strong technical setup.; Failed check: news credibility acceptable.,,1000000.0,77.4000015258789,,51.666666666666664,75.0,55.19383067119592,,60.0,,,40.0,76.15761902170763,,,,,,No risk assessment available (entry/stop/target could not be computed).,BEAR_HIGH_VOL,20.0,
2026-09-10 14:45:18.779392+00:00,HITECHCORP.NS,NO TRADE,False,53.86967229157649,NO TRADE,UP,DEGRADED,No risk assessment available (entry/stop/target could not be computed).; Failed check: signal is directional.; Failed check: confidence sufficient.; Failed check: ai signals aligned.; Failed check: risk reward sufficient.; Failed check: expected value positive.; Failed check: positive edge after costs.; Failed check: stop loss logical.; Failed check: position size within limits.; Failed check: sufficient liquidity.; Failed check: strong technical setup.; Failed check: news credibility acceptable.,,1000000.0,332.25,,46.666666666666664,82.0,58.07609008797148,,50.0,,,25.0,70.30057426339857,,,,,,No risk assessment available (entry/stop/target could not be computed).,BULL_LOW_VOL,20.0,
2026-09-10 14:45:20.106204+00:00,HLVLTD.NS,NO TRADE,False,47.26532342257656,NO TRADE,DOWN,DEGRADED,No risk assessment available (entry/stop/target could not be computed).; Failed check: signal is directional.; Failed check: confidence sufficient.; Failed check: risk reward sufficient.; Failed check: expected value positive.; Failed check: positive edge after costs.; Failed check: stop loss logical.; Failed check: position size within limits.; Failed check: strong technical setup.; Failed check: news credibility acceptable.,,1000000.0,6.380000114440918,,41.666666666666664,,41.1521535830053,,60.0,,,40.0,77.69704349428476,,,,,,No risk assessment available (entry/stop/target could not be computed).,BEAR_LOW_VOL,,
2026-09-10 14:45:21.520907+00:00,HMVL.NS,NO TRADE,False,41.428660042116505,NO TRADE,UP,DEGRADED,No risk assessment available (entry/stop/target could not be computed).; Failed check: signal is directional.; Failed check: confidence sufficient.; Failed check: ai signals aligned.; Failed check: risk reward sufficient.; Failed check: expected value positive.; Failed check: positive edge after costs.; Failed check: stop loss logical.; Failed check: position size within limits.; Failed check: sufficient liquidity.; Failed check: strong technical setup.; Failed check: market conditions acceptable.; Failed check: news credibility acceptable.,,1000000.0,78.76000213623047,,30.0,84.0,33.07443658559137,,25.0,,,10.0,75.2335028623586,,,,,,No risk assessment available (entry/stop/target could not be computed).,BEAR_LOW_VOL,20.0,
2026-09-10 14:45:22.823459+00:00,HNDFDS.NS,NO TRADE,False,60.01080731891301,WATCH,UP,DEGRADED,No risk assessment available (entry/stop/target could not be computed).; Failed check: signal is directional.; Failed check: confidence sufficient.; Failed check: risk reward sufficient.; Failed check: expected value positive.; Failed check: positive edge after costs.; Failed check: stop loss logical.; Failed check: position size within limits.; Failed check: strong technical setup.; Failed check: news credibility acceptable.,,1000000.0,619.9500122070312,,46.666666666666664,78.0,65.10074994975838,,50.0,,,55.0,75.66472120812975,,,,,,No risk assessment available (entry/stop/target could not be computed).,BULL_LOW_VOL,30.0,
2026-09-10 14:45:24.307194+00:00,HONAUT.NS,NO TRADE,False,39.743723580241365,NO TRADE,NONE,DEGRADED,No risk assessment available (entry/stop/target could not be computed).; Failed check: signal is directional.; Failed check: confidence sufficient.; Failed check: ai signals aligned.; Failed check: risk reward sufficient.; Failed check: expected value positive.; Failed check: positive edge after costs.; Failed check: stop loss logical.; Failed check: position size within limits.; Failed check: sufficient liquidity.; Failed check: strong technical setup.; Failed check: news credibility acceptable.,,1000000.0,34150.0,,26.666666666666668,72.0,40.94199955679749,,25.0,,,10.0,71.6038324483051,,,,,,No risk assessment available (entry/stop/target could not be computed).,BEAR_LOW_VOL,20.0,
2026-09-10 14:45:25.642138+00:00,HONDAPOWER.NS,NO TRADE,False,44.61309716640843,NO TRADE,UP,DEGRADED,No risk assessment available (entry/stop/target could not be computed).; Failed check: signal is directional.; Failed check: confidence sufficient.; Failed check: ai signals aligned.; Failed check: risk reward sufficient.; Failed check: expected value positive.; Failed check: positive edge after costs.; Failed check: stop loss logical.; Failed check: position size within limits.; Failed check: sufficient liquidity.; Failed check: strong technical setup.; Failed check: news credibility acceptable.,,1000000.0,1969.5,,35.0,82.0,44.38970175536481,,40.0,,,10.0,71.44426030245451,,,,,,No risk assessment available (entry/stop/target could not be computed).,BEAR_LOW_VOL,20.0,
2026-09-10 14:45:27.000010+00:00,HOTELRUGBY.NS,NO TRADE,False,0.0,NO TRADE,NONE,INVALID,"Data Quality [HOTELRUGBY.NS] as of 2026-09-10T14:45:26.999903+00:00: INVALID (score=0.00, threshold=0.70)
  [CRITICAL] provider_unavailable: No data returned for HOTELRUGBY.NS (2y/1d)",,1000000.0,,,,,,,,,,,,,,,,,"Data Quality [HOTELRUGBY.NS] as of 2026-09-10T14:45:26.999903+00:00: INVALID (score=0.00, threshold=0.70)
  [CRITICAL] provider_unavailable: No data returned for HOTELRUGBY.NS (2y/1d)",UNKNOWN,,
2026-09-10 14:45:28.440326+00:00,HPL.NS,NO TRADE,False,49.15608778689543,NO TRADE,UP,DEGRADED,No risk assessment available (entry/stop/target could not be computed).; Failed check: signal is directional.; Failed check: confidence sufficient.; Failed check: risk reward sufficient.; Failed check: expected value positive.; Failed check: positive edge after costs.; Failed check: stop loss logical.; Failed check: position size within limits.; Failed check: sufficient liquidity.; Failed check: strong technical setup.; Failed check: news credibility acceptable.,,1000000.0,295.79998779296875,,48.333333333333336,80.0,43.09449632570759,,60.0,,,10.0,73.6290792337429,,,,,,No risk assessment available (entry/stop/target could not be computed).,BEAR_LOW_VOL,30.0,
2026-09-10 14:45:29.818103+00:00,HSCL.NS,NO TRADE,False,48.7107201694783,NO TRADE,UP,DEGRADED,No risk assessment available (entry/stop/target could not be computed).; Failed check: signal is directional.; Failed check: confidence sufficient.; Failed check: ai signals aligned.; Failed check: risk reward sufficient.; Failed check: expected value positive.; Failed check: positive edge after costs.; Failed check: stop loss logical.; Failed check: position size within limits.; Failed check: strong technical setup.; Failed check: market conditions acceptable.; Failed check: news credibility acceptable.,,1000000.0,663.75,,35.0,82.0,30.0,,40.0,,,55.0,77.13965557075267,,,,,,No risk assessment available (entry/stop/target could not be computed).,SIDEWAYS_HIGH_VOL,20.0,
2026-09-10 14:45:30.145506+00:00,HSIL.NS,NO TRADE,False,0.0,NO TRADE,NONE,INVALID,"Data Quality [HSIL.NS] as of 2026-09-10T14:45:30.145403+00:00: INVALID (score=0.00, threshold=0.70)
  [CRITICAL] provider_unavailable: No data returned for HSIL.NS (2y/1d)",,1000000.0,,,,,,,,,,,,,,,,,"Data Quality [HSIL.NS] as of 2026-09-10T14:45:30.145403+00:00: INVALID (score=0.00, threshold=0.70)
  [CRITICAL] provider_unavailable: No data returned for HSIL.NS (2y/1d)",UNKNOWN,,
2026-09-10 14:45:31.740989+00:00,HTMEDIA.NS,NO TRADE,False,49.89610556198201,NO TRADE,NONE,DEGRADED,No risk assessment available (entry/stop/target could not be computed).; Failed check: signal is directional.; Failed check: confidence sufficient.; Failed check: risk reward sufficient.; Failed check: expected value positive.; Failed check: positive edge after costs.; Failed check: stop loss logical.; Failed check: position size within limits.; Failed check: strong technical setup.; Failed check: news credibility acceptable.,,1000000.0,24.31999969482422,,40.0,62.0,40.76840930027046,,40.0,,,55.0,75.24625117497706,,,,,,No risk assessment available (entry/stop/target could not be computed).,BULL_LOW_VOL,20.0,
2026-09-10 14:45:33.160238+00:00,HUDCO.NS,NO TRADE,False,43.013521971712755,NO TRADE,DOWN,DEGRADED,No risk assessment available (entry/stop/target could not be computed).; Failed check: signal is directional.; Failed check: confidence sufficient.; Failed check: ai signals aligned.; Failed check: risk reward sufficient.; Failed check: expected value positive.; Failed check: positive edge after costs.; Failed check: stop loss logical.; Failed check: position size within limits.; Failed check: strong technical setup.; Failed check: news credibility acceptable.,,1000000.0,174.0,,26.666666666666668,66.0,40.54222705249522,,25.0,,,40.0,71.86006367845619,,,,,,No risk assessment available (entry/stop/target could not be computed).,BEAR_LOW_VOL,55.0,
2026-09-10 14:45:34.486093+00:00,HUHTAMAKI.NS,NO TRADE,False,52.4780630619978,NO TRADE,DOWN,DEGRADED,No risk assessment available (entry/stop/target could not be computed).; Failed check: signal is directional.; Failed check: confidence sufficient.; Failed check: risk reward sufficient.; Failed check: expected value positive.; Failed check: positive edge after costs.; Failed check: stop loss logical.; Failed check: position size within limits.; Failed check: strong technical setup.; Failed check: news credibility acceptable.,,1000000.0,262.04998779296875,,46.666666666666664,,43.37249238285275,,50.0,,,55.0,78.14297313104103,,,,,,No risk assessment available (entry/stop/target could not be computed).,BULL_HIGH_VOL,,
2026-09-10 14:45:35.821176+00:00,IBREALEST.NS,NO TRADE,False,43.32951856174912,NO TRADE,DOWN,DEGRADED,No risk assessment available (entry/stop/target could not be computed).; Failed check: signal is directional.; Failed check: confidence sufficient.; Failed check: risk reward sufficient.; Failed check: expected value positive.; Failed check: positive edge after costs.; Failed check: stop loss logical.; Failed check: position size within limits.; Failed check: strong technical setup.,,1000000.0,57.34000015258789,,31.666666666666668,,42.377636560539614,,40.0,,,40.0,77.24398986301861,,,,,,No risk assessment available (entry/stop/target could not be computed).,BEAR_LOW_VOL,,
2026-09-10 14:45:36.149430+00:00,IBULHSGFIN.NS,NO TRADE,False,0.0,NO TRADE,NONE,INVALID,"Data Quality [IBULHSGFIN.NS] as of 2026-09-10T14:45:36.149281+00:00: INVALID (score=0.00, threshold=0.70)
  [CRITICAL] provider_unavailable: No data returned for IBULHSGFIN.NS (2y/1d)",,1000000.0,,,,,,,,,,,,,,,,,"Data Quality [IBULHSGFIN.NS] as of 2026-09-10T14:45:36.149281+00:00: INVALID (score=0.00, threshold=0.70)
  [CRITICAL] provider_unavailable: No data returned for IBULHSGFIN.NS (2y/1d)",UNKNOWN,,
2026-09-10 14:45:37.359651+00:00,ICEMAKE.NS,NO TRADE,False,43.43300710411262,NO TRADE,NONE,DEGRADED,No risk assessment available (entry/stop/target could not be computed).; Failed check: signal is directional.; Failed check: confidence sufficient.; Failed check: risk reward sufficient.; Failed check: expected value positive.; Failed check: positive edge after costs.; Failed check: stop loss logical.; Failed check: position size within limits.; Failed check: sufficient liquidity.; Failed check: strong technical setup.; Failed check: market conditions acceptable.; Failed check: news credibility acceptable.,,1000000.0,727.9000244140625,,45.0,52.0,36.69771761357366,,60.0,,,10.0,76.51173519825727,,,,,,No risk assessment available (entry/stop/target could not be computed).,BEAR_LOW_VOL,42.0,
2026-09-10 14:45:40.025434+00:00,ICICIBANK.NS,NO TRADE,False,50.03194891438566,NO TRADE,UP,DEGRADED,No risk assessment available (entry/stop/target could not be computed).; Failed check: signal is directional.; Failed check: confidence sufficient.; Failed check: ai signals aligned.; Failed check: risk reward sufficient.; Failed check: expected value positive.; Failed check: positive edge after costs.; Failed check: stop loss logical.; Failed check: position size within limits.; Failed check: strong technical setup.; Failed check: news credibility acceptable.,,1000000.0,1384.5,,31.666666666666668,94.0,52.703324367896464,,40.0,,,40.0,66.88793605338648,,,,,,No risk assessment available (entry/stop/target could not be computed).,SIDEWAYS_LOW_VOL,30.0,
2026-09-10 14:45:41.369854+00:00,ICICIGI.NS,NO TRADE,False,42.28082080797062,NO TRADE,DOWN,DEGRADED,No risk assessment available (entry/stop/target could not be computed).; Failed check: signal is directional.; Failed check: confidence sufficient.; Failed check: risk reward sufficient.; Failed check: expected value positive.; Failed check: positive edge after costs.; Failed check: stop loss logical.; Failed check: position size within limits.; Failed check: strong technical setup.; Failed check: market conditions acceptable.; Failed check: news credibility acceptable.,,1000000.0,1465.0,,30.0,55.0,37.26591030662918,,25.0,,,40.0,70.25269250354897,,,,,,No risk assessment available (entry/stop/target could not be computed).,BEAR_LOW_VOL,60.0,
2026-09-10 14:45:42.599778+00:00,ICICIPRULI.NS,NO TRADE,False,48.42629615740039,NO TRADE,UP,DEGRADED,No risk assessment available (entry/stop/target could not be computed).; Failed check: signal is directional.; Failed check: confidence sufficient.; Failed check: ai signals aligned.; Failed check: risk reward sufficient.; Failed check: expected value positive.; Failed check: positive edge after costs.; Failed check: stop loss logical.; Failed check: position size within limits.; Failed check: strong technical setup.; Failed check: news credibility acceptable.,,1000000.0,471.0,,31.666666666666668,78.0,43.08929689924654,,40.0,,,40.0,74.22609070200626,,,,,,No risk assessment available (entry/stop/target could not be computed).,SIDEWAYS_LOW_VOL,20.0,
2026-09-10 14:45:44.042594+00:00,ICIL.NS,NO TRADE,False,72.38894465694874,MODERATE,UP,DEGRADED,Failed check: news credibility acceptable.,,1000000.0,439.45001220703125,2267,71.66666666666667,82.0,70.0,,70.0,,,70.0,72.03311924648847,,3.124999999999997,7658.456950149262,300.3201383422852,201,Failed check: news credibility acceptable.,SIDEWAYS_HIGH_VOL,30.0,
2026-09-10 14:45:45.531543+00:00,ICRA.NS,NO TRADE,False,43.65053890337646,NO TRADE,UP,DEGRADED,No risk assessment available (entry/stop/target could not be computed).; Failed check: signal is directional.; Failed check: confidence sufficient.; Failed check: ai signals aligned.; Failed check: risk reward sufficient.; Failed check: expected value positive.; Failed check: positive edge after costs.; Failed check: stop loss logical.; Failed check: position size within limits.; Failed check: sufficient liquidity.; Failed check: strong technical setup.; Failed check: market conditions acceptable.; Failed check: news credibility acceptable.,,1000000.0,4726.2001953125,,31.666666666666668,76.0,39.19685113178579,,40.0,,,25.0,74.17341938118203,,,,,,No risk assessment available (entry/stop/target could not be computed).,BEAR_LOW_VOL,30.0,
2026-09-10 14:45:47.213621+00:00,IDBI.NS,NO TRADE,False,55.445553889909554,NO TRADE,UP,DEGRADED,No risk assessment available (entry/stop/target could not be computed).; Failed check: signal is directional.; Failed check: confidence sufficient.; Failed check: risk reward sufficient.; Failed check: expected value positive.; Failed check: positive edge after costs.; Failed check: stop loss logical.; Failed check: position size within limits.; Failed check: strong technical setup.; Failed check: news credibility acceptable.,,1000000.0,81.5,,43.333333333333336,66.0,55.277152902742955,,40.0,,,55.0,79.98604852485443,,,,,,No risk assessment available (entry/stop/target could not be computed).,SIDEWAYS_HIGH_VOL,30.0,
2026-09-10 14:45:48.743819+00:00,IDEA.NS,NO TRADE,False,70.50913927591382,MODERATE,UP,DEGRADED,Failed check: news credibility acceptable.,,1000000.0,14.899999618530273,66886,71.66666666666667,62.0,68.48821216784285,,70.0,,,70.0,76.96058728957112,,3.125000000000004,7483.475525088262,484.66420759162907,9567,Failed check: news credibility acceptable.,SIDEWAYS_HIGH_VOL,30.0,
2026-09-10 14:45:49.051551+00:00,IDFC.NS,NO TRADE,False,0.0,NO TRADE,NONE,INVALID,"Data Quality [IDFC.NS] as of 2026-09-10T14:45:49.051435+00:00: INVALID (score=0.00, threshold=0.70)
  [CRITICAL] provider_unavailable: No data returned for IDFC.NS (2y/1d)",,1000000.0,,,,,,,,,,,,,,,,,"Data Quality [IDFC.NS] as of 2026-09-10T14:45:49.051435+00:00: INVALID (score=0.00, threshold=0.70)
  [CRITICAL] provider_unavailable: No data returned for IDFC.NS (2y/1d)",UNKNOWN,,
2026-09-10 14:45:50.320579+00:00,IDFCFIRSTB.NS,NO TRADE,False,62.12026401813097,WATCH,UP,DEGRADED,No risk assessment available (entry/stop/target could not be computed).; Failed check: signal is directional.; Failed check: confidence sufficient.; Failed check: risk reward sufficient.; Failed check: expected value positive.; Failed check: positive edge after costs.; Failed check: stop loss logical.; Failed check: position size within limits.; Failed check: news credibility acceptable.,,1000000.0,86.83999633789062,,61.666666666666664,48.0,59.974559835738205,,50.0,,,70.0,68.1991348400286,,,,,,No risk assessment available (entry/stop/target could not be computed).,BULL_LOW_VOL,45.0,
2026-09-10 14:45:51.668057+00:00,IEX.NS,NO TRADE,False,51.04288974947603,NO TRADE,UP,DEGRADED,No risk assessment available (entry/stop/target could not be computed).; Failed check: signal is directional.; Failed check: confidence sufficient.; Failed check: ai signals aligned.; Failed check: risk reward sufficient.; Failed check: expected value positive.; Failed check: positive edge after costs.; Failed check: stop loss logical.; Failed check: position size within limits.; Failed check: strong technical setup.; Failed check: news credibility acceptable.,,1000000.0,116.62999725341797,,38.333333333333336,90.0,44.272439855717,,40.0,,,40.0,69.19739626571469,,,,,,No risk assessment available (entry/stop/target could not be computed).,BEAR_LOW_VOL,20.0,
2026-09-10 14:45:53.849977+00:00,IFBAGRO.NS,NO TRADE,False,43.364457391703226,NO TRADE,UP,DEGRADED,No risk assessment available (entry/stop/target could not be computed).; Failed check: signal is directional.; Failed check: confidence sufficient.; Failed check: ai signals aligned.; Failed check: risk reward sufficient.; Failed check: expected value positive.; Failed check: positive edge after costs.; Failed check: stop loss logical.; Failed check: position size within limits.; Failed check: sufficient liquidity.; Failed check: strong technical setup.; Failed check: market conditions acceptable.; Failed check: news credibility acceptable.,,1000000.0,874.7999877929688,,35.0,90.0,30.0,,40.0,,,10.0,79.2386582839909,,,,,,No risk assessment available (entry/stop/target could not be computed).,BEAR_LOW_VOL,20.0,
2026-09-10 14:45:55.067018+00:00,IFBIND.NS,NO TRADE,False,49.25547010430846,NO TRADE,UP,DEGRADED,No risk assessment available (entry/stop/target could not be computed).; Failed check: signal is directional.; Failed check: confidence sufficient.; Failed check: risk reward sufficient.; Failed check: expected value positive.; Failed check: positive edge after costs.; Failed check: stop loss logical.; Failed check: position size within limits.; Failed check: sufficient liquidity.; Failed check: strong technical setup.; Failed check: news credibility acceptable.,,1000000.0,1283.199951171875,,43.333333333333336,78.0,42.45641845123889,,40.0,,,25.0,74.21309312138443,,,,,,No risk assessment available (entry/stop/target could not be computed).,SIDEWAYS_LOW_VOL,20.0,
2026-09-10 14:45:56.452018+00:00,IFCI.NS,NO TRADE,False,56.440216621191844,NO TRADE,DOWN,DEGRADED,No risk assessment available (entry/stop/target could not be computed).; Failed check: signal is directional.; Failed check: confidence sufficient.; Failed check: risk reward sufficient.; Failed check: expected value positive.; Failed check: positive edge after costs.; Failed check: stop loss logical.; Failed check: position size within limits.; Failed check: strong technical setup.; Failed check: news credibility acceptable.,,1000000.0,85.1500015258789,,46.666666666666664,46.0,70.0,,50.0,,,55.0,68.04926624627835,,,,,,No risk assessment available (entry/stop/target could not be computed).,BULL_HIGH_VOL,30.0,
2026-09-10 14:45:58.021892+00:00,IFGLEXPOR.NS,NO TRADE,False,48.21514106566143,NO TRADE,UP,DEGRADED,No risk assessment available (entry/stop/target could not be computed).; Failed check: signal is directional.; Failed check: confidence sufficient.; Failed check: ai signals aligned.; Failed check: risk reward sufficient.; Failed check: expected value positive.; Failed check: positive edge after costs.; Failed check: stop loss logical.; Failed check: position size within limits.; Failed check: sufficient liquidity.; Failed check: strong technical setup.; Failed check: news credibility acceptable.,,1000000.0,212.5399932861328,,35.0,82.0,47.798245880488246,,50.0,,,25.0,74.2582172020626,,,,,,No risk assessment available (entry/stop/target could not be computed).,BULL_HIGH_VOL,20.0,
2026-09-10 14:45:59.353557+00:00,IGARASHI.NS,NO TRADE,False,42.3415300842285,NO TRADE,UP,DEGRADED,No risk assessment available (entry/stop/target could not be computed).; Failed check: signal is directional.; Failed check: confidence sufficient.; Failed check: ai signals aligned.; Failed check: risk reward sufficient.; Failed check: expected value positive.; Failed check: positive edge after costs.; Failed check: stop loss logical.; Failed check: position size within limits.; Failed check: sufficient liquidity.; Failed check: strong technical setup.; Failed check: market conditions acceptable.; Failed check: news credibility acceptable.,,1000000.0,408.29998779296875,,35.0,74.0,35.95802160588253,,40.0,,,10.0,76.26584826455651,,,,,,No risk assessment available (entry/stop/target could not be computed).,BEAR_LOW_VOL,20.0,
2026-09-10 14:46:00.857049+00:00,IGL.NS,NO TRADE,False,61.3674888887332,WATCH,UP,DEGRADED,No risk assessment available (entry/stop/target could not be computed).; Failed check: signal is directional.; Failed check: confidence sufficient.; Failed check: risk reward sufficient.; Failed check: expected value positive.; Failed check: positive edge after costs.; Failed check: stop loss logical.; Failed check: position size within limits.; Failed check: strong technical setup.; Failed check: news credibility acceptable.,,1000000.0,153.25999450683594,,56.666666666666664,75.0,59.51753758076259,,70.0,,,55.0,70.86026197906627,,,,,,No risk assessment available (entry/stop/target could not be computed).,SIDEWAYS_LOW_VOL,35.0,
2026-09-10 14:46:02.066456+00:00,IGPL.NS,NO TRADE,False,73.0544742152327,MODERATE,UP,DEGRADED,Failed check: news credibility acceptable.,,1000000.0,553.5,1800,71.66666666666667,80.0,70.0,,70.0,,,70.0,78.8749721175789,,3.125000000000007,7505.344220821868,436.60080000000005,232,Failed check: news credibility acceptable.,BULL_HIGH_VOL,20.0,
2026-09-10 14:46:03.608154+00:00,IIFL.NS,NO TRADE,False,55.48951347431687,NO TRADE,UP,DEGRADED,No risk assessment available (entry/stop/target could not be computed).; Failed check: signal is directional.; Failed check: confidence sufficient.; Failed check: risk reward sufficient.; Failed check: expected value positive.; Failed check: positive edge after costs.; Failed check: stop loss logical.; Failed check: position size within limits.; Failed check: strong technical setup.; Failed check: news credibility acceptable.,,1000000.0,607.6500244140625,,43.333333333333336,76.0,49.84375638571048,,40.0,,,55.0,78.78259557423165,,,,,,No risk assessment available (entry/stop/target could not be computed).,BULL_HIGH_VOL,55.0,
2026-09-10 14:46:03.955404+00:00,IIFLSEC.NS,NO TRADE,False,0.0,NO TRADE,NONE,INVALID,"Data Quality [IIFLSEC.NS] as of 2026-09-10T14:46:03.955278+00:00: INVALID (score=0.00, threshold=0.70)
  [CRITICAL] provider_unavailable: No data returned for IIFLSEC.NS (2y/1d)",,1000000.0,,,,,,,,,,,,,,,,,"Data Quality [IIFLSEC.NS] as of 2026-09-10T14:46:03.955278+00:00: INVALID (score=0.00, threshold=0.70)
  [CRITICAL] provider_unavailable: No data returned for IIFLSEC.NS (2y/1d)",UNKNOWN,,
2026-09-10 14:46:04.243105+00:00,IIFLWAM.NS,NO TRADE,False,0.0,NO TRADE,NONE,INVALID,"Data Quality [IIFLWAM.NS] as of 2026-09-10T14:46:04.242996+00:00: INVALID (score=0.00, threshold=0.70)
  [CRITICAL] provider_unavailable: No data returned for IIFLWAM.NS (2y/1d)",,1000000.0,,,,,,,,,,,,,,,,,"Data Quality [IIFLWAM.NS] as of 2026-09-10T14:46:04.242996+00:00: INVALID (score=0.00, threshold=0.70)
  [CRITICAL] provider_unavailable: No data returned for IIFLWAM.NS (2y/1d)",UNKNOWN,,
2026-09-10 14:46:06.570468+00:00,IMFA.NS,NO TRADE,False,49.42054422265695,NO TRADE,UP,DEGRADED,No risk assessment available (entry/stop/target could not be computed).; Failed check: signal is directional.; Failed check: confidence sufficient.; Failed check: ai signals aligned.; Failed check: risk reward sufficient.; Failed check: expected value positive.; Failed check: positive edge after costs.; Failed check: stop loss logical.; Failed check: position size within limits.; Failed check: strong technical setup.; Failed check: market conditions acceptable.; Failed check: news credibility acceptable.,,1000000.0,1278.5,,35.0,94.0,35.67413521736977,,40.0,,,40.0,77.07746065030946,,,,,,No risk assessment available (entry/stop/target could not be computed).,SIDEWAYS_LOW_VOL,20.0,
2026-09-10 14:46:07.821938+00:00,IMPAL.NS,NO TRADE,False,58.29620939492763,NO TRADE,UP,DEGRADED,No risk assessment available (entry/stop/target could not be computed).; Failed check: signal is directional.; Failed check: confidence sufficient.; Failed check: risk reward sufficient.; Failed check: expected value positive.; Failed check: positive edge after costs.; Failed check: stop loss logical.; Failed check: position size within limits.; Failed check: sufficient liquidity.; Failed check: strong technical setup.; Failed check: news credibility acceptable.,,1000000.0,1127.699951171875,,56.666666666666664,,70.0,,70.0,,,25.0,78.11058970289908,,,,,,No risk assessment available (entry/stop/target could not be computed).,SIDEWAYS_LOW_VOL,,
2026-09-10 14:46:09.258268+00:00,INDBANK.NS,NO TRADE,False,40.815285681036144,NO TRADE,UP,DEGRADED,No risk assessment available (entry/stop/target could not be computed).; Failed check: signal is directional.; Failed check: confidence sufficient.; Failed check: ai signals aligned.; Failed check: risk reward sufficient.; Failed check: expected value positive.; Failed check: positive edge after costs.; Failed check: stop loss logical.; Failed check: position size within limits.; Failed check: sufficient liquidity.; Failed check: strong technical setup.; Failed check: market conditions acceptable.; Failed check: news credibility acceptable.,,1000000.0,27.719999313354492,,33.333333333333336,76.0,30.0,,25.0,,,10.0,79.97675742185436,,,,,,No risk assessment available (entry/stop/target could not be computed).,BEAR_HIGH_VOL,30.0,
2026-09-10 14:46:10.839303+00:00,INDHOTEL.NS,NO TRADE,False,53.39465003536466,NO TRADE,UP,DEGRADED,No risk assessment available (entry/stop/target could not be computed).; Failed check: signal is directional.; Failed check: confidence sufficient.; Failed check: ai signals aligned.; Failed check: risk reward sufficient.; Failed check: expected value positive.; Failed check: positive edge after costs.; Failed check: stop loss logical.; Failed check: position size within limits.; Failed check: strong technical setup.; Failed check: news credibility acceptable.,,1000000.0,715.75,,35.0,82.0,56.10992477564365,,50.0,,,55.0,69.15877213968476,,,,,,No risk assessment available (entry/stop/target could not be computed).,SIDEWAYS_LOW_VOL,20.0,
2026-09-10 14:46:12.401291+00:00,INDIACEM.NS,NO TRADE,False,44.04119187275512,NO TRADE,DOWN,DEGRADED,No risk assessment available (entry/stop/target could not be computed).; Failed check: signal is directional.; Failed check: confidence sufficient.; Failed check: risk reward sufficient.; Failed check: expected value positive.; Failed check: positive edge after costs.; Failed check: stop loss logical.; Failed check: position size within limits.; Failed check: strong technical setup.; Failed check: market conditions acceptable.; Failed check: news credibility acceptable.,,1000000.0,347.95001220703125,,30.0,49.0,39.463261591424995,,25.0,,,55.0,71.23857645861796,,,,,,No risk assessment available (entry/stop/target could not be computed).,BEAR_LOW_VOL,20.0,
2026-09-10 14:46:13.714887+00:00,INDIAGLYCO.NS,NO TRADE,False,36.603730435488366,NO TRADE,UP,DEGRADED,No risk assessment available (entry/stop/target could not be computed).; Failed check: signal is directional.; Failed check: confidence sufficient.; Failed check: ai signals aligned.; Failed check: risk reward sufficient.; Failed check: expected value positive.; Failed check: positive edge after costs.; Failed check: stop loss logical.; Failed check: position size within limits.; Failed check: acceptable volatility.; Failed check: strong technical setup.; Failed check: market conditions acceptable.; Failed check: news credibility acceptable.,,1000000.0,310.3999938964844,,33.333333333333336,80.0,30.0,,25.0,,,40.0,15.0,,,,,,No risk assessment available (entry/stop/target could not be computed).,BEAR_HIGH_VOL,30.0,
2026-09-10 14:46:15.152824+00:00,INDIAMART.NS,NO TRADE,False,46.487126087098346,NO TRADE,UP,DEGRADED,No risk assessment available (entry/stop/target could not be computed).; Failed check: signal is directional.; Failed check: confidence sufficient.; Failed check: ai signals aligned.; Failed check: risk reward sufficient.; Failed check: expected value positive.; Failed check: positive edge after costs.; Failed check: stop loss logical.; Failed check: position size within limits.; Failed check: sufficient liquidity.; Failed check: strong technical setup.; Failed check: market conditions acceptable.; Failed check: news credibility acceptable.,,1000000.0,1640.0,,30.0,100.0,38.893937122091394,,25.0,,,10.0,70.20027928807491,,,,,,No risk assessment available (entry/stop/target could not be computed).,BEAR_LOW_VOL,10.0,
2026-09-10 14:46:16.678556+00:00,INDIANB.NS,NO TRADE,False,55.2279981120577,NO TRADE,UP,DEGRADED,No risk assessment available (entry/stop/target could not be computed).; Failed check: signal is directional.; Failed check: confidence sufficient.; Failed check: ai signals aligned.; Failed check: risk reward sufficient.; Failed check: expected value positive.; Failed check: positive edge after costs.; Failed check: stop loss logical.; Failed check: position size within limits.; Failed check: strong technical setup.; Failed check: news credibility acceptable.,,1000000.0,856.5,,40.0,94.0,48.260379996751055,,40.0,,,55.0,70.99386876961385,,,,,,No risk assessment available (entry/stop/target could not be computed).,SIDEWAYS_LOW_VOL,30.0,
2026-09-10 14:46:17.994521+00:00,INDIANCARD.NS,NO TRADE,False,53.343614660856375,NO TRADE,UP,DEGRADED,No risk assessment available (entry/stop/target could not be computed).; Failed check: signal is directional.; Failed check: confidence sufficient.; Failed check: ai signals aligned.; Failed check: risk reward sufficient.; Failed check: expected value positive.; Failed check: positive edge after costs.; Failed check: stop loss logical.; Failed check: position size within limits.; Failed check: sufficient liquidity.; Failed check: strong technical setup.; Failed check: news credibility acceptable.,,1000000.0,209.36000061035156,,45.0,84.0,51.49297559365698,,60.0,,,25.0,78.77120122356567,,,,,,No risk assessment available (entry/stop/target could not be computed).,BEAR_LOW_VOL,20.0,
2026-09-10 14:46:19.397122+00:00,INDIANHUME.NS,NO TRADE,False,46.71000354428089,NO TRADE,NONE,DEGRADED,No risk assessment available (entry/stop/target could not be computed).; Failed check: signal is directional.; Failed check: confidence sufficient.; Failed check: risk reward sufficient.; Failed check: expected value positive.; Failed check: positive edge after costs.; Failed check: stop loss logical.; Failed check: position size within limits.; Failed check: sufficient liquidity.; Failed check: strong technical setup.; Failed check: news credibility acceptable.,,1000000.0,367.0,,35.0,69.0,56.82833212436926,,40.0,,,10.0,79.73478707066748,,,,,,No risk assessment available (entry/stop/target could not be computed).,BULL_HIGH_VOL,20.0,
2026-09-10 14:46:22.025815+00:00,INDIGO.NS,NO TRADE,False,43.295006332936545,NO TRADE,DOWN,DEGRADED,No risk assessment available (entry/stop/target could not be computed).; Failed check: signal is directional.; Failed check: confidence sufficient.; Failed check: risk reward sufficient.; Failed check: expected value positive.; Failed check: positive edge after costs.; Failed check: stop loss logical.; Failed check: position size within limits.; Failed check: strong technical setup.; Failed check: news credibility acceptable.,,1000000.0,4945.0,,35.0,,41.46180249134819,,40.0,,,40.0,70.07733426059696,,,,,,No risk assessment available (entry/stop/target could not be computed).,BEAR_LOW_VOL,,
2026-09-10 14:46:23.440261+00:00,INDNIPPON.NS,NO TRADE,False,57.73053540967489,NO TRADE,NONE,DEGRADED,No risk assessment available (entry/stop/target could not be computed).; Failed check: signal is directional.; Failed check: confidence sufficient.; Failed check: risk reward sufficient.; Failed check: expected value positive.; Failed check: positive edge after costs.; Failed check: stop loss logical.; Failed check: position size within limits.; Failed check: strong technical setup.; Failed check: news credibility acceptable.,,1000000.0,1369.0,,45.0,58.0,70.0,,45.0,,,55.0,73.72601073696299,,,,,,No risk assessment available (entry/stop/target could not be computed).,BULL_HIGH_VOL,30.0,
2026-09-10 14:46:24.776832+00:00,INDOCO.NS,NO TRADE,False,67.63541336012644,WATCH,UP,DEGRADED,No risk assessment available (entry/stop/target could not be computed).; Failed check: signal is directional.; Failed check: confidence sufficient.; Failed check: risk reward sufficient.; Failed check: expected value positive.; Failed check: positive edge after costs.; Failed check: stop loss logical.; Failed check: position size within limits.; Failed check: news credibility acceptable.,,1000000.0,254.25,,71.66666666666667,46.0,70.0,,70.0,,,70.0,69.91798250566636,,,,,,No risk assessment available (entry/stop/target could not be computed).,BULL_HIGH_VOL,42.0,
2026-09-10 14:46:26.245434+00:00,INDORAMA.NS,NO TRADE,False,63.98013579891429,WATCH,UP,DEGRADED,No risk assessment available (entry/stop/target could not be computed).; Failed check: signal is directional.; Failed check: confidence sufficient.; Failed check: risk reward sufficient.; Failed check: expected value positive.; Failed check: positive edge after costs.; Failed check: stop loss logical.; Failed check: position size within limits.; Failed check: news credibility acceptable.,,1000000.0,82.6500015258789,,60.0,53.0,70.0,,45.0,,,70.0,68.0957611883033,,,,,,No risk assessment available (entry/stop/target could not be computed).,BULL_HIGH_VOL,55.0,
2026-09-10 14:46:27.369521+00:00,INDOSTAR.NS,NO TRADE,False,49.56165636333871,NO TRADE,DOWN,DEGRADED,No risk assessment available (entry/stop/target could not be computed).; Failed check: signal is directional.; Failed check: confidence sufficient.; Failed check: risk reward sufficient.; Failed check: expected value positive.; Failed check: positive edge after costs.; Failed check: stop loss logical.; Failed check: position size within limits.; Failed check: strong technical setup.; Failed check: news credibility acceptable.,,1000000.0,246.88999938964844,,38.333333333333336,49.0,55.75510763129452,,50.0,,,40.0,78.27777641865855,,,,,,No risk assessment available (entry/stop/target could not be computed).,SIDEWAYS_HIGH_VOL,57.0,
2026-09-10 14:46:28.717320+00:00,INDOTECH.NS,NO TRADE,False,56.33010497822844,NO TRADE,UP,DEGRADED,No risk assessment available (entry/stop/target could not be computed).; Failed check: signal is directional.; Failed check: confidence sufficient.; Failed check: risk reward sufficient.; Failed check: expected value positive.; Failed check: positive edge after costs.; Failed check: stop loss logical.; Failed check: position size within limits.; Failed check: sufficient liquidity.; Failed check: strong technical setup.; Failed check: news credibility acceptable.,,1000000.0,3602.39990234375,,46.666666666666664,78.0,66.41621778619971,,50.0,,,25.0,78.84604474630127,,,,,,No risk assessment available (entry/stop/target could not be computed).,BULL_HIGH_VOL,20.0,
2026-09-10 14:46:30.055601+00:00,INDRAMEDCO.NS,NO TRADE,False,50.25334047074947,NO TRADE,UP,DEGRADED,No risk assessment available (entry/stop/target could not be computed).; Failed check: signal is directional.; Failed check: confidence sufficient.; Failed check: ai signals aligned.; Failed check: risk reward sufficient.; Failed check: expected value positive.; Failed check: positive edge after costs.; Failed check: stop loss logical.; Failed check: position size within limits.; Failed check: strong technical setup.; Failed check: news credibility acceptable.,,1000000.0,360.0,,35.0,80.0,50.89091373169201,,40.0,,,40.0,71.0975709697713,,,,,,No risk assessment available (entry/stop/target could not be computed).,BEAR_LOW_VOL,20.0,
2026-09-10 14:46:31.363153+00:00,INDSWFTLAB.NS,NO TRADE,False,67.77262391532483,WATCH,UP,DEGRADED,No risk assessment available (entry/stop/target could not be computed).; Failed check: signal is directional.; Failed check: confidence sufficient.; Failed check: risk reward sufficient.; Failed check: expected value positive.; Failed check: positive edge after costs.; Failed check: stop loss logical.; Failed check: position size within limits.; Failed check: strong technical setup.; Failed check: news credibility acceptable.,,1000000.0,377.5,,58.333333333333336,82.0,70.0,,40.0,,,70.0,73.69910503396848,,,,,,No risk assessment available (entry/stop/target could not be computed).,BULL_HIGH_VOL,20.0,
2026-09-10 14:46:32.766848+00:00,INDUSINDBK.NS,NO TRADE,False,47.88921925260504,NO TRADE,NONE,DEGRADED,No risk assessment available (entry/stop/target could not be computed).; Failed check: signal is directional.; Failed check: confidence sufficient.; Failed check: risk reward sufficient.; Failed check: expected value positive.; Failed check: positive edge after costs.; Failed check: stop loss logical.; Failed check: position size within limits.; Failed check: strong technical setup.; Failed check: news credibility acceptable.,,1000000.0,993.2999877929688,,35.0,64.0,51.90254923228596,,50.0,,,40.0,69.30672723389145,,,,,,No risk assessment available (entry/stop/target could not be computed).,BULL_LOW_VOL,30.0,
2026-09-10 14:46:34.209708+00:00,INDUSTOWER.NS,NO TRADE,False,52.69815072093286,NO TRADE,UP,DEGRADED,No risk assessment available (entry/stop/target could not be computed).; Failed check: signal is directional.; Failed check: confidence sufficient.; Failed check: ai signals aligned.; Failed check: risk reward sufficient.; Failed check: expected value positive.; Failed check: positive edge after costs.; Failed check: stop loss logical.; Failed check: position size within limits.; Failed check: strong technical setup.; Failed check: news credibility acceptable.,,1000000.0,372.0,,35.0,86.0,50.86404301760674,,40.0,,,40.0,71.18774605380894,,,,,,No risk assessment available (entry/stop/target could not be computed).,SIDEWAYS_LOW_VOL,20.0,
2026-09-10 14:46:35.517712+00:00,INEOSSTYRO.NS,NO TRADE,False,0.0,NO TRADE,NONE,INVALID,"Data Quality [INEOSSTYRO.NS] as of 2026-09-10T14:46:35.517601+00:00: INVALID (score=0.00, threshold=0.70)
  [CRITICAL] provider_unavailable: No data returned for INEOSSTYRO.NS (2y/1d)",,1000000.0,,,,,,,,,,,,,,,,,"Data Quality [INEOSSTYRO.NS] as of 2026-09-10T14:46:35.517601+00:00: INVALID (score=0.00, threshold=0.70)
  [CRITICAL] provider_unavailable: No data returned for INEOSSTYRO.NS (2y/1d)",UNKNOWN,,
2026-09-10 14:46:35.805478+00:00,INFIBEAM.NS,NO TRADE,False,0.0,NO TRADE,NONE,INVALID,"Data Quality [INFIBEAM.NS] as of 2026-09-10T14:46:35.805346+00:00: INVALID (score=0.00, threshold=0.70)
  [CRITICAL] provider_unavailable: No data returned for INFIBEAM.NS (2y/1d)",,1000000.0,,,,,,,,,,,,,,,,,"Data Quality [INFIBEAM.NS] as of 2026-09-10T14:46:35.805346+00:00: INVALID (score=0.00, threshold=0.70)
  [CRITICAL] provider_unavailable: No data returned for INFIBEAM.NS (2y/1d)",UNKNOWN,,
2026-09-10 14:46:37.343326+00:00,INFOBEAN.NS,NO TRADE,False,53.54949745166128,NO TRADE,UP,DEGRADED,No risk assessment available (entry/stop/target could not be computed).; Failed check: signal is directional.; Failed check: confidence sufficient.; Failed check: ai signals aligned.; Failed check: risk reward sufficient.; Failed check: expected value positive.; Failed check: positive edge after costs.; Failed check: stop loss logical.; Failed check: position size within limits.; Failed check: strong technical setup.; Failed check: news credibility acceptable.,,1000000.0,155.1999969482422,,38.333333333333336,79.0,47.2653839703443,,40.0,,,55.0,77.97856012574303,,,,,,No risk assessment available (entry/stop/target could not be computed).,SIDEWAYS_LOW_VOL,20.0,
2026-09-10 14:46:39.226878+00:00,INFY.NS,NO TRADE,False,52.52643170154645,NO TRADE,UP,DEGRADED,No risk assessment available (entry/stop/target could not be computed).; Failed check: signal is directional.; Failed check: confidence sufficient.; Failed check: ai signals aligned.; Failed check: risk reward sufficient.; Failed check: expected value positive.; Failed check: positive edge after costs.; Failed check: stop loss logical.; Failed check: position size within limits.; Failed check: strong technical setup.; Failed check: market conditions acceptable.; Failed check: news credibility acceptable.,,1000000.0,1036.5,,40.0,82.0,34.59120617559026,,40.0,,,55.0,73.33507026378257,,,,,,No risk assessment available (entry/stop/target could not be computed).,SIDEWAYS_LOW_VOL,10.0,
2026-09-10 14:46:40.564301+00:00,INGERRAND.NS,NO TRADE,False,53.51471600001122,NO TRADE,UP,DEGRADED,No risk assessment available (entry/stop/target could not be computed).; Failed check: signal is directional.; Failed check: confidence sufficient.; Failed check: risk reward sufficient.; Failed check: expected value positive.; Failed check: positive edge after costs.; Failed check: stop loss logical.; Failed check: position size within limits.; Failed check: sufficient liquidity.; Failed check: strong technical setup.; Failed check: news credibility acceptable.,,1000000.0,4604.7998046875,,46.666666666666664,78.0,57.12121826338377,,50.0,,,25.0,74.48696450314488,,,,,,No risk assessment available (entry/stop/target could not be computed).,SIDEWAYS_LOW_VOL,20.0,
2026-09-10 14:46:40.861876+00:00,INOXLEISUR.NS,NO TRADE,False,0.0,NO TRADE,NONE,INVALID,"Data Quality [INOXLEISUR.NS] as of 2026-09-10T14:46:40.861775+00:00: INVALID (score=0.00, threshold=0.70)
  [CRITICAL] provider_unavailable: No data returned for INOXLEISUR.NS (2y/1d)",,1000000.0,,,,,,,,,,,,,,,,,"Data Quality [INOXLEISUR.NS] as of 2026-09-10T14:46:40.861775+00:00: INVALID (score=0.00, threshold=0.70)
  [CRITICAL] provider_unavailable: No data returned for INOXLEISUR.NS (2y/1d)",UNKNOWN,,
2026-09-10 14:46:42.249023+00:00,INOXWIND.NS,NO TRADE,False,60.01907535941654,WATCH,UP,DEGRADED,No risk assessment available (entry/stop/target could not be computed).; Failed check: signal is directional.; Failed check: confidence sufficient.; Failed check: risk reward sufficient.; Failed check: expected value positive.; Failed check: positive edge after costs.; Failed check: stop loss logical.; Failed check: position size within limits.; Failed check: strong technical setup.; Failed check: news credibility acceptable.,,1000000.0,76.0199966430664,,56.666666666666664,52.0,63.67027816621993,,70.0,,,55.0,74.12618262789651,,,,,,No risk assessment available (entry/stop/target could not be computed).,BEAR_HIGH_VOL,35.0,
2026-09-10 14:46:43.789463+00:00,INSECTICID.NS,NO TRADE,False,54.51447085376755,NO TRADE,UP,DEGRADED,No risk assessment available (entry/stop/target could not be computed).; Failed check: signal is directional.; Failed check: confidence sufficient.; Failed check: risk reward sufficient.; Failed check: expected value positive.; Failed check: positive edge after costs.; Failed check: stop loss logical.; Failed check: position size within limits.; Failed check: sufficient liquidity.; Failed check: strong technical setup.; Failed check: news credibility acceptable.,,1000000.0,612.5,,56.666666666666664,60.0,52.41632037883737,,70.0,,,25.0,77.82615863704,,,,,,No risk assessment available (entry/stop/target could not be computed).,BEAR_LOW_VOL,35.0,
2026-09-10 14:46:45.083839+00:00,INSPIRISYS.NS,NO TRADE,False,47.15777419242454,NO TRADE,UP,DEGRADED,No risk assessment available (entry/stop/target could not be computed).; Failed check: signal is directional.; Failed check: confidence sufficient.; Failed check: risk reward sufficient.; Failed check: expected value positive.; Failed check: positive edge after costs.; Failed check: stop loss logical.; Failed check: position size within limits.; Failed check: sufficient liquidity.; Failed check: strong technical setup.; Failed check: news credibility acceptable.,,1000000.0,86.25,,45.0,75.0,44.64792637417689,,60.0,,,10.0,70.37388999135212,,,,,,No risk assessment available (entry/stop/target could not be computed).,BEAR_HIGH_VOL,45.0,
2026-09-10 14:46:46.507402+00:00,INTELLECT.NS,NO TRADE,False,56.42090255935212,NO TRADE,UP,DEGRADED,No risk assessment available (entry/stop/target could not be computed).; Failed check: signal is directional.; Failed check: confidence sufficient.; Failed check: risk reward sufficient.; Failed check: expected value positive.; Failed check: positive edge after costs.; Failed check: stop loss logical.; Failed check: position size within limits.; Failed check: strong technical setup.; Failed check: news credibility acceptable.,,1000000.0,685.0499877929688,,45.0,76.0,52.851431420310014,,60.0,,,55.0,73.00495340746161,,,,,,No risk assessment available (entry/stop/target could not be computed).,BEAR_LOW_VOL,20.0,
2026-09-10 14:46:48.772931+00:00,INTENTECH.NS,NO TRADE,False,45.9580198939483,NO TRADE,DOWN,DEGRADED,No risk assessment available (entry/stop/target could not be computed).; Failed check: signal is directional.; Failed check: confidence sufficient.; Failed check: risk reward sufficient.; Failed check: expected value positive.; Failed check: positive edge after costs.; Failed check: stop loss logical.; Failed check: position size within limits.; Failed check: sufficient liquidity.; Failed check: strong technical setup.; Failed check: news credibility acceptable.,,1000000.0,79.12000274658203,,45.0,44.0,52.962546757402066,,60.0,,,10.0,75.06449458873176,,,,,,No risk assessment available (entry/stop/target could not be computed).,BEAR_LOW_VOL,35.0,
2026-09-10 14:46:49.903009+00:00,INVENTURE.NS,NO TRADE,False,54.944065871462584,NO TRADE,NONE,DEGRADED,No risk assessment available (entry/stop/target could not be computed).; Failed check: signal is directional.; Failed check: confidence sufficient.; Failed check: risk reward sufficient.; Failed check: expected value positive.; Failed check: positive edge after costs.; Failed check: stop loss logical.; Failed check: position size within limits.; Failed check: strong technical setup.; Failed check: news credibility acceptable.,,1000000.0,0.9100000262260437,,46.666666666666664,52.0,55.11656940036191,,50.0,,,55.0,77.61939454857355,,,,,,No risk assessment available (entry/stop/target could not be computed).,SIDEWAYS_HIGH_VOL,20.0,
2026-09-10 14:46:51.171778+00:00,IOB.NS,NO TRADE,False,56.26538996467025,NO TRADE,UP,DEGRADED,No risk assessment available (entry/stop/target could not be computed).; Failed check: signal is directional.; Failed check: confidence sufficient.; Failed check: ai signals aligned.; Failed check: risk reward sufficient.; Failed check: expected value positive.; Failed check: positive edge after costs.; Failed check: stop loss logical.; Failed check: position size within limits.; Failed check: strong technical setup.; Failed check: news credibility acceptable.,,1000000.0,32.86000061035156,,41.666666666666664,94.0,52.943951370674114,,60.0,,,55.0,67.75504747372624,,,,,,No risk assessment available (entry/stop/target could not be computed).,SIDEWAYS_LOW_VOL,30.0,
2026-09-10 14:46:52.831166+00:00,IOC.NS,NO TRADE,False,48.94691157294281,NO TRADE,UP,DEGRADED,No risk assessment available (entry/stop/target could not be computed).; Failed check: signal is directional.; Failed check: confidence sufficient.; Failed check: ai signals aligned.; Failed check: risk reward sufficient.; Failed check: expected value positive.; Failed check: positive edge after costs.; Failed check: stop loss logical.; Failed check: position size within limits.; Failed check: strong technical setup.; Failed check: news credibility acceptable.,,1000000.0,134.94000244140625,,35.0,80.0,50.891640086787106,,40.0,,,40.0,68.1825511231257,,,,,,No risk assessment available (entry/stop/target could not be computed).,SIDEWAYS_LOW_VOL,30.0,
2026-09-10 14:46:54.280494+00:00,IOLCP.NS,NO TRADE,False,70.03843708443773,MODERATE,UP,DEGRADED,Failed check: news credibility acceptable.,,1000000.0,211.42999267578125,4713,63.333333333333336,82.0,70.0,,45.0,,,70.0,76.61129412736749,,3.1249999999999996,7600.423100424438,356.5555396484375,496,Failed check: news credibility acceptable.,BULL_HIGH_VOL,20.0,
2026-09-10 14:46:55.733133+00:00,IPCALAB.NS,NO TRADE,False,68.78084692640351,WATCH,UP,DEGRADED,No risk assessment available (entry/stop/target could not be computed).; Failed check: signal is directional.; Failed check: confidence sufficient.; Failed check: risk reward sufficient.; Failed check: expected value positive.; Failed check: positive edge after costs.; Failed check: stop loss logical.; Failed check: position size within limits.; Failed check: news credibility acceptable.,,1000000.0,1972.0999755859375,,61.666666666666664,82.0,70.0,,50.0,,,70.0,72.17598845568841,,,,,,No risk assessment available (entry/stop/target could not be computed).,BULL_LOW_VOL,20.0,
2026-09-10 14:46:57.170346+00:00,IRB.NS,NO TRADE,False,60.812441688015525,WATCH,UP,DEGRADED,No risk assessment available (entry/stop/target could not be computed).; Failed check: signal is directional.; Failed check: confidence sufficient.; Failed check: risk reward sufficient.; Failed check: expected value positive.; Failed check: positive edge after costs.; Failed check: stop loss logical.; Failed check: position size within limits.; Failed check: strong technical setup.; Failed check: news credibility acceptable.,,1000000.0,19.940000534057617,,53.333333333333336,71.0,64.04021668432291,,70.0,,,55.0,71.15654139634518,,,,,,No risk assessment available (entry/stop/target could not be computed).,BEAR_LOW_VOL,30.0,
2026-09-10 14:46:58.490753+00:00,IRCON.NS,NO TRADE,False,45.57165798748659,NO TRADE,NONE,DEGRADED,No risk assessment available (entry/stop/target could not be computed).; Failed check: signal is directional.; Failed check: confidence sufficient.; Failed check: risk reward sufficient.; Failed check: expected value positive.; Failed check: positive edge after costs.; Failed check: stop loss logical.; Failed check: position size within limits.; Failed check: strong technical setup.; Failed check: news credibility acceptable.,,1000000.0,115.20999908447266,,33.333333333333336,65.0,41.936683134676116,,25.0,,,40.0,71.872391969781,,,,,,No risk assessment available (entry/stop/target could not be computed).,BEAR_LOW_VOL,45.0,
2026-09-10 14:46:59.876638+00:00,IRCTC.NS,NO TRADE,False,46.959670235141985,NO TRADE,UP,DEGRADED,No risk assessment available (entry/stop/target could not be computed).; Failed check: signal is directional.; Failed check: confidence sufficient.; Failed check: ai signals aligned.; Failed check: risk reward sufficient.; Failed check: expected value positive.; Failed check: positive edge after costs.; Failed check: stop loss logical.; Failed check: position size within limits.; Failed check: strong technical setup.; Failed check: news credibility acceptable.,,1000000.0,467.8500061035156,,35.0,72.0,42.73997529841542,,40.0,,,40.0,67.22590313743629,,,,,,No risk assessment available (entry/stop/target could not be computed).,BEAR_LOW_VOL,20.0,
2026-09-10 14:47:00.172855+00:00,ISEC.NS,NO TRADE,False,0.0,NO TRADE,NONE,INVALID,"Data Quality [ISEC.NS] as of 2026-09-10T14:47:00.172764+00:00: INVALID (score=0.00, threshold=0.70)
  [CRITICAL] provider_unavailable: No data returned for ISEC.NS (2y/1d)",,1000000.0,,,,,,,,,,,,,,,,,"Data Quality [ISEC.NS] as of 2026-09-10T14:47:00.172764+00:00: INVALID (score=0.00, threshold=0.70)
  [CRITICAL] provider_unavailable: No data returned for ISEC.NS (2y/1d)",UNKNOWN,,
2026-09-10 14:47:02.463576+00:00,ISFT.NS,NO TRADE,False,59.07531215559401,WATCH,UP,DEGRADED,No risk assessment available (entry/stop/target could not be computed).; Failed check: signal is directional.; Failed check: confidence sufficient.; Failed check: ai signals aligned.; Failed check: risk reward sufficient.; Failed check: expected value positive.; Failed check: positive edge after costs.; Failed check: stop loss logical.; Failed check: position size within limits.; Failed check: strong technical setup.; Failed check: news credibility acceptable.,,1000000.0,81.16999816894531,,43.333333333333336,80.0,68.91868822509146,,40.0,,,55.0,70.17826910828732,,,,,,No risk assessment available (entry/stop/target could not be computed).,SIDEWAYS_HIGH_VOL,20.0,
2026-09-10 14:47:02.810707+00:00,ISMTLTD.NS,NO TRADE,False,0.0,NO TRADE,NONE,INVALID,"Data Quality [ISMTLTD.NS] as of 2026-09-10T14:47:02.810622+00:00: INVALID (score=0.00, threshold=0.70)
  [CRITICAL] provider_unavailable: No data returned for ISMTLTD.NS (2y/1d)",,1000000.0,,,,,,,,,,,,,,,,,"Data Quality [ISMTLTD.NS] as of 2026-09-10T14:47:02.810622+00:00: INVALID (score=0.00, threshold=0.70)
  [CRITICAL] provider_unavailable: No data returned for ISMTLTD.NS (2y/1d)",UNKNOWN,,
2026-09-10 14:47:04.737638+00:00,ITC.NS,NO TRADE,False,46.63543819300465,NO TRADE,NONE,DEGRADED,No risk assessment available (entry/stop/target could not be computed).; Failed check: signal is directional.; Failed check: confidence sufficient.; Failed check: risk reward sufficient.; Failed check: expected value positive.; Failed check: positive edge after costs.; Failed check: stop loss logical.; Failed check: position size within limits.; Failed check: strong technical setup.; Failed check: news credibility acceptable.,,1000000.0,259.29998779296875,,38.333333333333336,60.0,43.70311614374012,,40.0,,,40.0,68.47202425922897,,,,,,No risk assessment available (entry/stop/target could not be computed).,BEAR_LOW_VOL,20.0,
2026-09-10 14:47:05.831902+00:00,ITDC.NS,NO TRADE,False,49.552653667837475,NO TRADE,DOWN,DEGRADED,No risk assessment available (entry/stop/target could not be computed).; Failed check: signal is directional.; Failed check: confidence sufficient.; Failed check: risk reward sufficient.; Failed check: expected value positive.; Failed check: positive edge after costs.; Failed check: stop loss logical.; Failed check: position size within limits.; Failed check: strong technical setup.; Failed check: news credibility acceptable.,,1000000.0,686.0,,38.333333333333336,45.0,47.2168927825285,,50.0,,,55.0,79.1688586046859,,,,,,No risk assessment available (entry/stop/target could not be computed).,BULL_LOW_VOL,20.0,
2026-09-10 14:47:06.117990+00:00,ITDCEM.NS,NO TRADE,False,0.0,NO TRADE,NONE,INVALID,"Data Quality [ITDCEM.NS] as of 2026-09-10T14:47:06.117900+00:00: INVALID (score=0.00, threshold=0.70)
  [CRITICAL] provider_unavailable: No data returned for ITDCEM.NS (2y/1d)",,1000000.0,,,,,,,,,,,,,,,,,"Data Quality [ITDCEM.NS] as of 2026-09-10T14:47:06.117900+00:00: INVALID (score=0.00, threshold=0.70)
  [CRITICAL] provider_unavailable: No data returned for ITDCEM.NS (2y/1d)",UNKNOWN,,
2026-09-10 14:47:07.542934+00:00,ITI.NS,NO TRADE,False,43.022793756276094,NO TRADE,DOWN,DEGRADED,No risk assessment available (entry/stop/target could not be computed).; Failed check: signal is directional.; Failed check: confidence sufficient.; Failed check: risk reward sufficient.; Failed check: expected value positive.; Failed check: positive edge after costs.; Failed check: stop loss logical.; Failed check: position size within limits.; Failed check: strong technical setup.; Failed check: news credibility acceptable.,,1000000.0,263.5,,31.666666666666668,45.0,44.568380626343455,,40.0,,,40.0,70.74487471612211,,,,,,No risk assessment available (entry/stop/target could not be computed).,BEAR_LOW_VOL,20.0,
2026-09-10 14:47:08.724977+00:00,IZMO.NS,NO TRADE,False,61.681894953063285,WATCH,UP,DEGRADED,No risk assessment available (entry/stop/target could not be computed).; Failed check: signal is directional.; Failed check: confidence sufficient.; Failed check: ai signals aligned.; Failed check: risk reward sufficient.; Failed check: expected value positive.; Failed check: positive edge after costs.; Failed check: stop loss logical.; Failed check: position size within limits.; Failed check: strong technical setup.; Failed check: news credibility acceptable.,,1000000.0,900.2000122070312,,56.666666666666664,94.0,46.856158079455334,,70.0,,,55.0,75.5500920704062,,,,,,No risk assessment available (entry/stop/target could not be computed).,BEAR_HIGH_VOL,20.0,
2026-09-10 14:47:10.085991+00:00,J&KBANK.NS,NO TRADE,False,50.12548593631062,NO TRADE,UP,DEGRADED,No risk assessment available (entry/stop/target could not be computed).; Failed check: signal is directional.; Failed check: confidence sufficient.; Failed check: risk reward sufficient.; Failed check: expected value positive.; Failed check: positive edge after costs.; Failed check: stop loss logical.; Failed check: position size within limits.; Failed check: strong technical setup.; Failed check: news credibility acceptable.,,1000000.0,146.85000610351562,,45.0,66.0,42.066757933234754,,60.0,,,40.0,74.9418274589544,,,,,,No risk assessment available (entry/stop/target could not be computed).,BEAR_LOW_VOL,30.0,
2026-09-10 14:47:11.591737+00:00,JAGRAN.NS,NO TRADE,False,58.41307224981206,NO TRADE,UP,DEGRADED,No risk assessment available (entry/stop/target could not be computed).; Failed check: signal is directional.; Failed check: confidence sufficient.; Failed check: risk reward sufficient.; Failed check: expected value positive.; Failed check: positive edge after costs.; Failed check: stop loss logical.; Failed check: position size within limits.; Failed check: strong technical setup.; Failed check: news credibility acceptable.,,1000000.0,62.0099983215332,,56.666666666666664,65.0,54.39791874857269,,70.0,,,55.0,67.02801671788595,,,,,,No risk assessment available (entry/stop/target could not be computed).,SIDEWAYS_LOW_VOL,20.0,
2026-09-10 14:47:13.040835+00:00,JAGSNPHARM.NS,NO TRADE,False,58.50871637574086,NO TRADE,UP,DEGRADED,No risk assessment available (entry/stop/target could not be computed).; Failed check: signal is directional.; Failed check: confidence sufficient.; Failed check: risk reward sufficient.; Failed check: expected value positive.; Failed check: positive edge after costs.; Failed check: stop loss logical.; Failed check: position size within limits.; Failed check: strong technical setup.; Failed check: news credibility acceptable.,,1000000.0,232.99000549316406,,46.666666666666664,72.0,59.87286548513143,,50.0,,,55.0,77.26291082651697,,,,,,No risk assessment available (entry/stop/target could not be computed).,SIDEWAYS_LOW_VOL,20.0,
2026-09-10 14:47:15.784761+00:00,JAIBALAJI.NS,NO TRADE,False,58.455857726214894,NO TRADE,UP,DEGRADED,No risk assessment available (entry/stop/target could not be computed).; Failed check: signal is directional.; Failed check: confidence sufficient.; Failed check: ai signals aligned.; Failed check: risk reward sufficient.; Failed check: expected value positive.; Failed check: positive edge after costs.; Failed check: stop loss logical.; Failed check: position size within limits.; Failed check: strong technical setup.; Failed check: news credibility acceptable.,,1000000.0,67.5,,46.666666666666664,82.0,53.399079390746486,,50.0,,,55.0,78.72376630242432,,,,,,No risk assessment available (entry/stop/target could not be computed).,SIDEWAYS_HIGH_VOL,20.0,
2026-09-10 14:47:17.195161+00:00,JAICORPLTD.NS,NO TRADE,False,45.96492941793156,NO TRADE,NONE,DEGRADED,No risk assessment available (entry/stop/target could not be computed).; Failed check: signal is directional.; Failed check: confidence sufficient.; Failed check: risk reward sufficient.; Failed check: expected value positive.; Failed check: positive edge after costs.; Failed check: stop loss logical.; Failed check: position size within limits.; Failed check: strong technical setup.; Failed check: news credibility acceptable.,,1000000.0,96.62999725341797,,35.0,64.0,42.17019465567846,,40.0,,,40.0,72.10384341837114,,,,,,No risk assessment available (entry/stop/target could not be computed).,BEAR_LOW_VOL,35.0,
2026-09-10 14:47:18.500884+00:00,JAMNAAUTO.NS,NO TRADE,False,61.024327524937725,WATCH,UP,DEGRADED,No risk assessment available (entry/stop/target could not be computed).; Failed check: signal is directional.; Failed check: confidence sufficient.; Failed check: risk reward sufficient.; Failed check: expected value positive.; Failed check: positive edge after costs.; Failed check: stop loss logical.; Failed check: position size within limits.; Failed check: strong technical setup.; Failed check: news credibility acceptable.,,1000000.0,131.86000061035156,,53.333333333333336,66.0,65.46856731051244,,70.0,,,55.0,75.19801792263577,,,,,,No risk assessment available (entry/stop/target could not be computed).,SIDEWAYS_LOW_VOL,20.0,
2026-09-10 14:47:19.769856+00:00,JASH.NS,NO TRADE,False,62.88356205348221,WATCH,UP,DEGRADED,No risk assessment available (entry/stop/target could not be computed).; Failed check: signal is directional.; Failed check: confidence sufficient.; Failed check: risk reward sufficient.; Failed check: expected value positive.; Failed check: positive edge after costs.; Failed check: stop loss logical.; Failed check: position size within limits.; Failed check: strong technical setup.; Failed check: news credibility acceptable.,,1000000.0,521.4500122070312,,53.333333333333336,72.0,70.0,,70.0,,,55.0,76.58631181884056,,,,,,No risk assessment available (entry/stop/target could not be computed).,SIDEWAYS_HIGH_VOL,20.0,
2026-09-10 14:47:21.050152+00:00,JAYAGROGN.NS,NO TRADE,False,65.60041455434245,WATCH,UP,DEGRADED,No risk assessment available (entry/stop/target could not be computed).; Failed check: signal is directional.; Failed check: confidence sufficient.; Failed check: risk reward sufficient.; Failed check: expected value positive.; Failed check: positive edge after costs.; Failed check: stop loss logical.; Failed check: position size within limits.; Failed check: sufficient liquidity.; Failed check: news credibility acceptable.,,1000000.0,258.17999267578125,,60.0,90.0,70.0,,45.0,,,40.0,78.48655624159376,,,,,,No risk assessment available (entry/stop/target could not be computed).,BULL_HIGH_VOL,20.0,
2026-09-10 14:47:22.411648+00:00,JAYBARMARU.NS,NO TRADE,False,50.98361504528872,NO TRADE,UP,DEGRADED,No risk assessment available (entry/stop/target could not be computed).; Failed check: signal is directional.; Failed check: confidence sufficient.; Failed check: risk reward sufficient.; Failed check: expected value positive.; Failed check: positive edge after costs.; Failed check: stop loss logical.; Failed check: position size within limits.; Failed check: strong technical setup.; Failed check: market conditions acceptable.; Failed check: news credibility acceptable.,,1000000.0,117.52999877929688,,48.333333333333336,75.0,33.3258279740231,,60.0,,,40.0,76.14275694788614,,,,,,No risk assessment available (entry/stop/target could not be computed).,BEAR_HIGH_VOL,30.0,
2026-09-10 14:47:23.678746+00:00,JAYSREETEA.NS,NO TRADE,False,57.26744119680684,NO TRADE,DOWN,DEGRADED,No risk assessment available (entry/stop/target could not be computed).; Failed check: signal is directional.; Failed check: confidence sufficient.; Failed check: risk reward sufficient.; Failed check: expected value positive.; Failed check: positive edge after costs.; Failed check: stop loss logical.; Failed check: position size within limits.; Failed check: strong technical setup.; Failed check: news credibility acceptable.,,1000000.0,93.88999938964844,,46.666666666666664,46.0,68.3917234447984,,50.0,,,55.0,76.48697809265028,,,,,,No risk assessment available (entry/stop/target could not be computed).,BULL_HIGH_VOL,42.0,
2026-09-10 14:47:23.917954+00:00,JBCHEPHARM.NS,NO TRADE,False,0.0,NO TRADE,NONE,INVALID,"Technical analysis could not run: JBCHEPHARM.NS: need at least 20 bars for technical analysis, got 5",,1000000.0,,,,,,,,,,,,,,,,,"Technical analysis could not run: JBCHEPHARM.NS: need at least 20 bars for technical analysis, got 5",UNKNOWN,,
2026-09-10 14:47:25.282088+00:00,JBMA.NS,NO TRADE,False,46.36289044031875,NO TRADE,DOWN,DEGRADED,No risk assessment available (entry/stop/target could not be computed).; Failed check: signal is directional.; Failed check: confidence sufficient.; Failed check: risk reward sufficient.; Failed check: expected value positive.; Failed check: positive edge after costs.; Failed check: stop loss logical.; Failed check: position size within limits.; Failed check: strong technical setup.; Failed check: news credibility acceptable.,,1000000.0,604.25,,31.666666666666668,58.0,51.28678441961891,,40.0,,,40.0,72.2277465852873,,,,,,No risk assessment available (entry/stop/target could not be computed).,BEAR_LOW_VOL,42.0,
2026-09-10 14:47:25.571018+00:00,JCHAC.NS,NO TRADE,False,0.0,NO TRADE,NONE,INVALID,"Data Quality [JCHAC.NS] as of 2026-09-10T14:47:25.570844+00:00: INVALID (score=0.00, threshold=0.70)
  [CRITICAL] provider_unavailable: No data returned for JCHAC.NS (2y/1d)",,1000000.0,,,,,,,,,,,,,,,,,"Data Quality [JCHAC.NS] as of 2026-09-10T14:47:25.570844+00:00: INVALID (score=0.00, threshold=0.70)
  [CRITICAL] provider_unavailable: No data returned for JCHAC.NS (2y/1d)",UNKNOWN,,
2026-09-10 14:47:28.024392+00:00,JHS.NS,NO TRADE,False,46.285849244696465,NO TRADE,UP,DEGRADED,No risk assessment available (entry/stop/target could not be computed).; Failed check: signal is directional.; Failed check: confidence sufficient.; Failed check: risk reward sufficient.; Failed check: expected value positive.; Failed check: positive edge after costs.; Failed check: stop loss logical.; Failed check: position size within limits.; Failed check: sufficient liquidity.; Failed check: strong technical setup.; Failed check: market conditions acceptable.; Failed check: news credibility acceptable.,,1000000.0,8.029999732971191,,46.666666666666664,64.0,36.7318189703006,,50.0,,,25.0,67.71413145673809,,,,,,No risk assessment available (entry/stop/target could not be computed).,BULL_HIGH_VOL,20.0,
2026-09-10 14:47:29.398450+00:00,JINDALPOLY.NS,NO TRADE,False,60.025235871455365,WATCH,NONE,DEGRADED,No risk assessment available (entry/stop/target could not be computed).; Failed check: signal is directional.; Failed check: confidence sufficient.; Failed check: ai signals aligned.; Failed check: risk reward sufficient.; Failed check: expected value positive.; Failed check: positive edge after costs.; Failed check: stop loss logical.; Failed check: position size within limits.; Failed check: sufficient liquidity.; Failed check: news credibility acceptable.,,1000000.0,677.2999877929688,,71.66666666666667,25.0,65.21066077416735,,70.0,,,40.0,77.48790490327873,,,,,,No risk assessment available (entry/stop/target could not be computed).,BULL_HIGH_VOL,62.0,
2026-09-10 14:47:30.913911+00:00,JINDALSAW.NS,NO TRADE,False,66.85967001440372,WATCH,UP,DEGRADED,No risk assessment available (entry/stop/target could not be computed).; Failed check: signal is directional.; Failed check: confidence sufficient.; Failed check: risk reward sufficient.; Failed check: expected value positive.; Failed check: positive edge after costs.; Failed check: stop loss logical.; Failed check: position size within limits.; Failed check: news credibility acceptable.,,1000000.0,317.8999938964844,,63.333333333333336,57.0,70.0,,45.0,,,70.0,76.14492857066232,,,,,,No risk assessment available (entry/stop/target could not be computed).,BULL_HIGH_VOL,35.0,
2026-09-10 14:47:32.283852+00:00,JINDALSTEL.NS,NO TRADE,False,57.89615641963676,NO TRADE,UP,DEGRADED,No risk assessment available (entry/stop/target could not be computed).; Failed check: signal is directional.; Failed check: confidence sufficient.; Failed check: risk reward sufficient.; Failed check: expected value positive.; Failed check: positive edge after costs.; Failed check: stop loss logical.; Failed check: position size within limits.; Failed check: strong technical setup.; Failed check: news credibility acceptable.,,1000000.0,1137.0,,46.666666666666664,67.0,64.03654356648303,,50.0,,,55.0,71.42376768252956,,,,,,No risk assessment available (entry/stop/target could not be computed).,BULL_LOW_VOL,35.0,
2026-09-10 14:47:33.672816+00:00,JINDRILL.NS,NO TRADE,False,71.88614050921758,MODERATE,UP,DEGRADED,Failed check: news credibility acceptable.,,1000000.0,654.2000122070312,1523,71.66666666666667,69.0,70.0,,70.0,,,70.0,79.4228658636758,,3.1250000000000018,7547.155427243153,402.59468751220703,181,Failed check: news credibility acceptable.,BULL_HIGH_VOL,35.0,
2026-09-10 14:47:35.046897+00:00,JINDWORLD.NS,NO TRADE,False,66.01474038528316,WATCH,UP,DEGRADED,No risk assessment available (entry/stop/target could not be computed).; Failed check: signal is directional.; Failed check: confidence sufficient.; Failed check: risk reward sufficient.; Failed check: expected value positive.; Failed check: positive edge after costs.; Failed check: stop loss logical.; Failed check: position size within limits.; Failed check: news credibility acceptable.,,1000000.0,55.70000076293945,,63.333333333333336,60.0,70.0,,45.0,,,70.0,67.74950795059621,,,,,,No risk assessment available (entry/stop/target could not be computed).,BULL_HIGH_VOL,30.0,
2026-09-10 14:47:36.427963+00:00,JISLJALEQS.NS,NO TRADE,False,62.08961759417692,WATCH,UP,DEGRADED,No risk assessment available (entry/stop/target could not be computed).; Failed check: signal is directional.; Failed check: confidence sufficient.; Failed check: risk reward sufficient.; Failed check: expected value positive.; Failed check: positive edge after costs.; Failed check: stop loss logical.; Failed check: position size within limits.; Failed check: strong technical setup.; Failed check: news credibility acceptable.,,1000000.0,30.020000457763672,,56.666666666666664,49.0,70.0,,70.0,,,55.0,79.17584887895232,,,,,,No risk assessment available (entry/stop/target could not be computed).,BEAR_HIGH_VOL,30.0,
2026-09-10 14:47:37.823049+00:00,JKCEMENT.NS,NO TRADE,False,40.053175407986956,NO TRADE,DOWN,DEGRADED,No risk assessment available (entry/stop/target could not be computed).; Failed check: signal is directional.; Failed check: confidence sufficient.; Failed check: risk reward sufficient.; Failed check: expected value positive.; Failed check: positive edge after costs.; Failed check: stop loss logical.; Failed check: position size within limits.; Failed check: sufficient liquidity.; Failed check: strong technical setup.; Failed check: news credibility acceptable.,,1000000.0,4915.5,,30.0,63.0,41.099024782914654,,25.0,,,10.0,72.06170898489152,,,,,,No risk assessment available (entry/stop/target could not be computed).,BEAR_LOW_VOL,30.0,
2026-09-10 14:47:39.082271+00:00,JKIL.NS,NO TRADE,False,48.84703570366341,NO TRADE,UP,DEGRADED,No risk assessment available (entry/stop/target could not be computed).; Failed check: signal is directional.; Failed check: confidence sufficient.; Failed check: risk reward sufficient.; Failed check: expected value positive.; Failed check: positive edge after costs.; Failed check: stop loss logical.; Failed check: position size within limits.; Failed check: sufficient liquidity.; Failed check: strong technical setup.; Failed check: news credibility acceptable.,,1000000.0,483.3999938964844,,43.333333333333336,65.0,51.310149501781275,,40.0,,,25.0,70.06401536082345,,,,,,No risk assessment available (entry/stop/target could not be computed).,SIDEWAYS_LOW_VOL,20.0,
2026-09-10 14:47:40.497796+00:00,JKLAKSHMI.NS,NO TRADE,False,46.335164001095556,NO TRADE,DOWN,DEGRADED,No risk assessment available (entry/stop/target could not be computed).; Failed check: signal is directional.; Failed check: confidence sufficient.; Failed check: risk reward sufficient.; Failed check: expected value positive.; Failed check: positive edge after costs.; Failed check: stop loss logical.; Failed check: position size within limits.; Failed check: strong technical setup.; Failed check: news credibility acceptable.,,1000000.0,505.8999938964844,,30.0,65.0,41.52208362758656,,25.0,,,55.0,71.01068318175132,,,,,,No risk assessment available (entry/stop/target could not be computed).,BEAR_LOW_VOL,45.0,
2026-09-10 14:47:42.805909+00:00,JKPAPER.NS,NO TRADE,False,73.87970740489374,MODERATE,UP,DEGRADED,Failed check: news credibility acceptable.,,1000000.0,415.1499938964844,2400,71.66666666666667,90.0,70.0,,70.0,,,70.0,76.12727024478674,,3.1249999999999964,7458.954890417912,508.1435925292968,360,Failed check: news credibility acceptable.,BULL_LOW_VOL,20.0,
2026-09-10 14:47:44.124273+00:00,JKTYRE.NS,NO TRADE,False,44.486431867453604,NO TRADE,DOWN,DEGRADED,No risk assessment available (entry/stop/target could not be computed).; Failed check: signal is directional.; Failed check: confidence sufficient.; Failed check: risk reward sufficient.; Failed check: expected value positive.; Failed check: positive edge after costs.; Failed check: stop loss logical.; Failed check: position size within limits.; Failed check: strong technical setup.; Failed check: news credibility acceptable.,,1000000.0,357.6499938964844,,30.0,65.0,43.80938197212978,,25.0,,,40.0,70.02962231041502,,,,,,No risk assessment available (entry/stop/target could not be computed).,BEAR_LOW_VOL,45.0,
2026-09-10 14:47:45.570507+00:00,JMA.NS,NO TRADE,False,67.12468193307008,WATCH,UP,DEGRADED,No risk assessment available (entry/stop/target could not be computed).; Failed check: signal is directional.; Failed check: confidence sufficient.; Failed check: risk reward sufficient.; Failed check: expected value positive.; Failed check: positive edge after costs.; Failed check: stop loss logical.; Failed check: position size within limits.; Failed check: sufficient liquidity.; Failed check: news credibility acceptable.,,1000000.0,95.51000213623047,,68.33333333333333,82.0,70.0,,70.0,,,40.0,76.52865443527075,,,,,,No risk assessment available (entry/stop/target could not be computed).,BULL_HIGH_VOL,30.0,
2026-09-10 14:47:45.917088+00:00,JMCPROJECT.NS,NO TRADE,False,0.0,NO TRADE,NONE,INVALID,"Data Quality [JMCPROJECT.NS] as of 2026-09-10T14:47:45.916991+00:00: INVALID (score=0.00, threshold=0.70)
  [CRITICAL] provider_unavailable: No data returned for JMCPROJECT.NS (2y/1d)",,1000000.0,,,,,,,,,,,,,,,,,"Data Quality [JMCPROJECT.NS] as of 2026-09-10T14:47:45.916991+00:00: INVALID (score=0.00, threshold=0.70)
  [CRITICAL] provider_unavailable: No data returned for JMCPROJECT.NS (2y/1d)",UNKNOWN,,
2026-09-10 14:47:47.107212+00:00,JMFINANCIL.NS,NO TRADE,False,54.698639342124835,NO TRADE,NONE,DEGRADED,No risk assessment available (entry/stop/target could not be computed).; Failed check: signal is directional.; Failed check: confidence sufficient.; Failed check: risk reward sufficient.; Failed check: expected value positive.; Failed check: positive edge after costs.; Failed check: stop loss logical.; Failed check: position size within limits.; Failed check: strong technical setup.; Failed check: news credibility acceptable.,,1000000.0,127.23999786376953,,46.666666666666664,56.0,53.99760356871879,,50.0,,,55.0,74.56436393523941,,,,,,No risk assessment available (entry/stop/target could not be computed).,SIDEWAYS_LOW_VOL,57.0,
2026-09-10 14:47:48.453277+00:00,JOCIL.NS,NO TRADE,False,55.287791710529746,NO TRADE,UP,DEGRADED,No risk assessment available (entry/stop/target could not be computed).; Failed check: signal is directional.; Failed check: confidence sufficient.; Failed check: risk reward sufficient.; Failed check: expected value positive.; Failed check: positive edge after costs.; Failed check: stop loss logical.; Failed check: position size within limits.; Failed check: sufficient liquidity.; Failed check: strong technical setup.; Failed check: news credibility acceptable.,,1000000.0,149.8699951171875,,56.666666666666664,52.0,62.19887022434804,,70.0,,,25.0,73.86404848151992,,,,,,No risk assessment available (entry/stop/target could not be computed).,SIDEWAYS_HIGH_VOL,30.0,
2026-09-10 14:47:48.749759+00:00,JPASSOCIAT.NS,NO TRADE,False,0.0,NO TRADE,NONE,INVALID,"Data Quality [JPASSOCIAT.NS] as of 2026-09-10T14:47:48.749668+00:00: INVALID (score=0.00, threshold=0.70)
  [CRITICAL] provider_unavailable: No data returned for JPASSOCIAT.NS (2y/1d)",,1000000.0,,,,,,,,,,,,,,,,,"Data Quality [JPASSOCIAT.NS] as of 2026-09-10T14:47:48.749668+00:00: INVALID (score=0.00, threshold=0.70)
  [CRITICAL] provider_unavailable: No data returned for JPASSOCIAT.NS (2y/1d)",UNKNOWN,,
2026-09-10 14:47:50.234841+00:00,JPPOWER.NS,NO TRADE,False,49.63065769667891,NO TRADE,UP,DEGRADED,No risk assessment available (entry/stop/target could not be computed).; Failed check: signal is directional.; Failed check: confidence sufficient.; Failed check: ai signals aligned.; Failed check: risk reward sufficient.; Failed check: expected value positive.; Failed check: positive edge after costs.; Failed check: stop loss logical.; Failed check: position size within limits.; Failed check: strong technical setup.; Failed check: news credibility acceptable.,,1000000.0,16.299999237060547,,31.666666666666668,94.0,43.94948104280809,,40.0,,,40.0,73.4598383457467,,,,,,No risk assessment available (entry/stop/target could not be computed).,BEAR_LOW_VOL,20.0,
2026-09-10 14:47:51.756315+00:00,JSL.NS,NO TRADE,False,68.43498421655568,WATCH,UP,DEGRADED,No risk assessment available (entry/stop/target could not be computed).; Failed check: signal is directional.; Failed check: confidence sufficient.; Failed check: risk reward sufficient.; Failed check: expected value positive.; Failed check: positive edge after costs.; Failed check: stop loss logical.; Failed check: position size within limits.; Failed check: news credibility acceptable.,,1000000.0,762.1500244140625,,68.33333333333333,,64.56543249653627,,70.0,,,70.0,72.92842322119631,,,,,,No risk assessment available (entry/stop/target could not be computed).,BULL_LOW_VOL,,
2026-09-10 14:47:52.073719+00:00,JSLHISAR.NS,NO TRADE,False,0.0,NO TRADE,NONE,INVALID,"Data Quality [JSLHISAR.NS] as of 2026-09-10T14:47:52.073625+00:00: INVALID (score=0.00, threshold=0.70)
  [CRITICAL] provider_unavailable: No data returned for JSLHISAR.NS (2y/1d)",,1000000.0,,,,,,,,,,,,,,,,,"Data Quality [JSLHISAR.NS] as of 2026-09-10T14:47:52.073625+00:00: INVALID (score=0.00, threshold=0.70)
  [CRITICAL] provider_unavailable: No data returned for JSLHISAR.NS (2y/1d)",UNKNOWN,,
2026-09-10 14:47:54.517156+00:00,JSWENERGY.NS,NO TRADE,False,43.302827921664104,NO TRADE,DOWN,DEGRADED,No risk assessment available (entry/stop/target could not be computed).; Failed check: signal is directional.; Failed check: confidence sufficient.; Failed check: risk reward sufficient.; Failed check: expected value positive.; Failed check: positive edge after costs.; Failed check: stop loss logical.; Failed check: position size within limits.; Failed check: strong technical setup.; Failed check: news credibility acceptable.,,1000000.0,530.4500122070312,,31.666666666666668,43.0,46.736913262281796,,40.0,,,40.0,70.79259948781632,,,,,,No risk assessment available (entry/stop/target could not be computed).,BEAR_LOW_VOL,70.0,
2026-09-10 14:47:55.938672+00:00,JSWHL.NS,NO TRADE,False,48.73160036418541,NO TRADE,DOWN,DEGRADED,No risk assessment available (entry/stop/target could not be computed).; Failed check: signal is directional.; Failed check: confidence sufficient.; Failed check: risk reward sufficient.; Failed check: expected value positive.; Failed check: positive edge after costs.; Failed check: stop loss logical.; Failed check: position size within limits.; Failed check: sufficient liquidity.; Failed check: strong technical setup.; Failed check: news credibility acceptable.,,1000000.0,11444.0,,46.666666666666664,40.0,53.41730123951112,,50.0,,,25.0,76.61441369188623,,,,,,No risk assessment available (entry/stop/target could not be computed).,BEAR_LOW_VOL,45.0,
2026-09-10 14:47:56.235023+00:00,JSWISPL.NS,NO TRADE,False,0.0,NO TRADE,NONE,INVALID,"Data Quality [JSWISPL.NS] as of 2026-09-10T14:47:56.234936+00:00: INVALID (score=0.00, threshold=0.70)
  [CRITICAL] provider_unavailable: No data returned for JSWISPL.NS (2y/1d)",,1000000.0,,,,,,,,,,,,,,,,,"Data Quality [JSWISPL.NS] as of 2026-09-10T14:47:56.234936+00:00: INVALID (score=0.00, threshold=0.70)
  [CRITICAL] provider_unavailable: No data returned for JSWISPL.NS (2y/1d)",UNKNOWN,,
2026-09-10 14:47:57.840542+00:00,JSWSTEEL.NS,NO TRADE,False,59.2410252399872,WATCH,UP,DEGRADED,No risk assessment available (entry/stop/target could not be computed).; Failed check: signal is directional.; Failed check: confidence sufficient.; Failed check: ai signals aligned.; Failed check: risk reward sufficient.; Failed check: expected value positive.; Failed check: positive edge after costs.; Failed check: stop loss logical.; Failed check: position size within limits.; Failed check: strong technical setup.; Failed check: news credibility acceptable.,,1000000.0,1304.0,,46.666666666666664,84.0,62.64481103986064,,50.0,,,55.0,68.71263679174335,,,,,,No risk assessment available (entry/stop/target could not be computed).,BULL_LOW_VOL,30.0,
2026-09-10 14:47:59.127594+00:00,JTEKTINDIA.NS,NO TRADE,False,45.52894592531349,NO TRADE,NONE,DEGRADED,No risk assessment available (entry/stop/target could not be computed).; Failed check: signal is directional.; Failed check: confidence sufficient.; Failed check: risk reward sufficient.; Failed check: expected value positive.; Failed check: positive edge after costs.; Failed check: stop loss logical.; Failed check: position size within limits.; Failed check: strong technical setup.; Failed check: market conditions acceptable.; Failed check: news credibility acceptable.,,1000000.0,119.93000030517578,,33.333333333333336,67.0,37.20346220423492,,25.0,,,40.0,74.10908269073096,,,,,,No risk assessment available (entry/stop/target could not be computed).,BEAR_LOW_VOL,35.0,
2026-09-10 14:47:59.525938+00:00,JUBILANT.NS,NO TRADE,False,0.0,NO TRADE,NONE,INVALID,"Data Quality [JUBILANT.NS] as of 2026-09-10T14:47:59.525845+00:00: INVALID (score=0.00, threshold=0.70)
  [CRITICAL] provider_unavailable: No data returned for JUBILANT.NS (2y/1d)",,1000000.0,,,,,,,,,,,,,,,,,"Data Quality [JUBILANT.NS] as of 2026-09-10T14:47:59.525845+00:00: INVALID (score=0.00, threshold=0.70)
  [CRITICAL] provider_unavailable: No data returned for JUBILANT.NS (2y/1d)",UNKNOWN,,
2026-09-10 14:48:00.866542+00:00,JUBLFOOD.NS,NO TRADE,False,52.51685367539372,NO TRADE,NONE,DEGRADED,No risk assessment available (entry/stop/target could not be computed).; Failed check: signal is directional.; Failed check: confidence sufficient.; Failed check: risk reward sufficient.; Failed check: expected value positive.; Failed check: positive edge after costs.; Failed check: stop loss logical.; Failed check: position size within limits.; Failed check: strong technical setup.; Failed check: news credibility acceptable.,,1000000.0,473.79998779296875,,46.666666666666664,56.0,45.26904889153172,,50.0,,,55.0,73.06059578239524,,,,,,No risk assessment available (entry/stop/target could not be computed).,BULL_LOW_VOL,20.0,
2026-09-10 14:48:01.193657+00:00,JUBLINDS.NS,NO TRADE,False,0.0,NO TRADE,NONE,INVALID,"Data Quality [JUBLINDS.NS] as of 2026-09-10T14:48:01.193563+00:00: INVALID (score=0.00, threshold=0.70)
  [CRITICAL] provider_unavailable: No data returned for JUBLINDS.NS (2y/1d)",,1000000.0,,,,,,,,,,,,,,,,,"Data Quality [JUBLINDS.NS] as of 2026-09-10T14:48:01.193563+00:00: INVALID (score=0.00, threshold=0.70)
  [CRITICAL] provider_unavailable: No data returned for JUBLINDS.NS (2y/1d)",UNKNOWN,,
2026-09-10 14:48:01.541942+00:00,JUMPNET.NS,NO TRADE,False,0.0,NO TRADE,NONE,INVALID,"Data Quality [JUMPNET.NS] as of 2026-09-10T14:48:01.541820+00:00: INVALID (score=0.00, threshold=0.70)
  [CRITICAL] provider_unavailable: No data returned for JUMPNET.NS (2y/1d)",,1000000.0,,,,,,,,,,,,,,,,,"Data Quality [JUMPNET.NS] as of 2026-09-10T14:48:01.541820+00:00: INVALID (score=0.00, threshold=0.70)
  [CRITICAL] provider_unavailable: No data returned for JUMPNET.NS (2y/1d)",UNKNOWN,,
2026-09-10 14:48:02.716475+00:00,JUSTDIAL.NS,NO TRADE,False,54.431239252218205,NO TRADE,UP,DEGRADED,No risk assessment available (entry/stop/target could not be computed).; Failed check: signal is directional.; Failed check: confidence sufficient.; Failed check: ai signals aligned.; Failed check: risk reward sufficient.; Failed check: expected value positive.; Failed check: positive edge after costs.; Failed check: stop loss logical.; Failed check: position size within limits.; Failed check: strong technical setup.; Failed check: news credibility acceptable.,,1000000.0,668.75,,38.333333333333336,74.0,54.605527638511894,,50.0,,,55.0,77.16486987208783,,,,,,No risk assessment available (entry/stop/target could not be computed).,BULL_HIGH_VOL,20.0,
2026-09-10 14:48:05.192422+00:00,JYOTHYLAB.NS,NO TRADE,False,53.02850968679687,NO TRADE,NONE,DEGRADED,No risk assessment available (entry/stop/target could not be computed).; Failed check: signal is directional.; Failed check: confidence sufficient.; Failed check: risk reward sufficient.; Failed check: expected value positive.; Failed check: positive edge after costs.; Failed check: stop loss logical.; Failed check: position size within limits.; Failed check: strong technical setup.; Failed check: news credibility acceptable.,,1000000.0,195.64999389648438,,43.333333333333336,53.0,53.56856349481398,,40.0,,,55.0,74.50975059967126,,,,,,No risk assessment available (entry/stop/target could not be computed).,SIDEWAYS_LOW_VOL,35.0,
2026-09-10 14:48:06.764482+00:00,KABRAEXTRU.NS,NO TRADE,False,66.65859842312248,WATCH,UP,DEGRADED,No risk assessment available (entry/stop/target could not be computed).; Failed check: signal is directional.; Failed check: confidence sufficient.; Failed check: risk reward sufficient.; Failed check: expected value positive.; Failed check: positive edge after costs.; Failed check: stop loss logical.; Failed check: position size within limits.; Failed check: news credibility acceptable.,,1000000.0,707.0,,60.0,,70.0,,45.0,,,70.0,74.95159053873483,,,,,,No risk assessment available (entry/stop/target could not be computed).,BULL_HIGH_VOL,,
2026-09-10 14:48:08.111987+00:00,KAJARIACER.NS,NO TRADE,False,66.87457324760756,WATCH,UP,DEGRADED,No risk assessment available (entry/stop/target could not be computed).; Failed check: signal is directional.; Failed check: confidence sufficient.; Failed check: risk reward sufficient.; Failed check: expected value positive.; Failed check: positive edge after costs.; Failed check: stop loss logical.; Failed check: position size within limits.; Failed check: news credibility acceptable.,,1000000.0,1243.9000244140625,,65.0,82.0,55.774603545662835,,70.0,,,70.0,72.10746822767865,,,,,,No risk assessment available (entry/stop/target could not be computed).,SIDEWAYS_LOW_VOL,20.0,
2026-09-10 14:48:09.291287+00:00,KAKATCEM.NS,NO TRADE,False,46.84517193843778,NO TRADE,DOWN,DEGRADED,No risk assessment available (entry/stop/target could not be computed).; Failed check: signal is directional.; Failed check: confidence sufficient.; Failed check: risk reward sufficient.; Failed check: expected value positive.; Failed check: positive edge after costs.; Failed check: stop loss logical.; Failed check: position size within limits.; Failed check: sufficient liquidity.; Failed check: strong technical setup.; Failed check: news credibility acceptable.,,1000000.0,109.41999816894531,,35.0,49.0,68.17995071503857,,40.0,,,10.0,79.9965043909985,,,,,,No risk assessment available (entry/stop/target could not be computed).,BEAR_HIGH_VOL,20.0,
2026-09-10 14:48:09.588225+00:00,KALPATPOWR.NS,NO TRADE,False,0.0,NO TRADE,NONE,INVALID,"Data Quality [KALPATPOWR.NS] as of 2026-09-10T14:48:09.588130+00:00: INVALID (score=0.00, threshold=0.70)
  [CRITICAL] provider_unavailable: No data returned for KALPATPOWR.NS (2y/1d)",,1000000.0,,,,,,,,,,,,,,,,,"Data Quality [KALPATPOWR.NS] as of 2026-09-10T14:48:09.588130+00:00: INVALID (score=0.00, threshold=0.70)
  [CRITICAL] provider_unavailable: No data returned for KALPATPOWR.NS (2y/1d)",UNKNOWN,,
2026-09-10 14:48:10.743414+00:00,KAMATHOTEL.NS,NO TRADE,False,63.703357559084,WATCH,UP,DEGRADED,No risk assessment available (entry/stop/target could not be computed).; Failed check: signal is directional.; Failed check: confidence sufficient.; Failed check: risk reward sufficient.; Failed check: expected value positive.; Failed check: positive edge after costs.; Failed check: stop loss logical.; Failed check: position size within limits.; Failed check: strong technical setup.; Failed check: news credibility acceptable.,,1000000.0,224.67999267578125,,51.666666666666664,84.0,70.0,,50.0,,,55.0,75.75665283972249,,,,,,No risk assessment available (entry/stop/target could not be computed).,BULL_HIGH_VOL,30.0,
2026-09-10 14:48:12.089521+00:00,KAMDHENU.NS,NO TRADE,False,72.07030952684177,MODERATE,UP,DEGRADED,Failed check: news credibility acceptable.,,1000000.0,39.220001220703125,25410,68.33333333333333,84.0,70.0,,60.0,,,70.0,76.16258439092367,,3.1250000000000018,7616.661096957378,350.571902911377,2629,Failed check: news credibility acceptable.,BULL_LOW_VOL,20.0,
2026-09-10 14:48:13.226307+00:00,KANANIIND.NS,NO TRADE,False,60.28026682978622,WATCH,UP,DEGRADED,No risk assessment available (entry/stop/target could not be computed).; Failed check: signal is directional.; Failed check: confidence sufficient.; Failed check: risk reward sufficient.; Failed check: expected value positive.; Failed check: positive edge after costs.; Failed check: stop loss logical.; Failed check: position size within limits.; Failed check: strong technical setup.; Failed check: news credibility acceptable.,,1000000.0,1.5099999904632568,,56.666666666666664,65.0,55.97469209583865,,70.0,,,55.0,77.75377297860037,,,,,,No risk assessment available (entry/stop/target could not be computed).,SIDEWAYS_LOW_VOL,20.0,
2026-09-10 14:48:14.453589+00:00,KANPRPLA.NS,NO TRADE,False,53.389824246125066,NO TRADE,UP,DEGRADED,No risk assessment available (entry/stop/target could not be computed).; Failed check: signal is directional.; Failed check: confidence sufficient.; Failed check: ai signals aligned.; Failed check: risk reward sufficient.; Failed check: expected value positive.; Failed check: positive edge after costs.; Failed check: stop loss logical.; Failed check: position size within limits.; Failed check: sufficient liquidity.; Failed check: strong technical setup.; Failed check: news credibility acceptable.,,1000000.0,251.9499969482422,,46.666666666666664,90.0,50.62329562285199,,50.0,,,25.0,71.49387785100302,,,,,,No risk assessment available (entry/stop/target could not be computed).,BULL_HIGH_VOL,20.0,
2026-09-10 14:48:15.859082+00:00,KANSAINER.NS,NO TRADE,False,45.724867335759185,NO TRADE,NONE,DEGRADED,No risk assessment available (entry/stop/target could not be computed).; Failed check: signal is directional.; Failed check: confidence sufficient.; Failed check: risk reward sufficient.; Failed check: expected value positive.; Failed check: positive edge after costs.; Failed check: stop loss logical.; Failed check: position size within limits.; Failed check: strong technical setup.; Failed check: news credibility acceptable.,,1000000.0,190.9199981689453,,35.0,62.0,40.06592512140836,,40.0,,,40.0,71.97469572452144,,,,,,No risk assessment available (entry/stop/target could not be computed).,BEAR_LOW_VOL,20.0,
2026-09-10 14:48:17.207292+00:00,KARDA.NS,NO TRADE,False,0.0,NO TRADE,NONE,INVALID,"Data Quality [KARDA.NS] as of 2026-09-10T14:48:17.207192+00:00: INVALID (score=0.00, threshold=0.70)
  [CRITICAL] provider_unavailable: No data returned for KARDA.NS (2y/1d)",,1000000.0,,,,,,,,,,,,,,,,,"Data Quality [KARDA.NS] as of 2026-09-10T14:48:17.207192+00:00: INVALID (score=0.00, threshold=0.70)
  [CRITICAL] provider_unavailable: No data returned for KARDA.NS (2y/1d)",UNKNOWN,,
2026-09-10 14:48:18.548126+00:00,KARURVYSYA.NS,NO TRADE,False,58.698895630992936,NO TRADE,UP,DEGRADED,No risk assessment available (entry/stop/target could not be computed).; Failed check: signal is directional.; Failed check: confidence sufficient.; Failed check: ai signals aligned.; Failed check: risk reward sufficient.; Failed check: expected value positive.; Failed check: positive edge after costs.; Failed check: stop loss logical.; Failed check: position size within limits.; Failed check: strong technical setup.; Failed check: news credibility acceptable.,,1000000.0,334.8999938964844,,46.666666666666664,86.0,59.43063875951495,,50.0,,,55.0,71.35568770385842,,,,,,No risk assessment available (entry/stop/target could not be computed).,BULL_LOW_VOL,30.0,
2026-09-10 14:48:19.894819+00:00,KAYA.NS,NO TRADE,False,52.96034914391643,NO TRADE,NONE,DEGRADED,No risk assessment available (entry/stop/target could not be computed).; Failed check: signal is directional.; Failed check: confidence sufficient.; Failed check: risk reward sufficient.; Failed check: expected value positive.; Failed check: positive edge after costs.; Failed check: stop loss logical.; Failed check: position size within limits.; Failed check: sufficient liquidity.; Failed check: strong technical setup.; Failed check: news credibility acceptable.,,1000000.0,338.04998779296875,,46.666666666666664,52.0,70.0,,50.0,,,25.0,71.61751550980021,,,,,,No risk assessment available (entry/stop/target could not be computed).,BULL_HIGH_VOL,30.0,
2026-09-10 14:48:21.364010+00:00,KCP.NS,NO TRADE,False,61.082346479721,WATCH,UP,DEGRADED,No risk assessment available (entry/stop/target could not be computed).; Failed check: signal is directional.; Failed check: confidence sufficient.; Failed check: risk reward sufficient.; Failed check: expected value positive.; Failed check: positive edge after costs.; Failed check: stop loss logical.; Failed check: position size within limits.; Failed check: strong technical setup.; Failed check: news credibility acceptable.,,1000000.0,162.2100067138672,,46.666666666666664,74.0,66.89121426732603,,50.0,,,55.0,77.80054769857091,,,,,,No risk assessment available (entry/stop/target could not be computed).,SIDEWAYS_HIGH_VOL,40.0,
2026-09-10 14:48:22.658753+00:00,KCPSUGIND.NS,NO TRADE,False,62.07168363259811,WATCH,UP,DEGRADED,No risk assessment available (entry/stop/target could not be computed).; Failed check: signal is directional.; Failed check: confidence sufficient.; Failed check: ai signals aligned.; Failed check: risk reward sufficient.; Failed check: expected value positive.; Failed check: positive edge after costs.; Failed check: stop loss logical.; Failed check: position size within limits.; Failed check: strong technical setup.; Failed check: news credibility acceptable.,,1000000.0,31.81999969482422,,46.666666666666664,94.0,66.01465175586354,,50.0,,,55.0,73.66517778344996,,,,,,No risk assessment available (entry/stop/target could not be computed).,BULL_LOW_VOL,20.0,
2026-09-10 14:48:24.073177+00:00,KDDL.NS,NO TRADE,False,53.700817582907774,NO TRADE,UP,DEGRADED,No risk assessment available (entry/stop/target could not be computed).; Failed check: signal is directional.; Failed check: confidence sufficient.; Failed check: risk reward sufficient.; Failed check: expected value positive.; Failed check: positive edge after costs.; Failed check: stop loss logical.; Failed check: position size within limits.; Failed check: sufficient liquidity.; Failed check: strong technical setup.; Failed check: news credibility acceptable.,,1000000.0,3891.39990234375,,46.666666666666664,78.0,55.31602359565546,,50.0,,,25.0,77.02071014501406,,,,,,No risk assessment available (entry/stop/target could not be computed).,BULL_LOW_VOL,20.0,
2026-09-10 14:48:25.545002+00:00,KEC.NS,NO TRADE,False,53.44020818935324,NO TRADE,UP,DEGRADED,No risk assessment available (entry/stop/target could not be computed).; Failed check: signal is directional.; Failed check: confidence sufficient.; Failed check: risk reward sufficient.; Failed check: expected value positive.; Failed check: positive edge after costs.; Failed check: stop loss logical.; Failed check: position size within limits.; Failed check: strong technical setup.; Failed check: news credibility acceptable.,,1000000.0,412.95001220703125,,51.666666666666664,65.0,45.26502815732296,,60.0,,,40.0,74.46217399604987,,,,,,No risk assessment available (entry/stop/target could not be computed).,BEAR_LOW_VOL,45.0,
2026-09-10 14:48:26.730255+00:00,KECL.NS,NO TRADE,False,49.088275358738024,NO TRADE,DOWN,DEGRADED,No risk assessment available (entry/stop/target could not be computed).; Failed check: signal is directional.; Failed check: confidence sufficient.; Failed check: risk reward sufficient.; Failed check: expected value positive.; Failed check: positive edge after costs.; Failed check: stop loss logical.; Failed check: position size within limits.; Failed check: strong technical setup.; Failed check: market conditions acceptable.; Failed check: news credibility acceptable.,,1000000.0,126.36000061035156,,46.666666666666664,45.0,34.26526731989756,,50.0,,,55.0,74.66923142884477,,,,,,No risk assessment available (entry/stop/target could not be computed).,BULL_HIGH_VOL,30.0,
2026-09-10 14:48:27.118966+00:00,KEERTI.NS,NO TRADE,False,0.0,NO TRADE,NONE,INVALID,"Data Quality [KEERTI.NS] as of 2026-09-10T14:48:27.118873+00:00: INVALID (score=0.00, threshold=0.70)
  [CRITICAL] provider_unavailable: No data returned for KEERTI.NS (2y/1d)",,1000000.0,,,,,,,,,,,,,,,,,"Data Quality [KEERTI.NS] as of 2026-09-10T14:48:27.118873+00:00: INVALID (score=0.00, threshold=0.70)
  [CRITICAL] provider_unavailable: No data returned for KEERTI.NS (2y/1d)",UNKNOWN,,
2026-09-10 14:48:28.626984+00:00,KEI.NS,NO TRADE,False,51.61251454975136,NO TRADE,UP,DEGRADED,No risk assessment available (entry/stop/target could not be computed).; Failed check: signal is directional.; Failed check: confidence sufficient.; Failed check: risk reward sufficient.; Failed check: expected value positive.; Failed check: positive edge after costs.; Failed check: stop loss logical.; Failed check: position size within limits.; Failed check: strong technical setup.; Failed check: market conditions acceptable.; Failed check: news credibility acceptable.,,1000000.0,4640.0,,43.333333333333336,78.0,30.0,,40.0,,,55.0,79.58692374514393,,,,,,No risk assessment available (entry/stop/target could not be computed).,BEAR_HIGH_VOL,20.0,
2026-09-10 14:48:30.915882+00:00,KELLTONTEC.NS,NO TRADE,False,51.94332190096862,NO TRADE,NONE,DEGRADED,No risk assessment available (entry/stop/target could not be computed).; Failed check: signal is directional.; Failed check: confidence sufficient.; Failed check: risk reward sufficient.; Failed check: expected value positive.; Failed check: positive edge after costs.; Failed check: stop loss logical.; Failed check: position size within limits.; Failed check: strong technical setup.; Failed check: news credibility acceptable.,,1000000.0,13.470000267028809,,35.0,65.0,53.37176466615705,,40.0,,,55.0,78.82081169246416,,,,,,No risk assessment available (entry/stop/target could not be computed).,BEAR_HIGH_VOL,20.0,
2026-09-10 14:48:32.178956+00:00,KENNAMET.NS,NO TRADE,False,0.0,NO TRADE,NONE,DEGRADED,No risk assessment available (entry/stop/target could not be computed).; Failed check: signal is directional.; Failed check: confidence sufficient.; Failed check: ai signals aligned.; Failed check: risk reward sufficient.; Failed check: expected value positive.; Failed check: positive edge after costs.; Failed check: stop loss logical.; Failed check: position size within limits.; Failed check: sufficient liquidity.; Failed check: strong technical setup.; Failed check: news credibility acceptable.,,1000000.0,5027.89990234375,,,,,,45.0,,,,,,,,,,No risk assessment available (entry/stop/target could not be computed).,BULL_HIGH_VOL,,
2026-09-10 14:48:33.493558+00:00,KESORAMIND.NS,NO TRADE,False,59.31499523655098,WATCH,UP,DEGRADED,No risk assessment available (entry/stop/target could not be computed).; Failed check: signal is directional.; Failed check: confidence sufficient.; Failed check: risk reward sufficient.; Failed check: expected value positive.; Failed check: positive edge after costs.; Failed check: stop loss logical.; Failed check: position size within limits.; Failed check: news credibility acceptable.,,1000000.0,11.779999732971191,,60.0,54.0,55.77404977592375,,70.0,,,55.0,70.45601002123597,,,,,,No risk assessment available (entry/stop/target could not be computed).,BULL_LOW_VOL,30.0,
2026-09-10 14:48:34.918746+00:00,KEYFINSERV.NS,NO TRADE,False,42.00739908127297,NO TRADE,UP,DEGRADED,No risk assessment available (entry/stop/target could not be computed).; Failed check: signal is directional.; Failed check: confidence sufficient.; Failed check: ai signals aligned.; Failed check: risk reward sufficient.; Failed check: expected value positive.; Failed check: positive edge after costs.; Failed check: stop loss logical.; Failed check: position size within limits.; Failed check: sufficient liquidity.; Failed check: strong technical setup.; Failed check: news credibility acceptable.,,1000000.0,242.9499969482422,,28.333333333333332,79.0,40.20032601552648,,40.0,,,10.0,78.37417661684971,,,,,,No risk assessment available (entry/stop/target could not be computed).,BEAR_LOW_VOL,20.0,
2026-09-10 14:48:36.226938+00:00,KHADIM.NS,NO TRADE,False,60.05866446790003,WATCH,NONE,DEGRADED,No risk assessment available (entry/stop/target could not be computed).; Failed check: signal is directional.; Failed check: confidence sufficient.; Failed check: risk reward sufficient.; Failed check: expected value positive.; Failed check: positive edge after costs.; Failed check: stop loss logical.; Failed check: position size within limits.; Failed check: sufficient liquidity.; Failed check: news credibility acceptable.,,1000000.0,123.08000183105469,,63.333333333333336,36.0,70.0,,45.0,,,40.0,76.72453879935246,,,,,,No risk assessment available (entry/stop/target could not be computed).,BULL_HIGH_VOL,57.0,
2026-09-10 14:48:37.458152+00:00,KHAICHEM.NS,NO TRADE,False,56.87792539984153,NO TRADE,NONE,DEGRADED,No risk assessment available (entry/stop/target could not be computed).; Failed check: signal is directional.; Failed check: confidence sufficient.; Failed check: risk reward sufficient.; Failed check: expected value positive.; Failed check: positive edge after costs.; Failed check: stop loss logical.; Failed check: position size within limits.; Failed check: strong technical setup.; Failed check: news credibility acceptable.,,1000000.0,52.68000030517578,,46.666666666666664,52.0,63.11193654702089,,50.0,,,55.0,78.49055843655131,,,,,,No risk assessment available (entry/stop/target could not be computed).,SIDEWAYS_HIGH_VOL,57.0,
2026-09-10 14:48:38.777589+00:00,KICL.NS,NO TRADE,False,40.05126109467369,NO TRADE,DOWN,DEGRADED,No risk assessment available (entry/stop/target could not be computed).; Failed check: signal is directional.; Failed check: confidence sufficient.; Failed check: risk reward sufficient.; Failed check: expected value positive.; Failed check: positive edge after costs.; Failed check: stop loss logical.; Failed check: position size within limits.; Failed check: sufficient liquidity.; Failed check: strong technical setup.; Failed check: news credibility acceptable.,,1000000.0,5083.5,,31.666666666666668,58.0,43.533381961534445,,40.0,,,10.0,73.66106912282896,,,,,,No risk assessment available (entry/stop/target could not be computed).,SIDEWAYS_LOW_VOL,30.0,
2026-09-10 14:48:39.955992+00:00,KINGFA.NS,NO TRADE,False,61.061302842712536,WATCH,UP,DEGRADED,No risk assessment available (entry/stop/target could not be computed).; Failed check: signal is directional.; Failed check: confidence sufficient.; Failed check: risk reward sufficient.; Failed check: expected value positive.; Failed check: positive edge after costs.; Failed check: stop loss logical.; Failed check: position size within limits.; Failed check: sufficient liquidity.; Failed check: strong technical setup.; Failed check: news credibility acceptable.,,1000000.0,6227.5,,55.0,82.0,63.89245428823662,,40.0,,,40.0,75.06311080740136,,,,,,No risk assessment available (entry/stop/target could not be computed).,BULL_LOW_VOL,20.0,
2026-09-10 14:48:41.353724+00:00,KIOCL.NS,NO TRADE,False,45.93517152040794,NO TRADE,NONE,DEGRADED,No risk assessment available (entry/stop/target could not be computed).; Failed check: signal is directional.; Failed check: confidence sufficient.; Failed check: risk reward sufficient.; Failed check: expected value positive.; Failed check: positive edge after costs.; Failed check: stop loss logical.; Failed check: position size within limits.; Failed check: sufficient liquidity.; Failed check: strong technical setup.; Failed check: news credibility acceptable.,,1000000.0,367.8999938964844,,40.0,56.0,46.17509356446132,,40.0,,,25.0,74.33236458977335,,,,,,No risk assessment available (entry/stop/target could not be computed).,SIDEWAYS_LOW_VOL,20.0,
2026-09-10 14:48:42.874103+00:00,KIRIINDUS.NS,NO TRADE,False,73.57514983676039,MODERATE,UP,DEGRADED,Failed check: news credibility acceptable.,,1000000.0,524.8499755859375,1898,71.66666666666667,94.0,70.0,,70.0,,,70.0,69.99858413437369,,3.1250000000000018,7639.006525311209,280.1649169677734,157,Failed check: news credibility acceptable.,BULL_HIGH_VOL,20.0,
2026-09-10 14:48:45.574323+00:00,KIRLFER.NS,NO TRADE,False,0.0,NO TRADE,NONE,DEGRADED,No risk assessment available (entry/stop/target could not be computed).; Failed check: signal is directional.; Failed check: confidence sufficient.; Failed check: ai signals aligned.; Failed check: risk reward sufficient.; Failed check: expected value positive.; Failed check: positive edge after costs.; Failed check: stop loss logical.; Failed check: position size within limits.; Failed check: strong technical setup.; Failed check: news credibility acceptable.,,1000000.0,466.1000061035156,,,,,,70.0,,,,,,,,,,No risk assessment available (entry/stop/target could not be computed).,SIDEWAYS_LOW_VOL,,
2026-09-10 14:48:47.293092+00:00,KIRLOSBROS.NS,NO TRADE,False,46.60055151767283,NO TRADE,NONE,DEGRADED,No risk assessment available (entry/stop/target could not be computed).; Failed check: signal is directional.; Failed check: confidence sufficient.; Failed check: risk reward sufficient.; Failed check: expected value positive.; Failed check: positive edge after costs.; Failed check: stop loss logical.; Failed check: position size within limits.; Failed check: sufficient liquidity.; Failed check: strong technical setup.; Failed check: news credibility acceptable.,,1000000.0,1818.300048828125,,40.0,63.0,45.17991963144463,,40.0,,,25.0,72.52700886343544,,,,,,No risk assessment available (entry/stop/target could not be computed).,BEAR_LOW_VOL,20.0,
2026-09-10 14:48:48.633036+00:00,KIRLOSENG.NS,NO TRADE,False,62.48179593400832,WATCH,UP,DEGRADED,No risk assessment available (entry/stop/target could not be computed).; Failed check: signal is directional.; Failed check: confidence sufficient.; Failed check: risk reward sufficient.; Failed check: expected value positive.; Failed check: positive edge after costs.; Failed check: stop loss logical.; Failed check: position size within limits.; Failed check: strong technical setup.; Failed check: news credibility acceptable.,,1000000.0,2225.0,,56.666666666666664,55.0,70.0,,70.0,,,55.0,79.81017004695593,,,,,,No risk assessment available (entry/stop/target could not be computed).,BEAR_HIGH_VOL,42.0,
2026-09-10 14:48:49.929800+00:00,KIRLOSIND.NS,NO TRADE,False,42.35391185433739,NO TRADE,DOWN,DEGRADED,No risk assessment available (entry/stop/target could not be computed).; Failed check: signal is directional.; Failed check: confidence sufficient.; Failed check: ai signals aligned.; Failed check: risk reward sufficient.; Failed check: expected value positive.; Failed check: positive edge after costs.; Failed check: stop loss logical.; Failed check: position size within limits.; Failed check: sufficient liquidity.; Failed check: strong technical setup.; Failed check: news credibility acceptable.,,1000000.0,3614.800048828125,,28.333333333333332,65.0,45.22659532667033,,40.0,,,25.0,72.61759735706312,,,,,,No risk assessment available (entry/stop/target could not be computed).,BEAR_LOW_VOL,35.0,
2026-09-10 14:48:51.173765+00:00,KITEX.NS,NO TRADE,False,47.785225087862884,NO TRADE,DOWN,DEGRADED,No risk assessment available (entry/stop/target could not be computed).; Failed check: signal is directional.; Failed check: confidence sufficient.; Failed check: risk reward sufficient.; Failed check: expected value positive.; Failed check: positive edge after costs.; Failed check: stop loss logical.; Failed check: position size within limits.; Failed check: strong technical setup.; Failed check: market conditions acceptable.; Failed check: news credibility acceptable.,,1000000.0,125.08000183105469,,45.0,49.0,38.225035847143275,,60.0,,,40.0,76.11346517448919,,,,,,No risk assessment available (entry/stop/target could not be computed).,BEAR_LOW_VOL,30.0,
2026-09-10 14:48:52.461460+00:00,KKCL.NS,NO TRADE,False,50.644771029244296,NO TRADE,UP,DEGRADED,No risk assessment available (entry/stop/target could not be computed).; Failed check: signal is directional.; Failed check: confidence sufficient.; Failed check: risk reward sufficient.; Failed check: expected value positive.; Failed check: positive edge after costs.; Failed check: stop loss logical.; Failed check: position size within limits.; Failed check: sufficient liquidity.; Failed check: strong technical setup.; Failed check: news credibility acceptable.,,1000000.0,501.70001220703125,,46.666666666666664,66.0,49.73389755996913,,50.0,,,25.0,75.7160767297098,,,,,,No risk assessment available (entry/stop/target could not be computed).,SIDEWAYS_LOW_VOL,30.0,
2026-09-10 14:48:53.803881+00:00,KMSUGAR.NS,NO TRADE,False,58.52312165773166,NO TRADE,UP,DEGRADED,No risk assessment available (entry/stop/target could not be computed).; Failed check: signal is directional.; Failed check: confidence sufficient.; Failed check: risk reward sufficient.; Failed check: expected value positive.; Failed check: positive edge after costs.; Failed check: stop loss logical.; Failed check: position size within limits.; Failed check: strong technical setup.; Failed check: news credibility acceptable.,,1000000.0,30.049999237060547,,46.666666666666664,60.0,70.0,,50.0,,,55.0,73.3949436506816,,,,,,No risk assessment available (entry/stop/target could not be computed).,BULL_HIGH_VOL,45.0,
2026-09-10 14:48:55.142070+00:00,KNRCON.NS,NO TRADE,False,52.475216582093665,NO TRADE,UP,DEGRADED,No risk assessment available (entry/stop/target could not be computed).; Failed check: signal is directional.; Failed check: confidence sufficient.; Failed check: risk reward sufficient.; Failed check: expected value positive.; Failed check: positive edge after costs.; Failed check: stop loss logical.; Failed check: position size within limits.; Failed check: strong technical setup.; Failed check: news credibility acceptable.,,1000000.0,123.19999694824219,,48.333333333333336,64.0,44.075962692392956,,70.0,,,40.0,79.5531490839069,,,,,,No risk assessment available (entry/stop/target could not be computed).,BEAR_LOW_VOL,35.0,
2026-09-10 14:48:56.371851+00:00,KOKUYOCMLN.NS,NO TRADE,False,45.92607085976181,NO TRADE,NONE,DEGRADED,No risk assessment available (entry/stop/target could not be computed).; Failed check: signal is directional.; Failed check: confidence sufficient.; Failed check: risk reward sufficient.; Failed check: expected value positive.; Failed check: positive edge after costs.; Failed check: stop loss logical.; Failed check: position size within limits.; Failed check: sufficient liquidity.; Failed check: strong technical setup.; Failed check: news credibility acceptable.,,1000000.0,78.75,,41.666666666666664,57.0,50.91324598013609,,60.0,,,10.0,75.46344339311527,,,,,,No risk assessment available (entry/stop/target could not be computed).,BEAR_LOW_VOL,35.0,
2026-09-10 14:48:57.738270+00:00,KOLTEPATIL.NS,NO TRADE,False,53.21588493399357,NO TRADE,UP,DEGRADED,No risk assessment available (entry/stop/target could not be computed).; Failed check: signal is directional.; Failed check: confidence sufficient.; Failed check: risk reward sufficient.; Failed check: expected value positive.; Failed check: positive edge after costs.; Failed check: stop loss logical.; Failed check: position size within limits.; Failed check: strong technical setup.; Failed check: news credibility acceptable.,,1000000.0,446.25,,46.666666666666664,64.0,40.72207191256627,,50.0,,,55.0,78.00406874204204,,,,,,No risk assessment available (entry/stop/target could not be computed).,BULL_LOW_VOL,30.0,
2026-09-10 14:49:00.115679+00:00,KOPRAN.NS,NO TRADE,False,68.12022240863449,WATCH,UP,DEGRADED,No risk assessment available (entry/stop/target could not be computed).; Failed check: signal is directional.; Failed check: confidence sufficient.; Failed check: risk reward sufficient.; Failed check: expected value positive.; Failed check: positive edge after costs.; Failed check: stop loss logical.; Failed check: position size within limits.; Failed check: news credibility acceptable.,,1000000.0,237.75,,63.333333333333336,67.0,70.0,,45.0,,,70.0,76.35471717422747,,,,,,No risk assessment available (entry/stop/target could not be computed).,BULL_HIGH_VOL,20.0,
2026-09-10 14:49:01.703580+00:00,KOTAKBANK.NS,NO TRADE,False,62.206162069663435,WATCH,UP,DEGRADED,No risk assessment available (entry/stop/target could not be computed).; Failed check: signal is directional.; Failed check: confidence sufficient.; Failed check: risk reward sufficient.; Failed check: expected value positive.; Failed check: positive edge after costs.; Failed check: stop loss logical.; Failed check: position size within limits.; Failed check: strong technical setup.; Failed check: news credibility acceptable.,,1000000.0,414.25,,51.666666666666664,86.0,70.0,,50.0,,,55.0,67.19239675970937,,,,,,No risk assessment available (entry/stop/target could not be computed).,SIDEWAYS_LOW_VOL,30.0,
2026-09-10 14:49:02.977136+00:00,KOTARISUG.NS,NO TRADE,False,58.68823315463409,NO TRADE,UP,DEGRADED,No risk assessment available (entry/stop/target could not be computed).; Failed check: signal is directional.; Failed check: confidence sufficient.; Failed check: risk reward sufficient.; Failed check: expected value positive.; Failed check: positive edge after costs.; Failed check: stop loss logical.; Failed check: position size within limits.; Failed check: strong technical setup.; Failed check: news credibility acceptable.,,1000000.0,29.670000076293945,,46.666666666666664,67.0,70.0,,50.0,,,55.0,67.4511792274431,,,,,,No risk assessment available (entry/stop/target could not be computed).,BULL_HIGH_VOL,35.0,
2026-09-10 14:49:04.235776+00:00,KOTHARIPET.NS,NO TRADE,False,58.581224865249496,NO TRADE,UP,DEGRADED,No risk assessment available (entry/stop/target could not be computed).; Failed check: signal is directional.; Failed check: confidence sufficient.; Failed check: risk reward sufficient.; Failed check: expected value positive.; Failed check: positive edge after costs.; Failed check: stop loss logical.; Failed check: position size within limits.; Failed check: strong technical setup.; Failed check: news credibility acceptable.,,1000000.0,143.5,,56.666666666666664,64.0,48.68374802879518,,70.0,,,55.0,77.86860897933897,,,,,,No risk assessment available (entry/stop/target could not be computed).,BULL_HIGH_VOL,20.0,
2026-09-10 14:49:05.661968+00:00,KOTHARIPRO.NS,NO TRADE,False,42.684912639707235,NO TRADE,NONE,DEGRADED,No risk assessment available (entry/stop/target could not be computed).; Failed check: signal is directional.; Failed check: confidence sufficient.; Failed check: risk reward sufficient.; Failed check: expected value positive.; Failed check: positive edge after costs.; Failed check: stop loss logical.; Failed check: position size within limits.; Failed check: sufficient liquidity.; Failed check: strong technical setup.; Failed check: news credibility acceptable.,,1000000.0,65.76000213623047,,31.666666666666668,65.0,47.48571007857745,,40.0,,,10.0,78.00013112164959,,,,,,No risk assessment available (entry/stop/target could not be computed).,BEAR_LOW_VOL,35.0,
2026-09-10 14:49:07.165951+00:00,KPITTECH.NS,NO TRADE,False,43.215760855262104,NO TRADE,DOWN,DEGRADED,No risk assessment available (entry/stop/target could not be computed).; Failed check: signal is directional.; Failed check: confidence sufficient.; Failed check: risk reward sufficient.; Failed check: expected value positive.; Failed check: positive edge after costs.; Failed check: stop loss logical.; Failed check: position size within limits.; Failed check: strong technical setup.; Failed check: market conditions acceptable.,,1000000.0,550.9500122070312,,31.666666666666668,53.0,36.753025024043275,,40.0,50.0,,40.0,73.46005937541534,,,,,,No risk assessment available (entry/stop/target could not be computed).,SIDEWAYS_LOW_VOL,35.0,NEUTRAL
2026-09-10 14:49:08.505302+00:00,KPRMILL.NS,NO TRADE,False,59.45270073393926,WATCH,UP,DEGRADED,No risk assessment available (entry/stop/target could not be computed).; Failed check: signal is directional.; Failed check: confidence sufficient.; Failed check: risk reward sufficient.; Failed check: expected value positive.; Failed check: positive edge after costs.; Failed check: stop loss logical.; Failed check: position size within limits.; Failed check: strong technical setup.; Failed check: news credibility acceptable.,,1000000.0,1126.0,,46.666666666666664,72.0,65.14520506133795,,50.0,,,55.0,75.87987709516943,,,,,,No risk assessment available (entry/stop/target could not be computed).,BEAR_LOW_VOL,20.0,
2026-09-10 14:49:10.097225+00:00,KRBL.NS,NO TRADE,False,69.11058229894337,MODERATE,UP,DEGRADED,No risk assessment available (entry/stop/target could not be computed).; Failed check: signal is directional.; Failed check: confidence sufficient.; Failed check: risk reward sufficient.; Failed check: expected value positive.; Failed check: positive edge after costs.; Failed check: stop loss logical.; Failed check: position size within limits.; Failed check: news credibility acceptable.,,1000000.0,422.04998779296875,,61.666666666666664,79.0,70.0,,50.0,,,70.0,77.49936643344388,,,,,,No risk assessment available (entry/stop/target could not be computed).,BULL_HIGH_VOL,20.0,
2026-09-10 14:49:11.295758+00:00,KREBSBIO.NS,NO TRADE,False,63.67220981376805,WATCH,UP,DEGRADED,No risk assessment available (entry/stop/target could not be computed).; Failed check: signal is directional.; Failed check: confidence sufficient.; Failed check: risk reward sufficient.; Failed check: expected value positive.; Failed check: positive edge after costs.; Failed check: stop loss logical.; Failed check: position size within limits.; Failed check: sufficient liquidity.; Failed check: news credibility acceptable.,,1000000.0,61.470001220703125,,68.33333333333333,52.0,70.0,,70.0,,,40.0,72.2453846550823,,,,,,No risk assessment available (entry/stop/target could not be computed).,SIDEWAYS_HIGH_VOL,30.0,
2026-09-10 14:49:12.968842+00:00,KSB.NS,NO TRADE,False,54.76280415306732,NO TRADE,DOWN,DEGRADED,No risk assessment available (entry/stop/target could not be computed).; Failed check: signal is directional.; Failed check: confidence sufficient.; Failed check: risk reward sufficient.; Failed check: expected value positive.; Failed check: positive edge after costs.; Failed check: stop loss logical.; Failed check: position size within limits.; Failed check: strong technical setup.; Failed check: news credibility acceptable.,,1000000.0,803.0,,45.0,,57.6392656912766,,70.0,,,55.0,74.61792638148901,,,,,,No risk assessment available (entry/stop/target could not be computed).,BEAR_LOW_VOL,,
2026-09-10 14:49:15.412829+00:00,KSCL.NS,NO TRADE,False,43.47373645863735,NO TRADE,DOWN,DEGRADED,No risk assessment available (entry/stop/target could not be computed).; Failed check: signal is directional.; Failed check: confidence sufficient.; Failed check: risk reward sufficient.; Failed check: expected value positive.; Failed check: positive edge after costs.; Failed check: stop loss logical.; Failed check: position size within limits.; Failed check: strong technical setup.; Failed check: news credibility acceptable.,,1000000.0,718.0499877929688,,30.0,56.0,43.24153539853586,,25.0,,,40.0,73.12187921260184,,,,,,No risk assessment available (entry/stop/target could not be computed).,BEAR_LOW_VOL,30.0,
2026-09-10 14:49:16.862931+00:00,KSL.NS,NO TRADE,False,69.02906330258155,MODERATE,UP,DEGRADED,No risk assessment available (entry/stop/target could not be computed).; Failed check: signal is directional.; Failed check: confidence sufficient.; Failed check: risk reward sufficient.; Failed check: expected value positive.; Failed check: positive edge after costs.; Failed check: stop loss logical.; Failed check: position size within limits.; Failed check: news credibility acceptable.,,1000000.0,969.5,,68.33333333333333,52.0,70.0,,70.0,,,70.0,79.67712006088473,,,,,,No risk assessment available (entry/stop/target could not be computed).,BULL_HIGH_VOL,30.0,
2026-09-10 14:49:18.396595+00:00,KTKBANK.NS,NO TRADE,False,69.13694634183341,MODERATE,UP,DEGRADED,No risk assessment available (entry/stop/target could not be computed).; Failed check: signal is directional.; Failed check: confidence sufficient.; Failed check: risk reward sufficient.; Failed check: expected value positive.; Failed check: positive edge after costs.; Failed check: stop loss logical.; Failed check: position size within limits.; Failed check: news credibility acceptable.,,1000000.0,332.1499938964844,,61.666666666666664,86.0,70.0,,50.0,,,70.0,73.28614607237569,,,,,,No risk assessment available (entry/stop/target could not be computed).,BULL_LOW_VOL,30.0,
2026-09-10 14:49:19.982715+00:00,KUANTUM.NS,NO TRADE,False,59.71879201042677,WATCH,UP,DEGRADED,No risk assessment available (entry/stop/target could not be computed).; Failed check: signal is directional.; Failed check: confidence sufficient.; Failed check: risk reward sufficient.; Failed check: expected value positive.; Failed check: positive edge after costs.; Failed check: stop loss logical.; Failed check: position size within limits.; Failed check: strong technical setup.; Failed check: news credibility acceptable.,,1000000.0,75.48999786376953,,56.666666666666664,75.0,46.25167287715677,,70.0,,,55.0,79.58966404051078,,,,,,No risk assessment available (entry/stop/target could not be computed).,SIDEWAYS_HIGH_VOL,45.0,
2026-09-10 14:49:21.921556+00:00,KWALITY.NS,NO TRADE,False,0.0,NO TRADE,NONE,INVALID,"Data Quality [KWALITY.NS] as of 2026-09-10T14:49:21.921461+00:00: INVALID (score=0.00, threshold=0.70)
  [CRITICAL] provider_unavailable: No data returned for KWALITY.NS (2y/1d)",,1000000.0,,,,,,,,,,,,,,,,,"Data Quality [KWALITY.NS] as of 2026-09-10T14:49:21.921461+00:00: INVALID (score=0.00, threshold=0.70)
  [CRITICAL] provider_unavailable: No data returned for KWALITY.NS (2y/1d)",UNKNOWN,,
2026-09-10 14:49:22.330955+00:00,L&TFH.NS,NO TRADE,False,0.0,NO TRADE,NONE,INVALID,"Data Quality [L&TFH.NS] as of 2026-09-10T14:49:22.330848+00:00: INVALID (score=0.00, threshold=0.70)
  [CRITICAL] provider_unavailable: No data returned for L&TFH.NS (2y/1d)",,1000000.0,,,,,,,,,,,,,,,,,"Data Quality [L&TFH.NS] as of 2026-09-10T14:49:22.330848+00:00: INVALID (score=0.00, threshold=0.70)
  [CRITICAL] provider_unavailable: No data returned for L&TFH.NS (2y/1d)",UNKNOWN,,
2026-09-10 14:49:23.600074+00:00,LALPATHLAB.NS,NO TRADE,False,57.145207077875284,NO TRADE,UP,DEGRADED,No risk assessment available (entry/stop/target could not be computed).; Failed check: signal is directional.; Failed check: confidence sufficient.; Failed check: risk reward sufficient.; Failed check: expected value positive.; Failed check: positive edge after costs.; Failed check: stop loss logical.; Failed check: position size within limits.; Failed check: strong technical setup.; Failed check: news credibility acceptable.,,1000000.0,1912.0,,48.333333333333336,78.0,52.03747559629252,,50.0,,,55.0,72.58352213143822,,,,,,No risk assessment available (entry/stop/target could not be computed).,BULL_LOW_VOL,20.0,
2026-09-10 14:49:24.986317+00:00,LAMBODHARA.NS,NO TRADE,False,63.709874633805796,WATCH,UP,DEGRADED,No risk assessment available (entry/stop/target could not be computed).; Failed check: signal is directional.; Failed check: confidence sufficient.; Failed check: risk reward sufficient.; Failed check: expected value positive.; Failed check: positive edge after costs.; Failed check: stop loss logical.; Failed check: position size within limits.; Failed check: sufficient liquidity.; Failed check: news credibility acceptable.,,1000000.0,137.22000122070312,,61.666666666666664,75.0,70.0,,50.0,,,40.0,73.58599384713557,,,,,,No risk assessment available (entry/stop/target could not be computed).,BULL_HIGH_VOL,20.0,
2026-09-10 14:49:26.141097+00:00,LAOPALA.NS,NO TRADE,False,43.4671699309484,NO TRADE,NONE,DEGRADED,No risk assessment available (entry/stop/target could not be computed).; Failed check: signal is directional.; Failed check: confidence sufficient.; Failed check: ai signals aligned.; Failed check: risk reward sufficient.; Failed check: expected value positive.; Failed check: positive edge after costs.; Failed check: stop loss logical.; Failed check: position size within limits.; Failed check: strong technical setup.; Failed check: market conditions acceptable.; Failed check: news credibility acceptable.,,1000000.0,162.39999389648438,,30.0,74.0,30.0,,25.0,,,40.0,74.77600954999588,,,,,,No risk assessment available (entry/stop/target could not be computed).,BEAR_LOW_VOL,20.0,
2026-09-10 14:49:27.564882+00:00,LASA.NS,NO TRADE,False,36.2815711455886,NO TRADE,DOWN,DEGRADED,No risk assessment available (entry/stop/target could not be computed).; Failed check: signal is directional.; Failed check: confidence sufficient.; Failed check: risk reward sufficient.; Failed check: expected value positive.; Failed check: positive edge after costs.; Failed check: stop loss logical.; Failed check: position size within limits.; Failed check: sufficient liquidity.; Failed check: strong technical setup.; Failed check: market conditions acceptable.; Failed check: news credibility acceptable.,,1000000.0,6.519999980926514,,35.0,49.0,30.0,,40.0,,,10.0,67.48928716273886,,,,,,No risk assessment available (entry/stop/target could not be computed).,BEAR_LOW_VOL,20.0,
2026-09-10 14:49:29.906529+00:00,LAURUSLABS.NS,NO TRADE,False,59.34136544768609,WATCH,UP,DEGRADED,No risk assessment available (entry/stop/target could not be computed).; Failed check: signal is directional.; Failed check: confidence sufficient.; Failed check: risk reward sufficient.; Failed check: expected value positive.; Failed check: positive edge after costs.; Failed check: stop loss logical.; Failed check: position size within limits.; Failed check: strong technical setup.; Failed check: news credibility acceptable.,,1000000.0,1945.0,,48.333333333333336,70.0,67.36771220335848,,40.0,,,55.0,71.54563796994105,,,,,,No risk assessment available (entry/stop/target could not be computed).,BULL_LOW_VOL,20.0,
2026-09-10 14:49:30.285155+00:00,LAXMIMACH.NS,NO TRADE,False,0.0,NO TRADE,NONE,INVALID,"Data Quality [LAXMIMACH.NS] as of 2026-09-10T14:49:30.285062+00:00: INVALID (score=0.00, threshold=0.70)
  [CRITICAL] provider_unavailable: No data returned for LAXMIMACH.NS (2y/1d)",,1000000.0,,,,,,,,,,,,,,,,,"Data Quality [LAXMIMACH.NS] as of 2026-09-10T14:49:30.285062+00:00: INVALID (score=0.00, threshold=0.70)
  [CRITICAL] provider_unavailable: No data returned for LAXMIMACH.NS (2y/1d)",UNKNOWN,,
2026-09-10 14:49:31.733539+00:00,LEMONTREE.NS,NO TRADE,False,51.23164220414498,NO TRADE,UP,DEGRADED,No risk assessment available (entry/stop/target could not be computed).; Failed check: signal is directional.; Failed check: confidence sufficient.; Failed check: ai signals aligned.; Failed check: risk reward sufficient.; Failed check: expected value positive.; Failed check: positive edge after costs.; Failed check: stop loss logical.; Failed check: position size within limits.; Failed check: strong technical setup.; Failed check: news credibility acceptable.,,1000000.0,105.63999938964844,,35.0,72.0,51.14649865349925,,40.0,,,55.0,69.50836838394193,,,,,,No risk assessment available (entry/stop/target could not be computed).,BEAR_LOW_VOL,30.0,
2026-09-10 14:49:33.159293+00:00,LFIC.NS,NO TRADE,False,56.36706846241624,NO TRADE,UP,DEGRADED,No risk assessment available (entry/stop/target could not be computed).; Failed check: signal is directional.; Failed check: confidence sufficient.; Failed check: risk reward sufficient.; Failed check: expected value positive.; Failed check: positive edge after costs.; Failed check: stop loss logical.; Failed check: position size within limits.; Failed check: sufficient liquidity.; Failed check: strong technical setup.; Failed check: news credibility acceptable.,,1000000.0,145.5,,56.666666666666664,56.0,64.57954725319112,,70.0,,,25.0,74.92572443152599,,,,,,No risk assessment available (entry/stop/target could not be computed).,SIDEWAYS_HIGH_VOL,30.0,
2026-09-10 14:49:34.483323+00:00,LGBBROSLTD.NS,NO TRADE,False,60.57765836856141,WATCH,UP,DEGRADED,No risk assessment available (entry/stop/target could not be computed).; Failed check: signal is directional.; Failed check: confidence sufficient.; Failed check: risk reward sufficient.; Failed check: expected value positive.; Failed check: positive edge after costs.; Failed check: stop loss logical.; Failed check: position size within limits.; Failed check: sufficient liquidity.; Failed check: strong technical setup.; Failed check: news credibility acceptable.,,1000000.0,1730.0,,58.333333333333336,80.0,70.0,,60.0,,,25.0,71.04413325904171,,,,,,No risk assessment available (entry/stop/target could not be computed).,BULL_LOW_VOL,20.0,
2026-09-10 14:49:35.665275+00:00,LIBAS.NS,NO TRADE,False,57.61253050369049,NO TRADE,UP,DEGRADED,No risk assessment available (entry/stop/target could not be computed).; Failed check: signal is directional.; Failed check: confidence sufficient.; Failed check: risk reward sufficient.; Failed check: expected value positive.; Failed check: positive edge after costs.; Failed check: stop loss logical.; Failed check: position size within limits.; Failed check: sufficient liquidity.; Failed check: strong technical setup.; Failed check: news credibility acceptable.,,1000000.0,10.6899995803833,,56.666666666666664,65.0,70.0,,70.0,,,25.0,68.89507049503509,,,,,,No risk assessment available (entry/stop/target could not be computed).,SIDEWAYS_HIGH_VOL,20.0,
2026-09-10 14:49:37.177138+00:00,LIBERTSHOE.NS,NO TRADE,False,42.784463708302724,NO TRADE,DOWN,DEGRADED,No risk assessment available (entry/stop/target could not be computed).; Failed check: signal is directional.; Failed check: confidence sufficient.; Failed check: risk reward sufficient.; Failed check: expected value positive.; Failed check: positive edge after costs.; Failed check: stop loss logical.; Failed check: position size within limits.; Failed check: sufficient liquidity.; Failed check: strong technical setup.; Failed check: news credibility acceptable.,,1000000.0,229.41000366210938,,35.0,52.0,49.627517201691006,,40.0,,,10.0,77.53933102935366,,,,,,No risk assessment available (entry/stop/target could not be computed).,BEAR_LOW_VOL,45.0,
2026-09-10 14:49:38.685927+00:00,LICHSGFIN.NS,NO TRADE,False,62.719752921591066,WATCH,UP,DEGRADED,No risk assessment available (entry/stop/target could not be computed).; Failed check: signal is directional.; Failed check: confidence sufficient.; Failed check: risk reward sufficient.; Failed check: expected value positive.; Failed check: positive edge after costs.; Failed check: stop loss logical.; Failed check: position size within limits.; Failed check: strong technical setup.; Failed check: news credibility acceptable.,,1000000.0,552.2999877929688,,56.666666666666664,66.0,70.0,,70.0,,,55.0,71.97999898399344,,,,,,No risk assessment available (entry/stop/target could not be computed).,SIDEWAYS_LOW_VOL,55.0,
2026-09-10 14:49:39.845115+00:00,LIKHITHA.NS,NO TRADE,False,55.98278716613463,NO TRADE,UP,DEGRADED,No risk assessment available (entry/stop/target could not be computed).; Failed check: signal is directional.; Failed check: confidence sufficient.; Failed check: risk reward sufficient.; Failed check: expected value positive.; Failed check: positive edge after costs.; Failed check: stop loss logical.; Failed check: position size within limits.; Failed check: strong technical setup.; Failed check: news credibility acceptable.,,1000000.0,213.7100067138672,,56.666666666666664,52.0,44.96941381597248,,70.0,,,55.0,74.9121787810651,,,,,,No risk assessment available (entry/stop/target could not be computed).,BEAR_HIGH_VOL,35.0,
2026-09-10 14:49:41.359126+00:00,LINCOLN.NS,NO TRADE,False,67.88880995815349,WATCH,UP,DEGRADED,No risk assessment available (entry/stop/target could not be computed).; Failed check: signal is directional.; Failed check: confidence sufficient.; Failed check: risk reward sufficient.; Failed check: expected value positive.; Failed check: positive edge after costs.; Failed check: stop loss logical.; Failed check: position size within limits.; Failed check: sufficient liquidity.; Failed check: news credibility acceptable.,,1000000.0,634.4000244140625,,71.66666666666667,94.0,62.10081912508542,,70.0,,,40.0,72.91693958420298,,,,,,No risk assessment available (entry/stop/target could not be computed).,SIDEWAYS_LOW_VOL,20.0,
2026-09-10 14:49:42.697461+00:00,LINCPEN.NS,NO TRADE,False,0.0,NO TRADE,NONE,INVALID,"Data Quality [LINCPEN.NS] as of 2026-09-10T14:49:42.697323+00:00: INVALID (score=0.00, threshold=0.70)
  [CRITICAL] provider_unavailable: No data returned for LINCPEN.NS (2y/1d)",,1000000.0,,,,,,,,,,,,,,,,,"Data Quality [LINCPEN.NS] as of 2026-09-10T14:49:42.697323+00:00: INVALID (score=0.00, threshold=0.70)
  [CRITICAL] provider_unavailable: No data returned for LINCPEN.NS (2y/1d)",UNKNOWN,,
2026-09-10 14:49:44.057113+00:00,LINDEINDIA.NS,NO TRADE,False,38.45148197751618,NO TRADE,DOWN,DEGRADED,No risk assessment available (entry/stop/target could not be computed).; Failed check: signal is directional.; Failed check: confidence sufficient.; Failed check: ai signals aligned.; Failed check: risk reward sufficient.; Failed check: expected value positive.; Failed check: positive edge after costs.; Failed check: stop loss logical.; Failed check: position size within limits.; Failed check: sufficient liquidity.; Failed check: strong technical setup.; Failed check: news credibility acceptable.,,1000000.0,6227.5,,26.666666666666668,62.0,43.50562573001808,,25.0,,,10.0,71.45121015474946,,,,,,No risk assessment available (entry/stop/target could not be computed).,BEAR_LOW_VOL,30.0,
2026-09-10 14:49:45.250393+00:00,LOTUSEYE.NS,NO TRADE,False,50.18177317508213,NO TRADE,UP,DEGRADED,No risk assessment available (entry/stop/target could not be computed).; Failed check: signal is directional.; Failed check: confidence sufficient.; Failed check: risk reward sufficient.; Failed check: expected value positive.; Failed check: positive edge after costs.; Failed check: stop loss logical.; Failed check: position size within limits.; Failed check: sufficient liquidity.; Failed check: strong technical setup.; Failed check: news credibility acceptable.,,1000000.0,111.62000274658203,,48.333333333333336,74.0,48.73204136772911,,60.0,,,10.0,77.9362819912964,,,,,,No risk assessment available (entry/stop/target could not be computed).,BEAR_LOW_VOL,20.0,
2026-09-10 14:49:46.519313+00:00,LPDC.NS,NO TRADE,False,39.481496058513684,NO TRADE,UP,DEGRADED,No risk assessment available (entry/stop/target could not be computed).; Failed check: signal is directional.; Failed check: confidence sufficient.; Failed check: risk reward sufficient.; Failed check: expected value positive.; Failed check: positive edge after costs.; Failed check: stop loss logical.; Failed check: position size within limits.; Failed check: acceptable volatility.; Failed check: strong technical setup.; Failed check: market conditions acceptable.; Failed check: news credibility acceptable.,,1000000.0,6.139999866485596,,43.333333333333336,66.0,30.0,,40.0,,,55.0,15.0,,,,,,No risk assessment available (entry/stop/target could not be computed).,BEAR_HIGH_VOL,30.0,
2026-09-10 14:49:48.341080+00:00,LT.NS,NO TRADE,False,53.59815093521466,NO TRADE,UP,DEGRADED,No risk assessment available (entry/stop/target could not be computed).; Failed check: signal is directional.; Failed check: confidence sufficient.; Failed check: risk reward sufficient.; Failed check: expected value positive.; Failed check: positive edge after costs.; Failed check: stop loss logical.; Failed check: position size within limits.; Failed check: strong technical setup.; Failed check: news credibility acceptable.,,1000000.0,3955.0,,43.333333333333336,68.0,52.26213426267567,,40.0,,,55.0,66.258060106567,,,,,,No risk assessment available (entry/stop/target could not be computed).,SIDEWAYS_LOW_VOL,30.0,
2026-09-10 14:49:48.638373+00:00,LTI.NS,NO TRADE,False,0.0,NO TRADE,NONE,INVALID,"Data Quality [LTI.NS] as of 2026-09-10T14:49:48.638239+00:00: INVALID (score=0.00, threshold=0.70)
  [CRITICAL] provider_unavailable: No data returned for LTI.NS (2y/1d)",,1000000.0,,,,,,,,,,,,,,,,,"Data Quality [LTI.NS] as of 2026-09-10T14:49:48.638239+00:00: INVALID (score=0.00, threshold=0.70)
  [CRITICAL] provider_unavailable: No data returned for LTI.NS (2y/1d)",UNKNOWN,,
2026-09-10 14:49:49.995607+00:00,LTTS.NS,NO TRADE,False,47.80776674683291,NO TRADE,UP,DEGRADED,No risk assessment available (entry/stop/target could not be computed).; Failed check: signal is directional.; Failed check: confidence sufficient.; Failed check: risk reward sufficient.; Failed check: expected value positive.; Failed check: positive edge after costs.; Failed check: stop loss logical.; Failed check: position size within limits.; Failed check: sufficient liquidity.; Failed check: strong technical setup.; Failed check: news credibility acceptable.,,1000000.0,3377.89990234375,,40.0,72.0,44.70690600322258,,40.0,,,25.0,72.82296365953968,,,,,,No risk assessment available (entry/stop/target could not be computed).,BULL_LOW_VOL,20.0,
2026-09-10 14:49:51.331776+00:00,LUMAXIND.NS,NO TRADE,False,53.56500498545389,NO TRADE,UP,DEGRADED,No risk assessment available (entry/stop/target could not be computed).; Failed check: signal is directional.; Failed check: confidence sufficient.; Failed check: risk reward sufficient.; Failed check: expected value positive.; Failed check: positive edge after costs.; Failed check: stop loss logical.; Failed check: position size within limits.; Failed check: sufficient liquidity.; Failed check: strong technical setup.; Failed check: news credibility acceptable.,,1000000.0,5940.0,,46.666666666666664,70.0,57.700806882746505,,50.0,,,25.0,79.39287771701592,,,,,,No risk assessment available (entry/stop/target could not be computed).,BULL_HIGH_VOL,42.0,
2026-09-10 14:49:53.550912+00:00,LUMAXTECH.NS,NO TRADE,False,56.312099863988145,NO TRADE,UP,DEGRADED,No risk assessment available (entry/stop/target could not be computed).; Failed check: signal is directional.; Failed check: confidence sufficient.; Failed check: risk reward sufficient.; Failed check: expected value positive.; Failed check: positive edge after costs.; Failed check: stop loss logical.; Failed check: position size within limits.; Failed check: strong technical setup.; Failed check: news credibility acceptable.,,1000000.0,1942.5999755859375,,46.666666666666664,74.0,49.08591128454807,,50.0,,,55.0,78.16447977255886,,,,,,No risk assessment available (entry/stop/target could not be computed).,BULL_LOW_VOL,30.0,
2026-09-10 14:49:55.054221+00:00,LUPIN.NS,NO TRADE,False,48.90605711442214,NO TRADE,UP,DEGRADED,No risk assessment available (entry/stop/target could not be computed).; Failed check: signal is directional.; Failed check: confidence sufficient.; Failed check: ai signals aligned.; Failed check: risk reward sufficient.; Failed check: expected value positive.; Failed check: positive edge after costs.; Failed check: stop loss logical.; Failed check: position size within limits.; Failed check: strong technical setup.; Failed check: news credibility acceptable.,,1000000.0,2077.800048828125,,33.333333333333336,90.0,43.22337060664665,,25.0,,,40.0,68.85142479753976,,,,,,No risk assessment available (entry/stop/target could not be computed).,BEAR_LOW_VOL,20.0,
2026-09-10 14:49:57.527827+00:00,LUXIND.NS,NO TRADE,False,38.08791804763082,NO TRADE,DOWN,DEGRADED,No risk assessment available (entry/stop/target could not be computed).; Failed check: signal is directional.; Failed check: confidence sufficient.; Failed check: risk reward sufficient.; Failed check: expected value positive.; Failed check: positive edge after costs.; Failed check: stop loss logical.; Failed check: position size within limits.; Failed check: sufficient liquidity.; Failed check: strong technical setup.; Failed check: news credibility acceptable.,,1000000.0,1109.199951171875,,26.666666666666668,57.0,40.73543301217326,,25.0,,,10.0,74.43717116665006,,,,,,No risk assessment available (entry/stop/target could not be computed).,BEAR_LOW_VOL,20.0,
2026-09-10 14:49:58.756762+00:00,LYKALABS.NS,NO TRADE,False,61.22851505087033,WATCH,UP,DEGRADED,No risk assessment available (entry/stop/target could not be computed).; Failed check: signal is directional.; Failed check: confidence sufficient.; Failed check: risk reward sufficient.; Failed check: expected value positive.; Failed check: positive edge after costs.; Failed check: stop loss logical.; Failed check: position size within limits.; Failed check: sufficient liquidity.; Failed check: news credibility acceptable.,,1000000.0,84.19999694824219,,60.0,,70.0,,45.0,,,40.0,72.37109030522194,,,,,,No risk assessment available (entry/stop/target could not be computed).,BULL_LOW_VOL,,
2026-09-10 14:50:00.350483+00:00,M&M.NS,NO TRADE,False,52.561519078803904,NO TRADE,UP,DEGRADED,No risk assessment available (entry/stop/target could not be computed).; Failed check: signal is directional.; Failed check: confidence sufficient.; Failed check: ai signals aligned.; Failed check: risk reward sufficient.; Failed check: expected value positive.; Failed check: positive edge after costs.; Failed check: stop loss logical.; Failed check: position size within limits.; Failed check: strong technical setup.; Failed check: market conditions acceptable.; Failed check: news credibility acceptable.,,1000000.0,3123.800048828125,,43.333333333333336,82.0,39.526574274955074,,40.0,,,55.0,69.64108462813097,,,,,,No risk assessment available (entry/stop/target could not be computed).,SIDEWAYS_LOW_VOL,42.0,
2026-09-10 14:50:01.805532+00:00,M&MFIN.NS,NO TRADE,False,51.9136630674817,NO TRADE,UP,DEGRADED,No risk assessment available (entry/stop/target could not be computed).; Failed check: signal is directional.; Failed check: confidence sufficient.; Failed check: ai signals aligned.; Failed check: risk reward sufficient.; Failed check: expected value positive.; Failed check: positive edge after costs.; Failed check: stop loss logical.; Failed check: position size within limits.; Failed check: strong technical setup.; Failed check: news credibility acceptable.,,1000000.0,359.25,,40.0,76.0,41.47402013082208,,40.0,,,55.0,75.41627110145717,,,,,,No risk assessment available (entry/stop/target could not be computed).,BULL_LOW_VOL,55.0,
2026-09-10 14:50:03.041068+00:00,MAANALU.NS,NO TRADE,False,39.69124514520259,NO TRADE,DOWN,DEGRADED,No risk assessment available (entry/stop/target could not be computed).; Failed check: signal is directional.; Failed check: confidence sufficient.; Failed check: risk reward sufficient.; Failed check: expected value positive.; Failed check: positive edge after costs.; Failed check: stop loss logical.; Failed check: position size within limits.; Failed check: sufficient liquidity.; Failed check: strong technical setup.; Failed check: market conditions acceptable.; Failed check: news credibility acceptable.,,1000000.0,110.05999755859375,,28.333333333333332,62.0,39.36115197245693,,40.0,,,10.0,77.36672387359833,,,,,,No risk assessment available (entry/stop/target could not be computed).,BEAR_LOW_VOL,20.0,
2026-09-10 14:50:04.503874+00:00,MADHAV.NS,NO TRADE,False,61.25726255820523,WATCH,UP,DEGRADED,No risk assessment available (entry/stop/target could not be computed).; Failed check: signal is directional.; Failed check: confidence sufficient.; Failed check: risk reward sufficient.; Failed check: expected value positive.; Failed check: positive edge after costs.; Failed check: stop loss logical.; Failed check: position size within limits.; Failed check: sufficient liquidity.; Failed check: news credibility acceptable.,,1000000.0,36.88999938964844,,65.0,49.0,63.610397116177325,,70.0,,,40.0,77.04891470164611,,,,,,No risk assessment available (entry/stop/target could not be computed).,SIDEWAYS_HIGH_VOL,20.0,
2026-09-10 14:50:05.758489+00:00,MADRASFERT.NS,NO TRADE,False,46.28694916584136,NO TRADE,DOWN,DEGRADED,No risk assessment available (entry/stop/target could not be computed).; Failed check: signal is directional.; Failed check: confidence sufficient.; Failed check: risk reward sufficient.; Failed check: expected value positive.; Failed check: positive edge after costs.; Failed check: stop loss logical.; Failed check: position size within limits.; Failed check: strong technical setup.; Failed check: news credibility acceptable.,,1000000.0,62.45000076293945,,35.0,49.0,48.406329614617285,,40.0,,,40.0,75.23093661733697,,,,,,No risk assessment available (entry/stop/target could not be computed).,BEAR_LOW_VOL,70.0,
2026-09-10 14:50:07.095782+00:00,MAGADSUGAR.NS,NO TRADE,False,52.99549437188036,NO TRADE,UP,DEGRADED,No risk assessment available (entry/stop/target could not be computed).; Failed check: signal is directional.; Failed check: confidence sufficient.; Failed check: risk reward sufficient.; Failed check: expected value positive.; Failed check: positive edge after costs.; Failed check: stop loss logical.; Failed check: position size within limits.; Failed check: sufficient liquidity.; Failed check: strong technical setup.; Failed check: news credibility acceptable.,,1000000.0,554.0,,46.666666666666664,65.0,61.63792414028785,,50.0,,,25.0,75.71733669503838,,,,,,No risk assessment available (entry/stop/target could not be computed).,BULL_HIGH_VOL,30.0,
2026-09-10 14:50:07.433545+00:00,MAGMA.NS,NO TRADE,False,0.0,NO TRADE,NONE,INVALID,"Data Quality [MAGMA.NS] as of 2026-09-10T14:50:07.433445+00:00: INVALID (score=0.00, threshold=0.70)
  [CRITICAL] provider_unavailable: No data returned for MAGMA.NS (2y/1d)",,1000000.0,,,,,,,,,,,,,,,,,"Data Quality [MAGMA.NS] as of 2026-09-10T14:50:07.433445+00:00: INVALID (score=0.00, threshold=0.70)
  [CRITICAL] provider_unavailable: No data returned for MAGMA.NS (2y/1d)",UNKNOWN,,
2026-09-10 14:50:08.824681+00:00,MAGNUM.NS,NO TRADE,False,52.15138017744267,NO TRADE,NONE,DEGRADED,No risk assessment available (entry/stop/target could not be computed).; Failed check: signal is directional.; Failed check: confidence sufficient.; Failed check: risk reward sufficient.; Failed check: expected value positive.; Failed check: positive edge after costs.; Failed check: stop loss logical.; Failed check: position size within limits.; Failed check: sufficient liquidity.; Failed check: strong technical setup.; Failed check: news credibility acceptable.,,1000000.0,19.100000381469727,,51.666666666666664,44.0,58.02615760180847,,70.0,,,25.0,77.94789180780438,,,,,,No risk assessment available (entry/stop/target could not be computed).,SIDEWAYS_LOW_VOL,20.0,
2026-09-10 14:50:11.161279+00:00,MAHABANK.NS,NO TRADE,False,66.35377408475884,WATCH,UP,DEGRADED,No risk assessment available (entry/stop/target could not be computed).; Failed check: signal is directional.; Failed check: confidence sufficient.; Failed check: ai signals aligned.; Failed check: risk reward sufficient.; Failed check: expected value positive.; Failed check: positive edge after costs.; Failed check: stop loss logical.; Failed check: position size within limits.; Failed check: strong technical setup.; Failed check: news credibility acceptable.,,1000000.0,84.3499984741211,,58.333333333333336,94.0,67.84963056218076,,70.0,,,55.0,72.61614033207127,,,,,,No risk assessment available (entry/stop/target could not be computed).,BEAR_LOW_VOL,30.0,
2026-09-10 14:50:12.402628+00:00,MAHASTEEL.NS,NO TRADE,False,60.587432841421574,WATCH,UP,DEGRADED,No risk assessment available (entry/stop/target could not be computed).; Failed check: signal is directional.; Failed check: confidence sufficient.; Failed check: risk reward sufficient.; Failed check: expected value positive.; Failed check: positive edge after costs.; Failed check: stop loss logical.; Failed check: position size within limits.; Failed check: sufficient liquidity.; Failed check: strong technical setup.; Failed check: news credibility acceptable.,,1000000.0,1331.5999755859375,,58.333333333333336,,70.0,,40.0,,,40.0,72.69126371519604,,,,,,No risk assessment available (entry/stop/target could not be computed).,BULL_HIGH_VOL,,
2026-09-10 14:50:13.691627+00:00,MAHEPC.NS,NO TRADE,False,42.23339145992477,NO TRADE,DOWN,DEGRADED,No risk assessment available (entry/stop/target could not be computed).; Failed check: signal is directional.; Failed check: confidence sufficient.; Failed check: risk reward sufficient.; Failed check: expected value positive.; Failed check: positive edge after costs.; Failed check: stop loss logical.; Failed check: position size within limits.; Failed check: sufficient liquidity.; Failed check: strong technical setup.; Failed check: news credibility acceptable.,,1000000.0,102.6500015258789,,35.0,57.0,47.66511870609285,,40.0,,,10.0,73.44094853593418,,,,,,No risk assessment available (entry/stop/target could not be computed).,BEAR_LOW_VOL,20.0,
2026-09-10 14:50:14.038815+00:00,MAHINDCIE.NS,NO TRADE,False,0.0,NO TRADE,NONE,INVALID,"Data Quality [MAHINDCIE.NS] as of 2026-09-10T14:50:14.038724+00:00: INVALID (score=0.00, threshold=0.70)
  [CRITICAL] provider_unavailable: No data returned for MAHINDCIE.NS (2y/1d)",,1000000.0,,,,,,,,,,,,,,,,,"Data Quality [MAHINDCIE.NS] as of 2026-09-10T14:50:14.038724+00:00: INVALID (score=0.00, threshold=0.70)
  [CRITICAL] provider_unavailable: No data returned for MAHINDCIE.NS (2y/1d)",UNKNOWN,,
2026-09-10 14:50:15.310413+00:00,MAHLIFE.NS,NO TRADE,False,51.633435037449786,NO TRADE,UP,DEGRADED,No risk assessment available (entry/stop/target could not be computed).; Failed check: signal is directional.; Failed check: confidence sufficient.; Failed check: ai signals aligned.; Failed check: risk reward sufficient.; Failed check: expected value positive.; Failed check: positive edge after costs.; Failed check: stop loss logical.; Failed check: position size within limits.; Failed check: strong technical setup.; Failed check: news credibility acceptable.,,1000000.0,359.75,,35.0,94.0,44.17018913847408,,40.0,,,40.0,73.79401546220151,,,,,,No risk assessment available (entry/stop/target could not be computed).,SIDEWAYS_LOW_VOL,20.0,
2026-09-10 14:50:16.515103+00:00,MAHLOG.NS,NO TRADE,False,59.99347332903606,WATCH,UP,DEGRADED,No risk assessment available (entry/stop/target could not be computed).; Failed check: signal is directional.; Failed check: confidence sufficient.; Failed check: risk reward sufficient.; Failed check: expected value positive.; Failed check: positive edge after costs.; Failed check: stop loss logical.; Failed check: position size within limits.; Failed check: strong technical setup.; Failed check: news credibility acceptable.,,1000000.0,400.1000061035156,,56.666666666666664,70.0,54.38407939697045,,70.0,,,55.0,73.46829925800915,,,,,,No risk assessment available (entry/stop/target could not be computed).,BULL_LOW_VOL,20.0,
2026-09-10 14:50:17.891049+00:00,MAHSCOOTER.NS,NO TRADE,False,47.75841505279686,NO TRADE,DOWN,DEGRADED,No risk assessment available (entry/stop/target could not be computed).; Failed check: signal is directional.; Failed check: confidence sufficient.; Failed check: risk reward sufficient.; Failed check: expected value positive.; Failed check: positive edge after costs.; Failed check: stop loss logical.; Failed check: position size within limits.; Failed check: sufficient liquidity.; Failed check: strong technical setup.; Failed check: news credibility acceptable.,,1000000.0,13098.0,,43.333333333333336,48.0,53.66229442415273,,40.0,,,25.0,72.55752335418089,,,,,,No risk assessment available (entry/stop/target could not be computed).,SIDEWAYS_LOW_VOL,45.0,
2026-09-10 14:50:19.339595+00:00,MAHSEAMLES.NS,NO TRADE,False,68.25330084907627,WATCH,UP,DEGRADED,No risk assessment available (entry/stop/target could not be computed).; Failed check: signal is directional.; Failed check: confidence sufficient.; Failed check: risk reward sufficient.; Failed check: expected value positive.; Failed check: positive edge after costs.; Failed check: stop loss logical.; Failed check: position size within limits.; Failed check: news credibility acceptable.,,1000000.0,718.0,,60.0,79.0,70.0,,45.0,,,70.0,75.32880174863169,,,,,,No risk assessment available (entry/stop/target could not be computed).,BULL_HIGH_VOL,20.0,
2026-09-10 14:50:20.576893+00:00,MAITHANALL.NS,NO TRADE,False,71.21537410709135,MODERATE,UP,DEGRADED,Failed check: news credibility acceptable.,,1000000.0,1055.5999755859375,944,71.66666666666667,64.0,70.0,,70.0,,,70.0,78.29871935743525,,3.1249999999999996,7475.82350911604,448.62998962402344,125,Failed check: news credibility acceptable.,SIDEWAYS_LOW_VOL,35.0,
2026-09-10 14:50:20.934308+00:00,MAJESCO.NS,NO TRADE,False,0.0,NO TRADE,NONE,INVALID,"Data Quality [MAJESCO.NS] as of 2026-09-10T14:50:20.934202+00:00: INVALID (score=0.00, threshold=0.70)
  [CRITICAL] provider_unavailable: No data returned for MAJESCO.NS (2y/1d)",,1000000.0,,,,,,,,,,,,,,,,,"Data Quality [MAJESCO.NS] as of 2026-09-10T14:50:20.934202+00:00: INVALID (score=0.00, threshold=0.70)
  [CRITICAL] provider_unavailable: No data returned for MAJESCO.NS (2y/1d)",UNKNOWN,,
2026-09-10 14:50:23.331514+00:00,MANAKALUCO.NS,NO TRADE,False,48.83199301924342,NO TRADE,UP,DEGRADED,No risk assessment available (entry/stop/target could not be computed).; Failed check: signal is directional.; Failed check: confidence sufficient.; Failed check: risk reward sufficient.; Failed check: expected value positive.; Failed check: positive edge after costs.; Failed check: stop loss logical.; Failed check: position size within limits.; Failed check: sufficient liquidity.; Failed check: strong technical setup.; Failed check: news credibility acceptable.,,1000000.0,37.689998626708984,,46.666666666666664,64.0,43.82845988589443,,50.0,,,25.0,72.82350252727824,,,,,,No risk assessment available (entry/stop/target could not be computed).,BULL_HIGH_VOL,42.0,
2026-09-10 14:50:24.509294+00:00,MANAKCOAT.NS,NO TRADE,False,61.82173591229376,WATCH,UP,DEGRADED,No risk assessment available (entry/stop/target could not be computed).; Failed check: signal is directional.; Failed check: confidence sufficient.; Failed check: risk reward sufficient.; Failed check: expected value positive.; Failed check: positive edge after costs.; Failed check: stop loss logical.; Failed check: position size within limits.; Failed check: strong technical setup.; Failed check: news credibility acceptable.,,1000000.0,123.91000366210938,,55.0,57.0,68.44497867520613,,70.0,,,55.0,79.92395110370438,,,,,,No risk assessment available (entry/stop/target could not be computed).,BULL_LOW_VOL,20.0,
2026-09-10 14:50:25.861869+00:00,MANAKSIA.NS,NO TRADE,False,65.77244632711538,WATCH,UP,DEGRADED,No risk assessment available (entry/stop/target could not be computed).; Failed check: signal is directional.; Failed check: confidence sufficient.; Failed check: risk reward sufficient.; Failed check: expected value positive.; Failed check: positive edge after costs.; Failed check: stop loss logical.; Failed check: position size within limits.; Failed check: sufficient liquidity.; Failed check: news credibility acceptable.,,1000000.0,70.51000213623047,,60.0,90.0,70.0,,45.0,,,40.0,79.66057630779866,,,,,,No risk assessment available (entry/stop/target could not be computed).,BULL_HIGH_VOL,20.0,
2026-09-10 14:50:27.072270+00:00,MANAKSTEEL.NS,NO TRADE,False,71.29919137742642,MODERATE,UP,DEGRADED,Failed check: news credibility acceptable.,,1000000.0,115.01000213623047,8665,63.333333333333336,90.0,70.0,,45.0,,,70.0,79.04416866370087,,3.1250000000000004,7570.3142663739845,396.5084833648682,1014,Failed check: news credibility acceptable.,BULL_HIGH_VOL,20.0,
2026-09-10 14:50:28.579745+00:00,MANALIPETC.NS,NO TRADE,False,74.0362719292483,MODERATE,UP,DEGRADED,Failed check: news credibility acceptable.,,1000000.0,86.2699966430664,11552,71.66666666666667,94.0,70.0,,70.0,,,70.0,73.58706304461968,,3.1250000000000013,7649.516969201515,317.6633816390991,1083,Failed check: news credibility acceptable.,BULL_HIGH_VOL,20.0,
2026-09-10 14:50:30.014113+00:00,MANAPPURAM.NS,NO TRADE,False,49.178326443128384,NO TRADE,UP,DEGRADED,No risk assessment available (entry/stop/target could not be computed).; Failed check: signal is directional.; Failed check: confidence sufficient.; Failed check: ai signals aligned.; Failed check: risk reward sufficient.; Failed check: expected value positive.; Failed check: positive edge after costs.; Failed check: stop loss logical.; Failed check: position size within limits.; Failed check: strong technical setup.; Failed check: news credibility acceptable.,,1000000.0,330.79998779296875,,35.0,76.0,46.86067390883173,,40.0,,,40.0,76.28306138048274,,,,,,No risk assessment available (entry/stop/target could not be computed).,SIDEWAYS_LOW_VOL,55.0,
2026-09-10 14:50:31.474037+00:00,MANGALAM.NS,NO TRADE,False,57.87356494960629,NO TRADE,NONE,DEGRADED,No risk assessment available (entry/stop/target could not be computed).; Failed check: signal is directional.; Failed check: confidence sufficient.; Failed check: risk reward sufficient.; Failed check: expected value positive.; Failed check: positive edge after costs.; Failed check: stop loss logical.; Failed check: position size within limits.; Failed check: sufficient liquidity.; Failed check: strong technical setup.; Failed check: news credibility acceptable.,,1000000.0,34.880001068115234,,56.666666666666664,41.0,70.0,,45.0,,,40.0,71.13594240048536,,,,,,No risk assessment available (entry/stop/target could not be computed).,BULL_HIGH_VOL,42.0,
2026-09-10 14:50:31.821209+00:00,MANGCHEFER.NS,NO TRADE,False,0.0,NO TRADE,NONE,INVALID,"Data Quality [MANGCHEFER.NS] as of 2026-09-10T14:50:31.821121+00:00: INVALID (score=0.00, threshold=0.70)
  [CRITICAL] provider_unavailable: No data returned for MANGCHEFER.NS (2y/1d)",,1000000.0,,,,,,,,,,,,,,,,,"Data Quality [MANGCHEFER.NS] as of 2026-09-10T14:50:31.821121+00:00: INVALID (score=0.00, threshold=0.70)
  [CRITICAL] provider_unavailable: No data returned for MANGCHEFER.NS (2y/1d)",UNKNOWN,,
2026-09-10 14:50:33.306679+00:00,MANGLMCEM.NS,NO TRADE,False,67.58385668930323,WATCH,UP,DEGRADED,No risk assessment available (entry/stop/target could not be computed).; Failed check: signal is directional.; Failed check: confidence sufficient.; Failed check: risk reward sufficient.; Failed check: expected value positive.; Failed check: positive edge after costs.; Failed check: stop loss logical.; Failed check: position size within limits.; Failed check: news credibility acceptable.,,1000000.0,1026.699951171875,,61.666666666666664,65.0,70.0,,50.0,,,70.0,78.46246958658621,,,,,,No risk assessment available (entry/stop/target could not be computed).,BULL_HIGH_VOL,45.0,
2026-09-10 14:50:33.645057+00:00,MANGTIMBER.NS,NO TRADE,False,0.0,NO TRADE,NONE,INVALID,"Data Quality [MANGTIMBER.NS] as of 2026-09-10T14:50:33.644949+00:00: INVALID (score=0.00, threshold=0.70)
  [CRITICAL] provider_unavailable: No data returned for MANGTIMBER.NS (2y/1d)",,1000000.0,,,,,,,,,,,,,,,,,"Data Quality [MANGTIMBER.NS] as of 2026-09-10T14:50:33.644949+00:00: INVALID (score=0.00, threshold=0.70)
  [CRITICAL] provider_unavailable: No data returned for MANGTIMBER.NS (2y/1d)",UNKNOWN,,
2026-09-10 14:50:36.018085+00:00,MANINDS.NS,NO TRADE,False,68.4876604679851,WATCH,UP,DEGRADED,No risk assessment available (entry/stop/target could not be computed).; Failed check: signal is directional.; Failed check: confidence sufficient.; Failed check: risk reward sufficient.; Failed check: expected value positive.; Failed check: positive edge after costs.; Failed check: stop loss logical.; Failed check: position size within limits.; Failed check: news credibility acceptable.,,1000000.0,878.5,,60.0,82.0,70.0,,45.0,,,70.0,74.58589500397662,,,,,,No risk assessment available (entry/stop/target could not be computed).,BULL_HIGH_VOL,20.0,
2026-09-10 14:50:37.329901+00:00,MANINFRA.NS,NO TRADE,False,71.63069888110554,MODERATE,UP,DEGRADED,Failed check: news credibility acceptable.,,1000000.0,128.64999389648438,7746,63.333333333333336,94.0,70.0,,45.0,,,70.0,76.53879033199443,,3.124999999999999,7468.238674414757,496.02291646728514,1134,Failed check: news credibility acceptable.,BULL_LOW_VOL,20.0,
2026-09-10 14:50:38.734773+00:00,MANUGRAPH.NS,NO TRADE,False,49.08030505951942,NO TRADE,UP,DEGRADED,No risk assessment available (entry/stop/target could not be computed).; Failed check: signal is directional.; Failed check: confidence sufficient.; Failed check: risk reward sufficient.; Failed check: expected value positive.; Failed check: positive edge after costs.; Failed check: stop loss logical.; Failed check: position size within limits.; Failed check: sufficient liquidity.; Failed check: strong technical setup.; Failed check: news credibility acceptable.,,1000000.0,15.149999618530273,,46.666666666666664,65.0,44.44303275589399,,50.0,,,25.0,73.4482913202173,,,,,,No risk assessment available (entry/stop/target could not be computed).,SIDEWAYS_HIGH_VOL,20.0,
2026-09-10 14:50:40.237064+00:00,MARATHON.NS,NO TRADE,False,72.90913318229698,MODERATE,UP,DEGRADED,Failed check: news credibility acceptable.,,1000000.0,438.5,2272,71.66666666666667,79.0,70.0,,70.0,,,70.0,77.93098405465336,,3.1249999999999964,7585.430625819267,377.1977,253,Failed check: news credibility acceptable.,BULL_HIGH_VOL,35.0,
2026-09-10 14:50:41.881676+00:00,MARICO.NS,NO TRADE,False,47.706100938683356,NO TRADE,UP,DEGRADED,No risk assessment available (entry/stop/target could not be computed).; Failed check: signal is directional.; Failed check: confidence sufficient.; Failed check: ai signals aligned.; Failed check: risk reward sufficient.; Failed check: expected value positive.; Failed check: positive edge after costs.; Failed check: stop loss logical.; Failed check: position size within limits.; Failed check: strong technical setup.; Failed check: news credibility acceptable.,,1000000.0,803.0,,35.0,78.0,43.07334542708996,,40.0,,,40.0,68.9875988774781,,,,,,No risk assessment available (entry/stop/target could not be computed).,BEAR_LOW_VOL,20.0,
2026-09-10 14:50:43.480711+00:00,MARINE.NS,NO TRADE,False,67.4299852081252,WATCH,UP,DEGRADED,No risk assessment available (entry/stop/target could not be computed).; Failed check: signal is directional.; Failed check: confidence sufficient.; Failed check: risk reward sufficient.; Failed check: expected value positive.; Failed check: positive edge after costs.; Failed check: stop loss logical.; Failed check: position size within limits.; Failed check: news credibility acceptable.,,1000000.0,411.0,,61.666666666666664,66.0,70.0,,50.0,,,70.0,76.44631049726165,,,,,,No risk assessment available (entry/stop/target could not be computed).,BULL_HIGH_VOL,20.0,
2026-09-10 14:50:44.867650+00:00,MARKSANS.NS,NO TRADE,False,69.95691030025269,MODERATE,UP,DEGRADED,No risk assessment available (entry/stop/target could not be computed).; Failed check: signal is directional.; Failed check: confidence sufficient.; Failed check: risk reward sufficient.; Failed check: expected value positive.; Failed check: positive edge after costs.; Failed check: stop loss logical.; Failed check: position size within limits.; Failed check: news credibility acceptable.,,1000000.0,329.29998779296875,,61.666666666666664,82.0,70.0,,50.0,,,70.0,79.92579385680162,,,,,,No risk assessment available (entry/stop/target could not be computed).,BULL_HIGH_VOL,20.0,
2026-09-10 14:50:46.462131+00:00,MARUTI.NS,NO TRADE,False,45.062213999304774,NO TRADE,NONE,DEGRADED,No risk assessment available (entry/stop/target could not be computed).; Failed check: signal is directional.; Failed check: confidence sufficient.; Failed check: risk reward sufficient.; Failed check: expected value positive.; Failed check: positive edge after costs.; Failed check: stop loss logical.; Failed check: position size within limits.; Failed check: strong technical setup.; Failed check: market conditions acceptable.; Failed check: news credibility acceptable.,,1000000.0,12590.0,,33.333333333333336,67.0,39.3058048938709,,25.0,,,40.0,68.46743647360252,,,,,,No risk assessment available (entry/stop/target could not be computed).,BEAR_LOW_VOL,20.0,
2026-09-10 14:50:47.676870+00:00,MASFIN.NS,NO TRADE,False,49.73913139724488,NO TRADE,UP,DEGRADED,No risk assessment available (entry/stop/target could not be computed).; Failed check: signal is directional.; Failed check: confidence sufficient.; Failed check: ai signals aligned.; Failed check: risk reward sufficient.; Failed check: expected value positive.; Failed check: positive edge after costs.; Failed check: stop loss logical.; Failed check: position size within limits.; Failed check: strong technical setup.; Failed check: news credibility acceptable.,,1000000.0,294.45001220703125,,35.0,76.0,51.23088416826338,,40.0,,,40.0,73.53157133249555,,,,,,No risk assessment available (entry/stop/target could not be computed).,SIDEWAYS_LOW_VOL,55.0,
2026-09-10 14:50:49.033537+00:00,MASTEK.NS,NO TRADE,False,47.642344560305546,NO TRADE,UP,DEGRADED,No risk assessment available (entry/stop/target could not be computed).; Failed check: signal is directional.; Failed check: confidence sufficient.; Failed check: ai signals aligned.; Failed check: risk reward sufficient.; Failed check: expected value positive.; Failed check: positive edge after costs.; Failed check: stop loss logical.; Failed check: position size within limits.; Failed check: strong technical setup.; Failed check: market conditions acceptable.; Failed check: news credibility acceptable.,,1000000.0,1610.800048828125,,35.0,84.0,33.03549101851466,,40.0,,,40.0,77.83043724218419,,,,,,No risk assessment available (entry/stop/target could not be computed).,SIDEWAYS_HIGH_VOL,20.0,
2026-09-10 14:50:51.387847+00:00,MATRIMONY.NS,NO TRADE,False,53.37128124520913,NO TRADE,UP,DEGRADED,No risk assessment available (entry/stop/target could not be computed).; Failed check: signal is directional.; Failed check: confidence sufficient.; Failed check: ai signals aligned.; Failed check: risk reward sufficient.; Failed check: expected value positive.; Failed check: positive edge after costs.; Failed check: stop loss logical.; Failed check: position size within limits.; Failed check: sufficient liquidity.; Failed check: strong technical setup.; Failed check: news credibility acceptable.,,1000000.0,513.0,,46.666666666666664,86.0,47.10460899421618,,50.0,,,25.0,76.8364226076473,,,,,,No risk assessment available (entry/stop/target could not be computed).,BULL_LOW_VOL,20.0,
2026-09-10 14:50:52.689188+00:00,MAXHEALTH.NS,NO TRADE,False,59.48585075198075,WATCH,UP,DEGRADED,No risk assessment available (entry/stop/target could not be computed).; Failed check: signal is directional.; Failed check: confidence sufficient.; Failed check: risk reward sufficient.; Failed check: expected value positive.; Failed check: positive edge after costs.; Failed check: stop loss logical.; Failed check: position size within limits.; Failed check: strong technical setup.; Failed check: news credibility acceptable.,,1000000.0,1038.5999755859375,,53.333333333333336,64.0,62.284063297300634,,70.0,,,55.0,71.52098191911247,,,,,,No risk assessment available (entry/stop/target could not be computed).,BEAR_LOW_VOL,20.0,
2026-09-10 14:50:53.866013+00:00,MAXIND.NS,NO TRADE,False,46.43616326425395,NO TRADE,UP,DEGRADED,No risk assessment available (entry/stop/target could not be computed).; Failed check: signal is directional.; Failed check: confidence sufficient.; Failed check: risk reward sufficient.; Failed check: expected value positive.; Failed check: positive edge after costs.; Failed check: stop loss logical.; Failed check: position size within limits.; Failed check: sufficient liquidity.; Failed check: strong technical setup.; Failed check: news credibility acceptable.,,1000000.0,147.1999969482422,,45.0,64.0,44.62131296431904,,60.0,,,10.0,78.58749659236551,,,,,,No risk assessment available (entry/stop/target could not be computed).,BEAR_LOW_VOL,20.0,
2026-09-10 14:50:54.213184+00:00,MAXVIL.NS,NO TRADE,False,0.0,NO TRADE,NONE,INVALID,"Data Quality [MAXVIL.NS] as of 2026-09-10T14:50:54.213094+00:00: INVALID (score=0.00, threshold=0.70)
  [CRITICAL] provider_unavailable: No data returned for MAXVIL.NS (2y/1d)",,1000000.0,,,,,,,,,,,,,,,,,"Data Quality [MAXVIL.NS] as of 2026-09-10T14:50:54.213094+00:00: INVALID (score=0.00, threshold=0.70)
  [CRITICAL] provider_unavailable: No data returned for MAXVIL.NS (2y/1d)",UNKNOWN,,
2026-09-10 14:50:55.643727+00:00,MAYURUNIQ.NS,NO TRADE,False,65.902742781604,WATCH,UP,DEGRADED,No risk assessment available (entry/stop/target could not be computed).; Failed check: signal is directional.; Failed check: confidence sufficient.; Failed check: risk reward sufficient.; Failed check: expected value positive.; Failed check: positive edge after costs.; Failed check: stop loss logical.; Failed check: position size within limits.; Failed check: news credibility acceptable.,,1000000.0,755.0,,60.0,94.0,57.5816910183826,,70.0,,,55.0,79.81960257663803,,,,,,No risk assessment available (entry/stop/target could not be computed).,BEAR_LOW_VOL,20.0,
2026-09-10 14:50:57.226703+00:00,MAZDA.NS,NO TRADE,False,69.15593351483831,MODERATE,UP,DEGRADED,No risk assessment available (entry/stop/target could not be computed).; Failed check: signal is directional.; Failed check: confidence sufficient.; Failed check: risk reward sufficient.; Failed check: expected value positive.; Failed check: positive edge after costs.; Failed check: stop loss logical.; Failed check: position size within limits.; Failed check: sufficient liquidity.; Failed check: news credibility acceptable.,,1000000.0,261.0,,71.66666666666667,86.0,70.0,,70.0,,,40.0,78.79906408040488,,,,,,No risk assessment available (entry/stop/target could not be computed).,BULL_LOW_VOL,30.0,
2026-09-10 14:50:58.567979+00:00,MAZDOCK.NS,NO TRADE,False,52.788664597765965,NO TRADE,UP,DEGRADED,No risk assessment available (entry/stop/target could not be computed).; Failed check: signal is directional.; Failed check: confidence sufficient.; Failed check: ai signals aligned.; Failed check: risk reward sufficient.; Failed check: expected value positive.; Failed check: positive edge after costs.; Failed check: stop loss logical.; Failed check: position size within limits.; Failed check: strong technical setup.; Failed check: news credibility acceptable.,,1000000.0,2383.199951171875,,40.0,82.0,42.68137501590361,,40.0,,,55.0,71.64775888660921,,,,,,No risk assessment available (entry/stop/target could not be computed).,BEAR_LOW_VOL,20.0,
2026-09-10 14:50:59.701935+00:00,MBLINFRA.NS,NO TRADE,False,45.99081446730178,NO TRADE,NONE,DEGRADED,No risk assessment available (entry/stop/target could not be computed).; Failed check: signal is directional.; Failed check: confidence sufficient.; Failed check: risk reward sufficient.; Failed check: expected value positive.; Failed check: positive edge after costs.; Failed check: stop loss logical.; Failed check: position size within limits.; Failed check: sufficient liquidity.; Failed check: strong technical setup.; Failed check: news credibility acceptable.,,1000000.0,23.1299991607666,,41.666666666666664,56.0,45.26283780475053,,60.0,,,25.0,72.67826839974536,,,,,,No risk assessment available (entry/stop/target could not be computed).,BEAR_HIGH_VOL,42.0,
2026-09-10 14:51:00.110106+00:00,MCDOWELL-N.NS,NO TRADE,False,0.0,NO TRADE,NONE,INVALID,"Data Quality [MCDOWELL-N.NS] as of 2026-09-10T14:51:00.109996+00:00: INVALID (score=0.00, threshold=0.70)
  [CRITICAL] provider_unavailable: No data returned for MCDOWELL-N.NS (2y/1d)",,1000000.0,,,,,,,,,,,,,,,,,"Data Quality [MCDOWELL-N.NS] as of 2026-09-10T14:51:00.109996+00:00: INVALID (score=0.00, threshold=0.70)
  [CRITICAL] provider_unavailable: No data returned for MCDOWELL-N.NS (2y/1d)",UNKNOWN,,
2026-09-10 14:51:01.865617+00:00,MCLEODRUSS.NS,NO TRADE,False,46.152187160722576,NO TRADE,DOWN,DEGRADED,No risk assessment available (entry/stop/target could not be computed).; Failed check: signal is directional.; Failed check: confidence sufficient.; Failed check: risk reward sufficient.; Failed check: expected value positive.; Failed check: positive edge after costs.; Failed check: stop loss logical.; Failed check: position size within limits.; Failed check: strong technical setup.; Failed check: news credibility acceptable.,,1000000.0,44.04999923706055,,35.0,52.0,46.834368760166846,,40.0,,,40.0,75.93759115311369,,,,,,No risk assessment available (entry/stop/target could not be computed).,BEAR_HIGH_VOL,30.0,
2026-09-10 14:51:04.296924+00:00,MCX.NS,NO TRADE,False,68.48685642499419,WATCH,UP,DEGRADED,No risk assessment available (entry/stop/target could not be computed).; Failed check: signal is directional.; Failed check: confidence sufficient.; Failed check: risk reward sufficient.; Failed check: expected value positive.; Failed check: positive edge after costs.; Failed check: stop loss logical.; Failed check: position size within limits.; Failed check: news credibility acceptable.,,1000000.0,3300.0,,61.666666666666664,78.0,70.0,,50.0,,,70.0,74.27426431261232,,,,,,No risk assessment available (entry/stop/target could not be computed).,BULL_HIGH_VOL,20.0,
2026-09-10 14:51:04.705391+00:00,MEGASOFT.NS,NO TRADE,False,0.0,NO TRADE,NONE,INVALID,"Data Quality [MEGASOFT.NS] as of 2026-09-10T14:51:04.705260+00:00: INVALID (score=0.00, threshold=0.70)
  [CRITICAL] provider_unavailable: No data returned for MEGASOFT.NS (2y/1d)",,1000000.0,,,,,,,,,,,,,,,,,"Data Quality [MEGASOFT.NS] as of 2026-09-10T14:51:04.705260+00:00: INVALID (score=0.00, threshold=0.70)
  [CRITICAL] provider_unavailable: No data returned for MEGASOFT.NS (2y/1d)",UNKNOWN,,
2026-09-10 14:51:05.204933+00:00,MEGH.NS,NO TRADE,False,0.0,NO TRADE,NONE,INVALID,"Data Quality [MEGH.NS] as of 2026-09-10T14:51:05.204827+00:00: INVALID (score=0.00, threshold=0.70)
  [CRITICAL] provider_unavailable: No data returned for MEGH.NS (2y/1d)",,1000000.0,,,,,,,,,,,,,,,,,"Data Quality [MEGH.NS] as of 2026-09-10T14:51:05.204827+00:00: INVALID (score=0.00, threshold=0.70)
  [CRITICAL] provider_unavailable: No data returned for MEGH.NS (2y/1d)",UNKNOWN,,
2026-09-10 14:51:06.643196+00:00,MEP.NS,NO TRADE,False,52.625876727610745,NO TRADE,DOWN,DEGRADED,No risk assessment available (entry/stop/target could not be computed).; Failed check: signal is directional.; Failed check: confidence sufficient.; Failed check: risk reward sufficient.; Failed check: expected value positive.; Failed check: positive edge after costs.; Failed check: stop loss logical.; Failed check: position size within limits.; Failed check: sufficient liquidity.; Failed check: strong technical setup.; Failed check: news credibility acceptable.,,1000000.0,0.6700000166893005,,46.666666666666664,,70.0,,50.0,,,25.0,69.08859369899781,,,,,,No risk assessment available (entry/stop/target could not be computed).,BEAR_LOW_VOL,,
2026-09-10 14:51:08.014619+00:00,METROPOLIS.NS,NO TRADE,False,64.45355176942225,WATCH,UP,DEGRADED,No risk assessment available (entry/stop/target could not be computed).; Failed check: signal is directional.; Failed check: confidence sufficient.; Failed check: risk reward sufficient.; Failed check: expected value positive.; Failed check: positive edge after costs.; Failed check: stop loss logical.; Failed check: position size within limits.; Failed check: strong technical setup.; Failed check: news credibility acceptable.,,1000000.0,595.0,,58.333333333333336,74.0,70.0,,70.0,,,55.0,73.20138581462813,,,,,,No risk assessment available (entry/stop/target could not be computed).,BULL_LOW_VOL,20.0,
2026-09-10 14:51:09.459982+00:00,MFSL.NS,NO TRADE,False,45.958320145845306,NO TRADE,DOWN,DEGRADED,No risk assessment available (entry/stop/target could not be computed).; Failed check: signal is directional.; Failed check: confidence sufficient.; Failed check: risk reward sufficient.; Failed check: expected value positive.; Failed check: positive edge after costs.; Failed check: stop loss logical.; Failed check: position size within limits.; Failed check: strong technical setup.; Failed check: news credibility acceptable.,,1000000.0,1479.9000244140625,,35.0,41.0,52.992675587035556,,40.0,,,40.0,72.18697002366308,,,,,,No risk assessment available (entry/stop/target could not be computed).,BEAR_LOW_VOL,20.0,
2026-09-10 14:51:10.733315+00:00,MGEL.NS,NO TRADE,False,64.68413279752829,WATCH,UP,DEGRADED,No risk assessment available (entry/stop/target could not be computed).; Failed check: signal is directional.; Failed check: confidence sufficient.; Failed check: ai signals aligned.; Failed check: risk reward sufficient.; Failed check: expected value positive.; Failed check: positive edge after costs.; Failed check: stop loss logical.; Failed check: position size within limits.; Failed check: strong technical setup.; Failed check: news credibility acceptable.,,1000000.0,16.030000686645508,,53.333333333333336,90.0,70.0,,70.0,,,55.0,73.60170020523915,,,,,,No risk assessment available (entry/stop/target could not be computed).,SIDEWAYS_HIGH_VOL,30.0,
2026-09-10 14:51:12.104123+00:00,MGL.NS,NO TRADE,False,53.198619856925696,NO TRADE,UP,DEGRADED,No risk assessment available (entry/stop/target could not be computed).; Failed check: signal is directional.; Failed check: confidence sufficient.; Failed check: ai signals aligned.; Failed check: risk reward sufficient.; Failed check: expected value positive.; Failed check: positive edge after costs.; Failed check: stop loss logical.; Failed check: position size within limits.; Failed check: strong technical setup.; Failed check: news credibility acceptable.,,1000000.0,1100.800048828125,,38.333333333333336,75.0,52.849194327343874,,50.0,,,55.0,71.91711164122252,,,,,,No risk assessment available (entry/stop/target could not be computed).,BEAR_LOW_VOL,35.0,
2026-09-10 14:51:13.377665+00:00,MHRIL.NS,NO TRADE,False,38.365674605960066,NO TRADE,DOWN,DEGRADED,No risk assessment available (entry/stop/target could not be computed).; Failed check: signal is directional.; Failed check: confidence sufficient.; Failed check: risk reward sufficient.; Failed check: expected value positive.; Failed check: positive edge after costs.; Failed check: stop loss logical.; Failed check: position size within limits.; Failed check: strong technical setup.; Failed check: market conditions acceptable.; Failed check: news credibility acceptable.,,1000000.0,196.57000732421875,,30.0,32.0,30.77032461640485,,25.0,,,40.0,74.0187639504491,,,,,,No risk assessment available (entry/stop/target could not be computed).,BEAR_LOW_VOL,55.0,
2026-09-10 14:51:14.717631+00:00,MIDHANI.NS,NO TRADE,False,68.97424448657594,WATCH,UP,DEGRADED,No risk assessment available (entry/stop/target could not be computed).; Failed check: signal is directional.; Failed check: confidence sufficient.; Failed check: risk reward sufficient.; Failed check: expected value positive.; Failed check: positive edge after costs.; Failed check: stop loss logical.; Failed check: position size within limits.; Failed check: news credibility acceptable.,,1000000.0,463.29998779296875,,65.0,74.0,65.60789058012483,,70.0,,,70.0,79.06440611995777,,,,,,No risk assessment available (entry/stop/target could not be computed).,BULL_HIGH_VOL,20.0,
2026-09-10 14:51:16.898536+00:00,MINDACORP.NS,NO TRADE,False,57.588800430761985,NO TRADE,UP,DEGRADED,No risk assessment available (entry/stop/target could not be computed).; Failed check: signal is directional.; Failed check: confidence sufficient.; Failed check: risk reward sufficient.; Failed check: expected value positive.; Failed check: positive edge after costs.; Failed check: stop loss logical.; Failed check: position size within limits.; Failed check: strong technical setup.; Failed check: news credibility acceptable.,,1000000.0,699.2999877929688,,46.666666666666664,78.0,54.776608451284645,,50.0,,,55.0,74.58825570565696,,,,,,No risk assessment available (entry/stop/target could not be computed).,SIDEWAYS_LOW_VOL,30.0,
2026-09-10 14:51:17.185199+00:00,MINDAIND.NS,NO TRADE,False,0.0,NO TRADE,NONE,INVALID,"Data Quality [MINDAIND.NS] as of 2026-09-10T14:51:17.185105+00:00: INVALID (score=0.00, threshold=0.70)
  [CRITICAL] provider_unavailable: No data returned for MINDAIND.NS (2y/1d)",,1000000.0,,,,,,,,,,,,,,,,,"Data Quality [MINDAIND.NS] as of 2026-09-10T14:51:17.185105+00:00: INVALID (score=0.00, threshold=0.70)
  [CRITICAL] provider_unavailable: No data returned for MINDAIND.NS (2y/1d)",UNKNOWN,,
2026-09-10 14:51:18.464672+00:00,MINDTECK.NS,NO TRADE,False,40.18736076046406,NO TRADE,DOWN,DEGRADED,No risk assessment available (entry/stop/target could not be computed).; Failed check: signal is directional.; Failed check: confidence sufficient.; Failed check: risk reward sufficient.; Failed check: expected value positive.; Failed check: positive edge after costs.; Failed check: stop loss logical.; Failed check: position size within limits.; Failed check: sufficient liquidity.; Failed check: strong technical setup.; Failed check: market conditions acceptable.; Failed check: news credibility acceptable.,,1000000.0,160.0,,30.0,65.0,38.03038119776569,,25.0,,,10.0,79.53989606461268,,,,,,No risk assessment available (entry/stop/target could not be computed).,BEAR_LOW_VOL,20.0,
2026-09-10 14:51:18.761097+00:00,MINDTREE.NS,NO TRADE,False,0.0,NO TRADE,NONE,INVALID,"Data Quality [MINDTREE.NS] as of 2026-09-10T14:51:18.761006+00:00: INVALID (score=0.00, threshold=0.70)
  [CRITICAL] provider_unavailable: No data returned for MINDTREE.NS (2y/1d)",,1000000.0,,,,,,,,,,,,,,,,,"Data Quality [MINDTREE.NS] as of 2026-09-10T14:51:18.761006+00:00: INVALID (score=0.00, threshold=0.70)
  [CRITICAL] provider_unavailable: No data returned for MINDTREE.NS (2y/1d)",UNKNOWN,,
2026-09-10 14:51:20.234611+00:00,MIRZAINT.NS,NO TRADE,False,51.12114502782824,NO TRADE,DOWN,DEGRADED,No risk assessment available (entry/stop/target could not be computed).; Failed check: signal is directional.; Failed check: confidence sufficient.; Failed check: risk reward sufficient.; Failed check: expected value positive.; Failed check: positive edge after costs.; Failed check: stop loss logical.; Failed check: position size within limits.; Failed check: strong technical setup.; Failed check: news credibility acceptable.,,1000000.0,30.899999618530273,,45.0,49.0,51.49155130777254,,60.0,,,40.0,78.29780367812218,,,,,,No risk assessment available (entry/stop/target could not be computed).,BEAR_LOW_VOL,20.0,
2026-09-10 14:51:21.674633+00:00,MITTAL.NS,NO TRADE,False,52.917674664752354,NO TRADE,UP,DEGRADED,No risk assessment available (entry/stop/target could not be computed).; Failed check: signal is directional.; Failed check: confidence sufficient.; Failed check: risk reward sufficient.; Failed check: expected value positive.; Failed check: positive edge after costs.; Failed check: stop loss logical.; Failed check: position size within limits.; Failed check: strong technical setup.; Failed check: market conditions acceptable.; Failed check: news credibility acceptable.,,1000000.0,0.8299999833106995,,48.333333333333336,75.0,37.72525603860106,,60.0,,,55.0,66.4909225107555,,,,,,No risk assessment available (entry/stop/target could not be computed).,BEAR_HIGH_VOL,20.0,
2026-09-10 14:51:22.930160+00:00,MMFL.NS,NO TRADE,False,68.34254113655707,WATCH,UP,DEGRADED,No risk assessment available (entry/stop/target could not be computed).; Failed check: signal is directional.; Failed check: confidence sufficient.; Failed check: risk reward sufficient.; Failed check: expected value positive.; Failed check: positive edge after costs.; Failed check: stop loss logical.; Failed check: position size within limits.; Failed check: news credibility acceptable.,,1000000.0,644.0999755859375,,61.666666666666664,82.0,64.52986285491662,,50.0,,,70.0,78.12730469376241,,,,,,No risk assessment available (entry/stop/target could not be computed).,BULL_HIGH_VOL,42.0,
2026-09-10 14:51:24.242133+00:00,MMP.NS,NO TRADE,False,70.66585154273757,MODERATE,UP,DEGRADED,Failed check: news credibility acceptable.,,1000000.0,447.79998779296875,2225,68.33333333333333,80.0,70.0,,60.0,,,70.0,71.07002614017117,,3.1249999999999996,7671.71791506975,290.80131207275394,191,Failed check: news credibility acceptable.,BULL_HIGH_VOL,30.0,
2026-09-10 14:51:25.733720+00:00,MMTC.NS,NO TRADE,False,50.769737177410505,NO TRADE,UP,DEGRADED,No risk assessment available (entry/stop/target could not be computed).; Failed check: signal is directional.; Failed check: confidence sufficient.; Failed check: ai signals aligned.; Failed check: risk reward sufficient.; Failed check: expected value positive.; Failed check: positive edge after costs.; Failed check: stop loss logical.; Failed check: position size within limits.; Failed check: strong technical setup.; Failed check: news credibility acceptable.,,1000000.0,62.22999954223633,,31.666666666666668,75.0,50.70151690569939,,40.0,,,55.0,72.52951060327669,,,,,,No risk assessment available (entry/stop/target could not be computed).,BEAR_LOW_VOL,20.0,
2026-09-10 14:51:27.061908+00:00,MOIL.NS,NO TRADE,False,46.21480668308583,NO TRADE,UP,DEGRADED,No risk assessment available (entry/stop/target could not be computed).; Failed check: signal is directional.; Failed check: confidence sufficient.; Failed check: ai signals aligned.; Failed check: risk reward sufficient.; Failed check: expected value positive.; Failed check: positive edge after costs.; Failed check: stop loss logical.; Failed check: position size within limits.; Failed check: strong technical setup.; Failed check: market conditions acceptable.; Failed check: news credibility acceptable.,,1000000.0,249.75,,35.0,76.0,36.246122115525736,,40.0,,,40.0,73.39138711999304,,,,,,No risk assessment available (entry/stop/target could not be computed).,BEAR_HIGH_VOL,30.0,
2026-09-10 14:51:29.286031+00:00,MOLDTKPAC.NS,NO TRADE,False,53.80691842675005,NO TRADE,UP,DEGRADED,No risk assessment available (entry/stop/target could not be computed).; Failed check: signal is directional.; Failed check: confidence sufficient.; Failed check: ai signals aligned.; Failed check: risk reward sufficient.; Failed check: expected value positive.; Failed check: positive edge after costs.; Failed check: stop loss logical.; Failed check: position size within limits.; Failed check: sufficient liquidity.; Failed check: strong technical setup.; Failed check: news credibility acceptable.,,1000000.0,685.5,,46.666666666666664,82.0,54.71271192902114,,50.0,,,25.0,73.2975617713613,,,,,,No risk assessment available (entry/stop/target could not be computed).,SIDEWAYS_LOW_VOL,20.0,
2026-09-10 14:51:30.677271+00:00,MONTECARLO.NS,NO TRADE,False,65.42434533030045,WATCH,UP,DEGRADED,No risk assessment available (entry/stop/target could not be computed).; Failed check: signal is directional.; Failed check: confidence sufficient.; Failed check: risk reward sufficient.; Failed check: expected value positive.; Failed check: positive edge after costs.; Failed check: stop loss logical.; Failed check: position size within limits.; Failed check: sufficient liquidity.; Failed check: news credibility acceptable.,,1000000.0,556.2999877929688,,68.33333333333333,70.0,70.0,,70.0,,,40.0,73.5063252968804,,,,,,No risk assessment available (entry/stop/target could not be computed).,SIDEWAYS_LOW_VOL,30.0,
2026-09-10 14:51:32.225188+00:00,MOREPENLAB.NS,NO TRADE,False,68.97863135055785,WATCH,UP,DEGRADED,No risk assessment available (entry/stop/target could not be computed).; Failed check: signal is directional.; Failed check: confidence sufficient.; Failed check: risk reward sufficient.; Failed check: expected value positive.; Failed check: positive edge after costs.; Failed check: stop loss logical.; Failed check: position size within limits.; Failed check: news credibility acceptable.,,1000000.0,115.5,,63.333333333333336,78.0,70.0,,45.0,,,70.0,73.10090094583627,,,,,,No risk assessment available (entry/stop/target could not be computed).,BULL_HIGH_VOL,20.0,
2026-09-10 14:51:32.511881+00:00,MOTHERSUMI.NS,NO TRADE,False,0.0,NO TRADE,NONE,INVALID,"Data Quality [MOTHERSUMI.NS] as of 2026-09-10T14:51:32.511789+00:00: INVALID (score=0.00, threshold=0.70)
  [CRITICAL] provider_unavailable: No data returned for MOTHERSUMI.NS (2y/1d)",,1000000.0,,,,,,,,,,,,,,,,,"Data Quality [MOTHERSUMI.NS] as of 2026-09-10T14:51:32.511789+00:00: INVALID (score=0.00, threshold=0.70)
  [CRITICAL] provider_unavailable: No data returned for MOTHERSUMI.NS (2y/1d)",UNKNOWN,,
2026-09-10 14:51:33.682630+00:00,MOTILALOFS.NS,NO TRADE,False,66.67337151453359,WATCH,UP,DEGRADED,No risk assessment available (entry/stop/target could not be computed).; Failed check: signal is directional.; Failed check: confidence sufficient.; Failed check: risk reward sufficient.; Failed check: expected value positive.; Failed check: positive edge after costs.; Failed check: stop loss logical.; Failed check: position size within limits.; Failed check: news credibility acceptable.,,1000000.0,1015.0,,61.666666666666664,64.0,70.0,,50.0,,,70.0,73.1304824850995,,,,,,No risk assessment available (entry/stop/target could not be computed).,BULL_LOW_VOL,42.0,
2026-09-10 14:51:35.143164+00:00,MPHASIS.NS,NO TRADE,False,57.283271348624375,NO TRADE,UP,DEGRADED,No risk assessment available (entry/stop/target could not be computed).; Failed check: signal is directional.; Failed check: confidence sufficient.; Failed check: ai signals aligned.; Failed check: risk reward sufficient.; Failed check: expected value positive.; Failed check: positive edge after costs.; Failed check: stop loss logical.; Failed check: position size within limits.; Failed check: strong technical setup.; Failed check: market conditions acceptable.; Failed check: news credibility acceptable.,,1000000.0,2291.699951171875,,40.0,100.0,37.66828050214568,,40.0,,,55.0,74.60042701627889,,,,,,No risk assessment available (entry/stop/target could not be computed).,BULL_LOW_VOL,10.0,
2026-09-10 14:51:36.535226+00:00,MPSLTD.NS,NO TRADE,False,55.23684703728978,NO TRADE,UP,DEGRADED,No risk assessment available (entry/stop/target could not be computed).; Failed check: signal is directional.; Failed check: confidence sufficient.; Failed check: ai signals aligned.; Failed check: risk reward sufficient.; Failed check: expected value positive.; Failed check: positive edge after costs.; Failed check: stop loss logical.; Failed check: position size within limits.; Failed check: sufficient liquidity.; Failed check: strong technical setup.; Failed check: news credibility acceptable.,,1000000.0,2703.0,,46.666666666666664,90.0,53.61915091663363,,50.0,,,25.0,78.3952515659396,,,,,,No risk assessment available (entry/stop/target could not be computed).,BULL_HIGH_VOL,20.0,
2026-09-10 14:51:38.178674+00:00,MRF.NS,NO TRADE,False,41.46622475980971,NO TRADE,NONE,DEGRADED,No risk assessment available (entry/stop/target could not be computed).; Failed check: signal is directional.; Failed check: confidence sufficient.; Failed check: risk reward sufficient.; Failed check: expected value positive.; Failed check: positive edge after costs.; Failed check: stop loss logical.; Failed check: position size within limits.; Failed check: sufficient liquidity.; Failed check: strong technical setup.; Failed check: news credibility acceptable.,,1000000.0,128200.0,,31.666666666666668,65.0,49.46966978359264,,40.0,,,10.0,66.89452114342426,,,,,,No risk assessment available (entry/stop/target could not be computed).,SIDEWAYS_LOW_VOL,20.0,
2026-09-10 14:51:39.882751+00:00,MRPL.NS,NO TRADE,False,71.06727910921178,MODERATE,UP,DEGRADED,Failed check: news credibility acceptable.,,1000000.0,181.32000732421875,5496,68.33333333333333,72.0,69.93269267138523,,70.0,,,70.0,79.99094827200643,,3.1250000000000027,7544.235200670577,414.279952734375,672,Failed check: news credibility acceptable.,BULL_LOW_VOL,42.0,
2026-09-10 14:51:41.255654+00:00,MSPL.NS,NO TRADE,False,58.19520367913447,NO TRADE,UP,DEGRADED,No risk assessment available (entry/stop/target could not be computed).; Failed check: signal is directional.; Failed check: confidence sufficient.; Failed check: risk reward sufficient.; Failed check: expected value positive.; Failed check: positive edge after costs.; Failed check: stop loss logical.; Failed check: position size within limits.; Failed check: strong technical setup.; Failed check: news credibility acceptable.,,1000000.0,34.58000183105469,,48.333333333333336,82.0,59.4650484173264,,70.0,,,40.0,78.71509298721485,,,,,,No risk assessment available (entry/stop/target could not be computed).,BEAR_HIGH_VOL,20.0,
2026-09-10 14:51:43.767414+00:00,MSTCLTD.NS,NO TRADE,False,74.36114168867404,MODERATE,UP,DEGRADED,Failed check: news credibility acceptable.,,1000000.0,734.0,1357,71.66666666666667,90.0,70.0,,70.0,,,70.0,78.08554425225294,,3.1249999999999996,7563.127108868387,376.8356,151,Failed check: news credibility acceptable.,BULL_HIGH_VOL,20.0,
2026-09-10 14:51:44.908701+00:00,MTEDUCARE.NS,NO TRADE,False,0.0,NO TRADE,NONE,INVALID,"Data quality gate failed for MTEDUCARE.NS: status=INVALID, score=0.75 (min required 0.70). [CRITICAL] zero_volume: 87 bar(s) (17.5%) with volume below 1.; [INFO] holiday_mismatch: 1 bar(s) fall on a date the configured calendar marks as a non-trading day. Not scored as an error: this system's built-in NSE holiday list only covers fixed-date national holidays (see data/market_calendar.py) and is deliberately incomplete for variable-date holidays -- this may just mean the calendar doesn't know about a legitimate special session or holiday.; Forced NO TRADE: this system never trades on data it cannot vouch for, regardless of what any other signal would have said.",,1000000.0,1.8600000143051147,,,,,,70.0,,,,,,,,,,"Data quality gate failed for MTEDUCARE.NS: status=INVALID, score=0.75 (min required 0.70). [CRITICAL] zero_volume: 87 bar(s) (17.5%) with volume below 1.; [INFO] holiday_mismatch: 1 bar(s) fall on a date the configured calendar marks as a non-trading day. Not scored as an error: this system's built-in NSE holiday list only covers fixed-date national holidays (see data/market_calendar.py) and is deliberately incomplete for variable-date holidays -- this may just mean the calendar doesn't know about a legitimate special session or holiday.",BEAR_HIGH_VOL,,
2026-09-10 14:51:46.301684+00:00,MTNL.NS,NO TRADE,False,43.53870332995663,NO TRADE,DOWN,DEGRADED,No risk assessment available (entry/stop/target could not be computed).; Failed check: signal is directional.; Failed check: confidence sufficient.; Failed check: risk reward sufficient.; Failed check: expected value positive.; Failed check: positive edge after costs.; Failed check: stop loss logical.; Failed check: position size within limits.; Failed check: strong technical setup.; Failed check: news credibility acceptable.,,1000000.0,25.049999237060547,,26.666666666666668,60.0,47.80281443439682,,25.0,,,40.0,73.8511480019263,,,,,,No risk assessment available (entry/stop/target could not be computed).,BEAR_LOW_VOL,30.0,
2026-09-10 14:51:46.598443+00:00,MUKANDENGG.NS,NO TRADE,False,0.0,NO TRADE,NONE,INVALID,"Data Quality [MUKANDENGG.NS] as of 2026-09-10T14:51:46.598310+00:00: INVALID (score=0.00, threshold=0.70)
  [CRITICAL] provider_unavailable: No data returned for MUKANDENGG.NS (2y/1d)",,1000000.0,,,,,,,,,,,,,,,,,"Data Quality [MUKANDENGG.NS] as of 2026-09-10T14:51:46.598310+00:00: INVALID (score=0.00, threshold=0.70)
  [CRITICAL] provider_unavailable: No data returned for MUKANDENGG.NS (2y/1d)",UNKNOWN,,
2026-09-10 14:51:47.856182+00:00,MUKANDLTD.NS,NO TRADE,False,59.10116668312711,WATCH,UP,DEGRADED,No risk assessment available (entry/stop/target could not be computed).; Failed check: signal is directional.; Failed check: confidence sufficient.; Failed check: risk reward sufficient.; Failed check: expected value positive.; Failed check: positive edge after costs.; Failed check: stop loss logical.; Failed check: position size within limits.; Failed check: sufficient liquidity.; Failed check: strong technical setup.; Failed check: news credibility acceptable.,,1000000.0,142.57000732421875,,53.333333333333336,86.0,67.5707176571213,,70.0,,,25.0,73.10193270847756,,,,,,No risk assessment available (entry/stop/target could not be computed).,BULL_LOW_VOL,42.0,
2026-09-10 14:51:49.101077+00:00,MUKTAARTS.NS,NO TRADE,False,53.8298290640859,NO TRADE,UP,DEGRADED,No risk assessment available (entry/stop/target could not be computed).; Failed check: signal is directional.; Failed check: confidence sufficient.; Failed check: risk reward sufficient.; Failed check: expected value positive.; Failed check: positive edge after costs.; Failed check: stop loss logical.; Failed check: position size within limits.; Failed check: sufficient liquidity.; Failed check: strong technical setup.; Failed check: news credibility acceptable.,,1000000.0,56.880001068115234,,56.666666666666664,52.0,54.00498583747675,,70.0,,,25.0,76.28060788666905,,,,,,No risk assessment available (entry/stop/target could not be computed).,SIDEWAYS_HIGH_VOL,30.0,
2026-09-10 14:51:50.551690+00:00,MUNJALAU.NS,NO TRADE,False,55.88326430880703,NO TRADE,UP,DEGRADED,No risk assessment available (entry/stop/target could not be computed).; Failed check: signal is directional.; Failed check: confidence sufficient.; Failed check: ai signals aligned.; Failed check: risk reward sufficient.; Failed check: expected value positive.; Failed check: positive edge after costs.; Failed check: stop loss logical.; Failed check: position size within limits.; Failed check: strong technical setup.; Failed check: market conditions acceptable.; Failed check: news credibility acceptable.,,1000000.0,109.16999816894531,,46.666666666666664,90.0,38.440400308958566,,50.0,,,55.0,78.57772478668177,,,,,,No risk assessment available (entry/stop/target could not be computed).,BULL_LOW_VOL,30.0,
2026-09-10 14:51:52.081410+00:00,MUNJALSHOW.NS,NO TRADE,False,41.17492982788197,NO TRADE,UP,DEGRADED,No risk assessment available (entry/stop/target could not be computed).; Failed check: signal is directional.; Failed check: confidence sufficient.; Failed check: ai signals aligned.; Failed check: risk reward sufficient.; Failed check: expected value positive.; Failed check: positive edge after costs.; Failed check: stop loss logical.; Failed check: position size within limits.; Failed check: sufficient liquidity.; Failed check: strong technical setup.; Failed check: market conditions acceptable.; Failed check: news credibility acceptable.,,1000000.0,127.06999969482422,,31.666666666666668,82.0,38.7153775810988,,40.0,,,10.0,72.62803434637499,,,,,,No risk assessment available (entry/stop/target could not be computed).,SIDEWAYS_LOW_VOL,30.0,
2026-09-10 14:51:53.491559+00:00,MURUDCERA.NS,NO TRADE,False,46.704271442674866,NO TRADE,NONE,DEGRADED,No risk assessment available (entry/stop/target could not be computed).; Failed check: signal is directional.; Failed check: confidence sufficient.; Failed check: risk reward sufficient.; Failed check: expected value positive.; Failed check: positive edge after costs.; Failed check: stop loss logical.; Failed check: position size within limits.; Failed check: sufficient liquidity.; Failed check: strong technical setup.; Failed check: news credibility acceptable.,,1000000.0,30.0,,38.333333333333336,65.0,54.01179180660905,,50.0,,,10.0,78.96764800790149,,,,,,No risk assessment available (entry/stop/target could not be computed).,BEAR_LOW_VOL,35.0,
2026-09-10 14:51:54.640486+00:00,MUTHOOTCAP.NS,NO TRADE,False,46.6172503261632,NO TRADE,UP,DEGRADED,No risk assessment available (entry/stop/target could not be computed).; Failed check: signal is directional.; Failed check: confidence sufficient.; Failed check: risk reward sufficient.; Failed check: expected value positive.; Failed check: positive edge after costs.; Failed check: stop loss logical.; Failed check: position size within limits.; Failed check: sufficient liquidity.; Failed check: strong technical setup.; Failed check: market conditions acceptable.; Failed check: news credibility acceptable.,,1000000.0,232.44000244140625,,43.333333333333336,62.0,37.40671198148597,,40.0,,,25.0,79.24324898722062,,,,,,No risk assessment available (entry/stop/target could not be computed).,BULL_LOW_VOL,55.0,
2026-09-10 14:51:57.245097+00:00,MUTHOOTFIN.NS,NO TRADE,False,53.103509447741125,NO TRADE,UP,DEGRADED,No risk assessment available (entry/stop/target could not be computed).; Failed check: signal is directional.; Failed check: confidence sufficient.; Failed check: ai signals aligned.; Failed check: risk reward sufficient.; Failed check: expected value positive.; Failed check: positive edge after costs.; Failed check: stop loss logical.; Failed check: position size within limits.; Failed check: strong technical setup.; Failed check: news credibility acceptable.,,1000000.0,2841.5,,35.0,84.0,57.25529384281076,,40.0,,,40.0,73.62146448307317,,,,,,No risk assessment available (entry/stop/target could not be computed).,SIDEWAYS_HIGH_VOL,55.0,
2026-09-10 14:51:58.611553+00:00,NACLIND.NS,NO TRADE,False,45.070887466032765,NO TRADE,DOWN,DEGRADED,No risk assessment available (entry/stop/target could not be computed).; Failed check: signal is directional.; Failed check: confidence sufficient.; Failed check: risk reward sufficient.; Failed check: expected value positive.; Failed check: positive edge after costs.; Failed check: stop loss logical.; Failed check: position size within limits.; Failed check: strong technical setup.; Failed check: news credibility acceptable.,,1000000.0,159.99000549316406,,28.333333333333332,55.0,48.824060159251516,,40.0,,,40.0,77.99532311300929,,,,,,No risk assessment available (entry/stop/target could not be computed).,BEAR_LOW_VOL,20.0,
2026-09-10 14:51:59.810477+00:00,NAGREEKCAP.NS,NO TRADE,False,52.510219359309,NO TRADE,UP,DEGRADED,No risk assessment available (entry/stop/target could not be computed).; Failed check: signal is directional.; Failed check: confidence sufficient.; Failed check: risk reward sufficient.; Failed check: expected value positive.; Failed check: positive edge after costs.; Failed check: stop loss logical.; Failed check: position size within limits.; Failed check: sufficient liquidity.; Failed check: strong technical setup.; Failed check: news credibility acceptable.,,1000000.0,22.8700008392334,,48.333333333333336,61.0,61.66940523594897,,70.0,,,25.0,70.06503733666497,,,,,,No risk assessment available (entry/stop/target could not be computed).,BEAR_HIGH_VOL,55.0,
2026-09-10 14:52:01.092967+00:00,NAGREEKEXP.NS,NO TRADE,False,54.801009582516905,NO TRADE,UP,DEGRADED,No risk assessment available (entry/stop/target could not be computed).; Failed check: signal is directional.; Failed check: confidence sufficient.; Failed check: risk reward sufficient.; Failed check: expected value positive.; Failed check: positive edge after costs.; Failed check: stop loss logical.; Failed check: position size within limits.; Failed check: strong technical setup.; Failed check: news credibility acceptable.,,1000000.0,22.329999923706055,,48.333333333333336,82.0,40.925350429148466,,70.0,,,55.0,68.8050209549415,,,,,,No risk assessment available (entry/stop/target could not be computed).,BEAR_HIGH_VOL,42.0,
2026-09-10 14:52:02.336628+00:00,NAHARCAP.NS,NO TRADE,False,55.70145797888382,NO TRADE,UP,DEGRADED,No risk assessment available (entry/stop/target could not be computed).; Failed check: signal is directional.; Failed check: confidence sufficient.; Failed check: ai signals aligned.; Failed check: risk reward sufficient.; Failed check: expected value positive.; Failed check: positive edge after costs.; Failed check: stop loss logical.; Failed check: position size within limits.; Failed check: sufficient liquidity.; Failed check: strong technical setup.; Failed check: news credibility acceptable.,,1000000.0,256.8999938964844,,46.666666666666664,94.0,56.669589161117194,,50.0,,,25.0,74.51824514737474,,,,,,No risk assessment available (entry/stop/target could not be computed).,SIDEWAYS_LOW_VOL,20.0,
2026-09-10 14:52:03.710023+00:00,NAHARPOLY.NS,NO TRADE,False,44.00029139613042,NO TRADE,NONE,DEGRADED,No risk assessment available (entry/stop/target could not be computed).; Failed check: signal is directional.; Failed check: confidence sufficient.; Failed check: risk reward sufficient.; Failed check: expected value positive.; Failed check: positive edge after costs.; Failed check: stop loss logical.; Failed check: position size within limits.; Failed check: sufficient liquidity.; Failed check: strong technical setup.; Failed check: news credibility acceptable.,,1000000.0,233.77000427246094,,35.0,60.0,49.45653157677232,,40.0,,,10.0,79.97896641561493,,,,,,No risk assessment available (entry/stop/target could not be computed).,BEAR_LOW_VOL,35.0,
2026-09-10 14:52:05.595393+00:00,NAM-INDIA.NS,NO TRADE,False,58.44571934867652,NO TRADE,UP,DEGRADED,No risk assessment available (entry/stop/target could not be computed).; Failed check: signal is directional.; Failed check: confidence sufficient.; Failed check: risk reward sufficient.; Failed check: expected value positive.; Failed check: positive edge after costs.; Failed check: stop loss logical.; Failed check: position size within limits.; Failed check: strong technical setup.; Failed check: news credibility acceptable.,,1000000.0,1185.0,,46.666666666666664,78.0,60.21880899435111,,50.0,,,55.0,73.30385823821837,,,,,,No risk assessment available (entry/stop/target could not be computed).,SIDEWAYS_LOW_VOL,20.0,
2026-09-10 14:52:06.962768+00:00,NATCOPHARM.NS,NO TRADE,False,41.50616062184276,NO TRADE,DOWN,DEGRADED,No risk assessment available (entry/stop/target could not be computed).; Failed check: signal is directional.; Failed check: confidence sufficient.; Failed check: risk reward sufficient.; Failed check: expected value positive.; Failed check: positive edge after costs.; Failed check: stop loss logical.; Failed check: position size within limits.; Failed check: strong technical setup.; Failed check: market conditions acceptable.; Failed check: news credibility acceptable.,,1000000.0,817.5,,30.0,64.0,30.0,,25.0,,,40.0,72.90975957087238,,,,,,No risk assessment available (entry/stop/target could not be computed).,BEAR_LOW_VOL,35.0,
2026-09-10 14:52:08.231580+00:00,NATHBIOGEN.NS,NO TRADE,False,50.567299498007294,NO TRADE,UP,DEGRADED,No risk assessment available (entry/stop/target could not be computed).; Failed check: signal is directional.; Failed check: confidence sufficient.; Failed check: risk reward sufficient.; Failed check: expected value positive.; Failed check: positive edge after costs.; Failed check: stop loss logical.; Failed check: position size within limits.; Failed check: sufficient liquidity.; Failed check: strong technical setup.; Failed check: news credibility acceptable.,,1000000.0,152.50999450683594,,41.666666666666664,75.0,53.9760525598886,,60.0,,,25.0,72.83849779708025,,,,,,No risk assessment available (entry/stop/target could not be computed).,BEAR_LOW_VOL,20.0,
2026-09-10 14:52:09.801674+00:00,NATIONALUM.NS,NO TRADE,False,59.97354188290623,WATCH,UP,DEGRADED,No risk assessment available (entry/stop/target could not be computed).; Failed check: signal is directional.; Failed check: confidence sufficient.; Failed check: ai signals aligned.; Failed check: risk reward sufficient.; Failed check: expected value positive.; Failed check: positive edge after costs.; Failed check: stop loss logical.; Failed check: position size within limits.; Failed check: strong technical setup.; Failed check: news credibility acceptable.,,1000000.0,373.3500061035156,,46.666666666666664,94.0,55.88090910966497,,50.0,,,55.0,75.01698642464926,,,,,,No risk assessment available (entry/stop/target could not be computed).,BULL_HIGH_VOL,20.0,
2026-09-10 14:52:12.286389+00:00,NAUKRI.NS,NO TRADE,False,54.45444595077122,NO TRADE,UP,DEGRADED,No risk assessment available (entry/stop/target could not be computed).; Failed check: signal is directional.; Failed check: confidence sufficient.; Failed check: ai signals aligned.; Failed check: risk reward sufficient.; Failed check: expected value positive.; Failed check: positive edge after costs.; Failed check: stop loss logical.; Failed check: position size within limits.; Failed check: strong technical setup.; Failed check: news credibility acceptable.,,1000000.0,1265.0,,40.0,86.0,45.67469477647099,,40.0,,,55.0,74.09897463581365,,,,,,No risk assessment available (entry/stop/target could not be computed).,BULL_LOW_VOL,20.0,
2026-09-10 14:52:13.581301+00:00,NAVINFLUOR.NS,NO TRADE,False,71.51721753383418,MODERATE,UP,DEGRADED,Failed check: news credibility acceptable.,,1000000.0,8700.5,114,71.66666666666667,78.0,68.59588409561937,,70.0,,,70.0,71.94538501780586,,3.1250000000000036,7065.27029525623,650.7973999999999,22,Failed check: news credibility acceptable.,BULL_LOW_VOL,20.0,
2026-09-10 14:52:14.713826+00:00,NAVKARCORP.NS,NO TRADE,False,48.52222233169435,NO TRADE,UP,DEGRADED,No risk assessment available (entry/stop/target could not be computed).; Failed check: signal is directional.; Failed check: confidence sufficient.; Failed check: ai signals aligned.; Failed check: risk reward sufficient.; Failed check: expected value positive.; Failed check: positive edge after costs.; Failed check: stop loss logical.; Failed check: position size within limits.; Failed check: strong technical setup.; Failed check: news credibility acceptable.,,1000000.0,94.9000015258789,,31.666666666666668,82.0,46.67600731366785,,40.0,,,40.0,73.22772758247237,,,,,,No risk assessment available (entry/stop/target could not be computed).,BEAR_LOW_VOL,20.0,
2026-09-10 14:52:15.994035+00:00,NAVNETEDUL.NS,NO TRADE,False,45.454460986539075,NO TRADE,NONE,DEGRADED,No risk assessment available (entry/stop/target could not be computed).; Failed check: signal is directional.; Failed check: confidence sufficient.; Failed check: risk reward sufficient.; Failed check: expected value positive.; Failed check: positive edge after costs.; Failed check: stop loss logical.; Failed check: position size within limits.; Failed check: strong technical setup.; Failed check: news credibility acceptable.,,1000000.0,128.0,,31.666666666666668,64.0,46.13911817139502,,40.0,,,40.0,71.05499496482898,,,,,,No risk assessment available (entry/stop/target could not be computed).,BEAR_LOW_VOL,20.0,
2026-09-10 14:52:17.464559+00:00,NBCC.NS,NO TRADE,False,46.17601945274322,NO TRADE,NONE,DEGRADED,No risk assessment available (entry/stop/target could not be computed).; Failed check: signal is directional.; Failed check: confidence sufficient.; Failed check: risk reward sufficient.; Failed check: expected value positive.; Failed check: positive edge after costs.; Failed check: stop loss logical.; Failed check: position size within limits.; Failed check: strong technical setup.; Failed check: news credibility acceptable.,,1000000.0,83.94000244140625,,33.333333333333336,63.0,45.60231657281661,,25.0,,,40.0,69.57986230694448,,,,,,No risk assessment available (entry/stop/target could not be computed).,BEAR_LOW_VOL,20.0,
2026-09-10 14:52:18.523599+00:00,NBIFIN.NS,NO TRADE,False,54.173925629164,NO TRADE,UP,DEGRADED,No risk assessment available (entry/stop/target could not be computed).; Failed check: signal is directional.; Failed check: confidence sufficient.; Failed check: risk reward sufficient.; Failed check: expected value positive.; Failed check: positive edge after costs.; Failed check: stop loss logical.; Failed check: position size within limits.; Failed check: sufficient liquidity.; Failed check: strong technical setup.; Failed check: news credibility acceptable.,,1000000.0,2010.0,,56.666666666666664,68.0,47.43332835140484,,70.0,,,25.0,77.8733436237127,,,,,,No risk assessment available (entry/stop/target could not be computed).,BULL_LOW_VOL,30.0,
2026-09-10 14:52:18.861020+00:00,NBVENTURES.NS,NO TRADE,False,0.0,NO TRADE,NONE,INVALID,"Data Quality [NBVENTURES.NS] as of 2026-09-10T14:52:18.860931+00:00: INVALID (score=0.00, threshold=0.70)
  [CRITICAL] provider_unavailable: No data returned for NBVENTURES.NS (2y/1d)",,1000000.0,,,,,,,,,,,,,,,,,"Data Quality [NBVENTURES.NS] as of 2026-09-10T14:52:18.860931+00:00: INVALID (score=0.00, threshold=0.70)
  [CRITICAL] provider_unavailable: No data returned for NBVENTURES.NS (2y/1d)",UNKNOWN,,
2026-09-10 14:52:20.458328+00:00,NCC.NS,NO TRADE,False,60.44121121670523,WATCH,UP,DEGRADED,No risk assessment available (entry/stop/target could not be computed).; Failed check: signal is directional.; Failed check: confidence sufficient.; Failed check: ai signals aligned.; Failed check: risk reward sufficient.; Failed check: expected value positive.; Failed check: positive edge after costs.; Failed check: stop loss logical.; Failed check: position size within limits.; Failed check: strong technical setup.; Failed check: news credibility acceptable.,,1000000.0,143.27000427246094,,46.666666666666664,90.0,60.845404054608636,,50.0,,,55.0,75.12333436345493,,,,,,No risk assessment available (entry/stop/target could not be computed).,SIDEWAYS_HIGH_VOL,30.0,
2026-09-10 14:52:22.014103+00:00,NCLIND.NS,NO TRADE,False,56.57459126652674,NO TRADE,UP,DEGRADED,No risk assessment available (entry/stop/target could not be computed).; Failed check: signal is directional.; Failed check: confidence sufficient.; Failed check: risk reward sufficient.; Failed check: expected value positive.; Failed check: positive edge after costs.; Failed check: stop loss logical.; Failed check: position size within limits.; Failed check: sufficient liquidity.; Failed check: strong technical setup.; Failed check: news credibility acceptable.,,1000000.0,178.11000061035156,,56.666666666666664,65.0,62.439065031055634,,70.0,,,25.0,72.48770073468663,,,,,,No risk assessment available (entry/stop/target could not be computed).,BEAR_LOW_VOL,20.0,
2026-09-10 14:52:23.290306+00:00,NDGL.NS,NO TRADE,False,47.306517935221954,NO TRADE,DOWN,DEGRADED,No risk assessment available (entry/stop/target could not be computed).; Failed check: signal is directional.; Failed check: confidence sufficient.; Failed check: risk reward sufficient.; Failed check: expected value positive.; Failed check: positive edge after costs.; Failed check: stop loss logical.; Failed check: position size within limits.; Failed check: sufficient liquidity.; Failed check: strong technical setup.; Failed check: news credibility acceptable.,,1000000.0,2716.0,,46.666666666666664,,43.40073801010247,,50.0,,,25.0,77.07133392951135,,,,,,No risk assessment available (entry/stop/target could not be computed).,SIDEWAYS_LOW_VOL,,
2026-09-10 14:52:25.811233+00:00,NDL.NS,NO TRADE,False,67.74130304879932,WATCH,UP,DEGRADED,No risk assessment available (entry/stop/target could not be computed).; Failed check: signal is directional.; Failed check: confidence sufficient.; Failed check: risk reward sufficient.; Failed check: expected value positive.; Failed check: positive edge after costs.; Failed check: stop loss logical.; Failed check: position size within limits.; Failed check: news credibility acceptable.,,1000000.0,2.9000000953674316,,61.666666666666664,67.0,70.0,,50.0,,,70.0,77.87018587586778,,,,,,No risk assessment available (entry/stop/target could not be computed).,BULL_HIGH_VOL,20.0,
2026-09-10 14:52:27.116084+00:00,NDRAUTO.NS,NO TRADE,False,41.1551806744147,NO TRADE,UP,DEGRADED,No risk assessment available (entry/stop/target could not be computed).; Failed check: signal is directional.; Failed check: confidence sufficient.; Failed check: ai signals aligned.; Failed check: risk reward sufficient.; Failed check: expected value positive.; Failed check: positive edge after costs.; Failed check: stop loss logical.; Failed check: position size within limits.; Failed check: sufficient liquidity.; Failed check: strong technical setup.; Failed check: market conditions acceptable.; Failed check: news credibility acceptable.,,1000000.0,702.25,,33.333333333333336,78.0,30.94280738334978,,25.0,,,10.0,76.03346694522735,,,,,,No risk assessment available (entry/stop/target could not be computed).,BEAR_LOW_VOL,20.0,
2026-09-10 14:52:28.498077+00:00,NDTV.NS,NO TRADE,False,44.413397066777556,NO TRADE,DOWN,DEGRADED,No risk assessment available (entry/stop/target could not be computed).; Failed check: signal is directional.; Failed check: confidence sufficient.; Failed check: risk reward sufficient.; Failed check: expected value positive.; Failed check: positive edge after costs.; Failed check: stop loss logical.; Failed check: position size within limits.; Failed check: sufficient liquidity.; Failed check: strong technical setup.; Failed check: news credibility acceptable.,,1000000.0,72.0,,45.0,42.0,46.60565203652618,,60.0,,,10.0,75.63347771013045,,,,,,No risk assessment available (entry/stop/target could not be computed).,BEAR_LOW_VOL,42.0,
2026-09-10 14:52:29.853709+00:00,NECCLTD.NS,NO TRADE,False,70.55712994801502,MODERATE,UP,DEGRADED,Failed check: news credibility acceptable.,,1000000.0,19.260000228881836,51745,68.33333333333333,70.0,70.0,,60.0,,,70.0,77.97290775156225,,3.125000000000002,7590.493830134227,378.17010449409486,5775,Failed check: news credibility acceptable.,BULL_HIGH_VOL,30.0,
2026-09-10 14:52:31.177693+00:00,NECLIFE.NS,NO TRADE,False,62.000203754028,WATCH,UP,DEGRADED,No risk assessment available (entry/stop/target could not be computed).; Failed check: signal is directional.; Failed check: confidence sufficient.; Failed check: risk reward sufficient.; Failed check: expected value positive.; Failed check: positive edge after costs.; Failed check: stop loss logical.; Failed check: position size within limits.; Failed check: strong technical setup.; Failed check: news credibility acceptable.,,1000000.0,11.930000305175781,,58.333333333333336,49.0,67.69612662130527,,70.0,,,55.0,76.77268348598949,,,,,,No risk assessment available (entry/stop/target could not be computed).,SIDEWAYS_HIGH_VOL,30.0,
2026-09-10 14:52:32.480281+00:00,NELCAST.NS,NO TRADE,False,47.84074900272429,NO TRADE,NONE,DEGRADED,No risk assessment available (entry/stop/target could not be computed).; Failed check: signal is directional.; Failed check: confidence sufficient.; Failed check: ai signals aligned.; Failed check: risk reward sufficient.; Failed check: expected value positive.; Failed check: positive edge after costs.; Failed check: stop loss logical.; Failed check: position size within limits.; Failed check: strong technical setup.; Failed check: news credibility acceptable.,,1000000.0,110.0,,28.333333333333332,72.0,42.741045191312075,,40.0,,,55.0,78.74426420163536,,,,,,No risk assessment available (entry/stop/target could not be computed).,BEAR_LOW_VOL,30.0,
2026-09-10 14:52:33.876926+00:00,NELCO.NS,NO TRADE,False,50.93186366283619,NO TRADE,NONE,DEGRADED,No risk assessment available (entry/stop/target could not be computed).; Failed check: signal is directional.; Failed check: confidence sufficient.; Failed check: risk reward sufficient.; Failed check: expected value positive.; Failed check: positive edge after costs.; Failed check: stop loss logical.; Failed check: position size within limits.; Failed check: strong technical setup.; Failed check: market conditions acceptable.; Failed check: news credibility acceptable.,,1000000.0,938.0,,46.666666666666664,56.0,36.29763790503573,,50.0,,,55.0,75.51591699921026,,,,,,No risk assessment available (entry/stop/target could not be computed).,SIDEWAYS_HIGH_VOL,30.0,
2026-09-10 14:52:35.093748+00:00,NEOGEN.NS,NO TRADE,False,69.94289552623994,MODERATE,UP,DEGRADED,No risk assessment available (entry/stop/target could not be computed).; Failed check: signal is directional.; Failed check: confidence sufficient.; Failed check: risk reward sufficient.; Failed check: expected value positive.; Failed check: positive edge after costs.; Failed check: stop loss logical.; Failed check: position size within limits.; Failed check: news credibility acceptable.,,1000000.0,2395.0,,68.33333333333333,62.0,70.0,,60.0,,,70.0,79.7425788290286,,,,,,No risk assessment available (entry/stop/target could not be computed).,BULL_HIGH_VOL,42.0,
2026-09-10 14:52:36.589858+00:00,NESCO.NS,NO TRADE,False,60.18240709563352,WATCH,UP,DEGRADED,No risk assessment available (entry/stop/target could not be computed).; Failed check: signal is directional.; Failed check: confidence sufficient.; Failed check: risk reward sufficient.; Failed check: expected value positive.; Failed check: positive edge after costs.; Failed check: stop loss logical.; Failed check: position size within limits.; Failed check: sufficient liquidity.; Failed check: strong technical setup.; Failed check: news credibility acceptable.,,1000000.0,1090.0,,56.666666666666664,84.0,66.89478350922468,,70.0,,,25.0,73.03650055355826,,,,,,No risk assessment available (entry/stop/target could not be computed).,SIDEWAYS_LOW_VOL,20.0,
2026-09-10 14:52:37.935599+00:00,NESTLEIND.NS,NO TRADE,False,45.04174804981467,NO TRADE,NONE,DEGRADED,No risk assessment available (entry/stop/target could not be computed).; Failed check: signal is directional.; Failed check: confidence sufficient.; Failed check: ai signals aligned.; Failed check: risk reward sufficient.; Failed check: expected value positive.; Failed check: positive edge after costs.; Failed check: stop loss logical.; Failed check: position size within limits.; Failed check: strong technical setup.; Failed check: news credibility acceptable.,,1000000.0,1380.5,,31.666666666666668,70.0,42.22810607294676,,40.0,,,40.0,69.90417087677497,,,,,,No risk assessment available (entry/stop/target could not be computed).,SIDEWAYS_LOW_VOL,20.0,
2026-09-10 14:52:40.442588+00:00,NETWORK18.NS,NO TRADE,False,46.57322015569098,NO TRADE,NONE,DEGRADED,No risk assessment available (entry/stop/target could not be computed).; Failed check: signal is directional.; Failed check: confidence sufficient.; Failed check: risk reward sufficient.; Failed check: expected value positive.; Failed check: positive edge after costs.; Failed check: stop loss logical.; Failed check: position size within limits.; Failed check: strong technical setup.; Failed check: news credibility acceptable.,,1000000.0,26.829999923706055,,35.0,64.0,42.26117810454557,,40.0,,,40.0,77.27166569234994,,,,,,No risk assessment available (entry/stop/target could not be computed).,BEAR_HIGH_VOL,30.0,
2026-09-10 14:52:41.808016+00:00,NEULANDLAB.NS,NO TRADE,False,55.25420093741127,NO TRADE,UP,DEGRADED,No risk assessment available (entry/stop/target could not be computed).; Failed check: signal is directional.; Failed check: confidence sufficient.; Failed check: risk reward sufficient.; Failed check: expected value positive.; Failed check: positive edge after costs.; Failed check: stop loss logical.; Failed check: position size within limits.; Failed check: sufficient liquidity.; Failed check: strong technical setup.; Failed check: news credibility acceptable.,,1000000.0,23800.0,,51.666666666666664,66.0,62.40100732736417,,50.0,,,25.0,75.04091632489155,,,,,,No risk assessment available (entry/stop/target could not be computed).,BULL_LOW_VOL,20.0,
2026-09-10 14:52:43.189592+00:00,NEWGEN.NS,NO TRADE,False,53.88400748375733,NO TRADE,UP,DEGRADED,No risk assessment available (entry/stop/target could not be computed).; Failed check: signal is directional.; Failed check: confidence sufficient.; Failed check: ai signals aligned.; Failed check: risk reward sufficient.; Failed check: expected value positive.; Failed check: positive edge after costs.; Failed check: stop loss logical.; Failed check: position size within limits.; Failed check: strong technical setup.; Failed check: news credibility acceptable.,,1000000.0,507.8500061035156,,35.0,90.0,44.569230712950244,,40.0,,,55.0,79.7528536659797,,,,,,No risk assessment available (entry/stop/target could not be computed).,BULL_HIGH_VOL,20.0,
2026-09-10 14:52:44.783737+00:00,NFL.NS,NO TRADE,False,47.869714596562964,NO TRADE,UP,DEGRADED,No risk assessment available (entry/stop/target could not be computed).; Failed check: signal is directional.; Failed check: confidence sufficient.; Failed check: ai signals aligned.; Failed check: risk reward sufficient.; Failed check: expected value positive.; Failed check: positive edge after costs.; Failed check: stop loss logical.; Failed check: position size within limits.; Failed check: strong technical setup.; Failed check: news credibility acceptable.,,1000000.0,69.44999694824219,,35.0,72.0,49.406646352726554,,40.0,,,40.0,68.00697836596561,,,,,,No risk assessment available (entry/stop/target could not be computed).,BEAR_LOW_VOL,42.0,
2026-09-10 14:52:46.177156+00:00,NH.NS,NO TRADE,False,60.874219970657236,WATCH,UP,DEGRADED,No risk assessment available (entry/stop/target could not be computed).; Failed check: signal is directional.; Failed check: confidence sufficient.; Failed check: risk reward sufficient.; Failed check: expected value positive.; Failed check: positive edge after costs.; Failed check: stop loss logical.; Failed check: position size within limits.; Failed check: strong technical setup.; Failed check: news credibility acceptable.,,1000000.0,1902.9000244140625,,56.666666666666664,60.0,65.88687041004954,,70.0,,,55.0,70.5538548365469,,,,,,No risk assessment available (entry/stop/target could not be computed).,SIDEWAYS_LOW_VOL,42.0,
2026-09-10 14:52:47.611956+00:00,NHPC.NS,NO TRADE,False,59.47256599914465,WATCH,UP,DEGRADED,No risk assessment available (entry/stop/target could not be computed).; Failed check: signal is directional.; Failed check: confidence sufficient.; Failed check: risk reward sufficient.; Failed check: expected value positive.; Failed check: positive edge after costs.; Failed check: stop loss logical.; Failed check: position size within limits.; Failed check: strong technical setup.; Failed check: news credibility acceptable.,,1000000.0,76.3499984741211,,56.666666666666664,68.0,55.86004329389247,,70.0,,,55.0,68.56128116339806,,,,,,No risk assessment available (entry/stop/target could not be computed).,BEAR_LOW_VOL,42.0,
2026-09-10 14:52:50.079615+00:00,NIACL.NS,NO TRADE,False,69.09267909833522,MODERATE,UP,DEGRADED,No risk assessment available (entry/stop/target could not be computed).; Failed check: signal is directional.; Failed check: confidence sufficient.; Failed check: risk reward sufficient.; Failed check: expected value positive.; Failed check: positive edge after costs.; Failed check: stop loss logical.; Failed check: position size within limits.; Failed check: news credibility acceptable.,,1000000.0,197.13999938964844,,71.66666666666667,54.0,70.0,,70.0,,,70.0,70.63108437133879,,,,,,No risk assessment available (entry/stop/target could not be computed).,BULL_HIGH_VOL,30.0,
2026-09-10 14:52:51.342033+00:00,NIITLTD.NS,NO TRADE,False,56.393985062851044,NO TRADE,UP,DEGRADED,No risk assessment available (entry/stop/target could not be computed).; Failed check: signal is directional.; Failed check: confidence sufficient.; Failed check: risk reward sufficient.; Failed check: expected value positive.; Failed check: positive edge after costs.; Failed check: stop loss logical.; Failed check: position size within limits.; Failed check: strong technical setup.; Failed check: news credibility acceptable.,,1000000.0,93.88999938964844,,43.333333333333336,74.0,54.234474748287134,,40.0,,,55.0,78.59978850669884,,,,,,No risk assessment available (entry/stop/target could not be computed).,BEAR_HIGH_VOL,20.0,
2026-09-10 14:52:52.714517+00:00,NILKAMAL.NS,NO TRADE,False,70.77859979225724,MODERATE,UP,DEGRADED,Failed check: news credibility acceptable.,,1000000.0,2077.39990234375,479,61.666666666666664,84.0,70.0,,50.0,,,70.0,79.54107998958423,,3.1250000000000013,7543.14449051207,423.789580078125,60,Failed check: news credibility acceptable.,BULL_HIGH_VOL,10.0,
2026-09-10 14:52:54.015693+00:00,NIPPOBATRY.NS,NO TRADE,False,45.11325619481889,NO TRADE,DOWN,DEGRADED,No risk assessment available (entry/stop/target could not be computed).; Failed check: signal is directional.; Failed check: confidence sufficient.; Failed check: risk reward sufficient.; Failed check: expected value positive.; Failed check: positive edge after costs.; Failed check: stop loss logical.; Failed check: position size within limits.; Failed check: sufficient liquidity.; Failed check: strong technical setup.; Failed check: news credibility acceptable.,,1000000.0,322.45001220703125,,35.0,,55.355594681668286,,40.0,,,25.0,75.14614514641089,,,,,,No risk assessment available (entry/stop/target could not be computed).,BEAR_LOW_VOL,,
2026-09-10 14:52:56.317735+00:00,NITCO.NS,NO TRADE,False,60.57462150275923,WATCH,NONE,DEGRADED,No risk assessment available (entry/stop/target could not be computed).; Failed check: signal is directional.; Failed check: confidence sufficient.; Failed check: risk reward sufficient.; Failed check: expected value positive.; Failed check: positive edge after costs.; Failed check: stop loss logical.; Failed check: position size within limits.; Failed check: strong technical setup.; Failed check: news credibility acceptable.,,1000000.0,94.55000305175781,,56.666666666666664,45.0,64.62773860289637,,70.0,,,55.0,79.9169151468309,,,,,,No risk assessment available (entry/stop/target could not be computed).,BEAR_HIGH_VOL,30.0,
2026-09-10 14:52:57.648724+00:00,NLCINDIA.NS,NO TRADE,False,53.575124292632445,NO TRADE,UP,DEGRADED,No risk assessment available (entry/stop/target could not be computed).; Failed check: signal is directional.; Failed check: confidence sufficient.; Failed check: risk reward sufficient.; Failed check: expected value positive.; Failed check: positive edge after costs.; Failed check: stop loss logical.; Failed check: position size within limits.; Failed check: strong technical setup.; Failed check: news credibility acceptable.,,1000000.0,270.20001220703125,,48.333333333333336,64.0,53.65939818827123,,60.0,,,40.0,72.65408648345093,,,,,,No risk assessment available (entry/stop/target could not be computed).,BEAR_LOW_VOL,30.0,
2026-09-10 14:52:59.180942+00:00,NMDC.NS,NO TRADE,False,57.240502935718055,NO TRADE,UP,DEGRADED,No risk assessment available (entry/stop/target could not be computed).; Failed check: signal is directional.; Failed check: confidence sufficient.; Failed check: risk reward sufficient.; Failed check: expected value positive.; Failed check: positive edge after costs.; Failed check: stop loss logical.; Failed check: position size within limits.; Failed check: strong technical setup.; Failed check: news credibility acceptable.,,1000000.0,84.5999984741211,,46.666666666666664,74.0,57.76440674026653,,50.0,,,55.0,70.84349232052165,,,,,,No risk assessment available (entry/stop/target could not be computed).,SIDEWAYS_LOW_VOL,20.0,
2026-09-10 14:53:00.564820+00:00,NOCIL.NS,NO TRADE,False,68.79586580801784,WATCH,UP,DEGRADED,No risk assessment available (entry/stop/target could not be computed).; Failed check: signal is directional.; Failed check: confidence sufficient.; Failed check: risk reward sufficient.; Failed check: expected value positive.; Failed check: positive edge after costs.; Failed check: stop loss logical.; Failed check: position size within limits.; Failed check: news credibility acceptable.,,1000000.0,194.00999450683594,,60.0,82.0,70.0,,45.0,,,70.0,76.42068709329156,,,,,,No risk assessment available (entry/stop/target could not be computed).,BULL_LOW_VOL,20.0,
2026-09-10 14:53:02.042397+00:00,NORBTEAEXP.NS,NO TRADE,False,0.0,NO TRADE,NONE,INVALID,"Data quality gate failed for NORBTEAEXP.NS: status=INVALID, score=0.60 (min required 0.70). [CRITICAL] invalid_ohlc: 1 bar(s) with an invalid OHLC relationship (e.g. High < Low, non-positive price) or NaN price.; [WARNING] zero_volume: 5 bar(s) (1.0%) with volume below 1.; [INFO] holiday_mismatch: 1 bar(s) fall on a date the configured calendar marks as a non-trading day. Not scored as an error: this system's built-in NSE holiday list only covers fixed-date national holidays (see data/market_calendar.py) and is deliberately incomplete for variable-date holidays -- this may just mean the calendar doesn't know about a legitimate special session or holiday.; Forced NO TRADE: this system never trades on data it cannot vouch for, regardless of what any other signal would have said.",,1000000.0,64.13999938964844,,,,,,40.0,,,,,,,,,,"Data quality gate failed for NORBTEAEXP.NS: status=INVALID, score=0.60 (min required 0.70). [CRITICAL] invalid_ohlc: 1 bar(s) with an invalid OHLC relationship (e.g. High < Low, non-positive price) or NaN price.; [WARNING] zero_volume: 5 bar(s) (1.0%) with volume below 1.; [INFO] holiday_mismatch: 1 bar(s) fall on a date the configured calendar marks as a non-trading day. Not scored as an error: this system's built-in NSE holiday list only covers fixed-date national holidays (see data/market_calendar.py) and is deliberately incomplete for variable-date holidays -- this may just mean the calendar doesn't know about a legitimate special session or holiday.",BEAR_HIGH_VOL,,
2026-09-10 14:53:03.421402+00:00,NOVARTIND.NS,NO TRADE,False,0.0,NO TRADE,NONE,DEGRADED,No risk assessment available (entry/stop/target could not be computed).; Failed check: signal is directional.; Failed check: confidence sufficient.; Failed check: ai signals aligned.; Failed check: risk reward sufficient.; Failed check: expected value positive.; Failed check: positive edge after costs.; Failed check: stop loss logical.; Failed check: position size within limits.; Failed check: strong technical setup.; Failed check: news credibility acceptable.,,1000000.0,2428.199951171875,,,,,,45.0,,,,,,,,,,No risk assessment available (entry/stop/target could not be computed).,BULL_HIGH_VOL,,
2026-09-10 14:53:04.620879+00:00,NRAIL.NS,NO TRADE,False,68.2679223006948,WATCH,UP,DEGRADED,No risk assessment available (entry/stop/target could not be computed).; Failed check: signal is directional.; Failed check: confidence sufficient.; Failed check: risk reward sufficient.; Failed check: expected value positive.; Failed check: positive edge after costs.; Failed check: stop loss logical.; Failed check: position size within limits.; Failed check: sufficient liquidity.; Failed check: news credibility acceptable.,,1000000.0,595.2999877929688,,71.66666666666667,82.0,70.0,,70.0,,,40.0,74.41446953968203,,,,,,No risk assessment available (entry/stop/target could not be computed).,BULL_HIGH_VOL,42.0,
2026-09-10 14:53:05.904546+00:00,NRBBEARING.NS,NO TRADE,False,72.22474021125176,MODERATE,UP,DEGRADED,Failed check: news credibility acceptable.,,1000000.0,516.25,1930,68.33333333333333,82.0,70.0,,60.0,,,70.0,78.42022620142069,,3.1249999999999987,7503.560988954745,447.58875,255,Failed check: news credibility acceptable.,BULL_HIGH_VOL,20.0,
2026-09-10 14:53:07.246806+00:00,NSIL.NS,NO TRADE,False,51.90742697837402,NO TRADE,UP,DEGRADED,No risk assessment available (entry/stop/target could not be computed).; Failed check: signal is directional.; Failed check: confidence sufficient.; Failed check: risk reward sufficient.; Failed check: expected value positive.; Failed check: positive edge after costs.; Failed check: stop loss logical.; Failed check: position size within limits.; Failed check: sufficient liquidity.; Failed check: strong technical setup.; Failed check: news credibility acceptable.,,1000000.0,5604.0,,46.666666666666664,61.0,61.27628431700319,,50.0,,,25.0,70.29116618139682,,,,,,No risk assessment available (entry/stop/target could not be computed).,SIDEWAYS_LOW_VOL,20.0,
2026-09-10 14:53:07.544718+00:00,NTL.NS,NO TRADE,False,0.0,NO TRADE,NONE,INVALID,"Data Quality [NTL.NS] as of 2026-09-10T14:53:07.544599+00:00: INVALID (score=0.00, threshold=0.70)
  [CRITICAL] provider_unavailable: No data returned for NTL.NS (2y/1d)",,1000000.0,,,,,,,,,,,,,,,,,"Data Quality [NTL.NS] as of 2026-09-10T14:53:07.544599+00:00: INVALID (score=0.00, threshold=0.70)
  [CRITICAL] provider_unavailable: No data returned for NTL.NS (2y/1d)",UNKNOWN,,
2026-09-10 14:53:10.324863+00:00,NTPC.NS,NO TRADE,False,57.9815586456121,NO TRADE,UP,DEGRADED,No risk assessment available (entry/stop/target could not be computed).; Failed check: signal is directional.; Failed check: confidence sufficient.; Failed check: risk reward sufficient.; Failed check: expected value positive.; Failed check: positive edge after costs.; Failed check: stop loss logical.; Failed check: position size within limits.; Failed check: strong technical setup.; Failed check: news credibility acceptable.,,1000000.0,335.0,,56.666666666666664,61.0,54.34930386061099,,70.0,,,55.0,67.34052299658569,,,,,,No risk assessment available (entry/stop/target could not be computed).,BEAR_LOW_VOL,42.0,
2026-09-10 14:53:11.780201+00:00,NUCLEUS.NS,NO TRADE,False,42.68200564002932,NO TRADE,NONE,DEGRADED,No risk assessment available (entry/stop/target could not be computed).; Failed check: signal is directional.; Failed check: confidence sufficient.; Failed check: risk reward sufficient.; Failed check: expected value positive.; Failed check: positive edge after costs.; Failed check: stop loss logical.; Failed check: position size within limits.; Failed check: sufficient liquidity.; Failed check: strong technical setup.; Failed check: news credibility acceptable.,,1000000.0,701.0499877929688,,31.666666666666668,64.0,52.89594900636079,,40.0,,,10.0,72.13439725602511,,,,,,No risk assessment available (entry/stop/target could not be computed).,BEAR_LOW_VOL,35.0,
2026-09-10 14:53:12.127332+00:00,NXTDIGITAL.NS,NO TRADE,False,0.0,NO TRADE,NONE,INVALID,"Data Quality [NXTDIGITAL.NS] as of 2026-09-10T14:53:12.127240+00:00: INVALID (score=0.00, threshold=0.70)
  [CRITICAL] provider_unavailable: No data returned for NXTDIGITAL.NS (2y/1d)",,1000000.0,,,,,,,,,,,,,,,,,"Data Quality [NXTDIGITAL.NS] as of 2026-09-10T14:53:12.127240+00:00: INVALID (score=0.00, threshold=0.70)
  [CRITICAL] provider_unavailable: No data returned for NXTDIGITAL.NS (2y/1d)",UNKNOWN,,
2026-09-10 14:53:13.374734+00:00,OAL.NS,NO TRADE,False,68.38845130435458,WATCH,UP,DEGRADED,No risk assessment available (entry/stop/target could not be computed).; Failed check: signal is directional.; Failed check: confidence sufficient.; Failed check: risk reward sufficient.; Failed check: expected value positive.; Failed check: positive edge after costs.; Failed check: stop loss logical.; Failed check: position size within limits.; Failed check: news credibility acceptable.,,1000000.0,524.9500122070312,,63.333333333333336,74.0,70.0,,45.0,,,70.0,72.46846533836289,,,,,,No risk assessment available (entry/stop/target could not be computed).,BULL_HIGH_VOL,30.0,
2026-09-10 14:53:14.601531+00:00,OBEROIRLTY.NS,NO TRADE,False,56.15021313661061,NO TRADE,UP,DEGRADED,No risk assessment available (entry/stop/target could not be computed).; Failed check: signal is directional.; Failed check: confidence sufficient.; Failed check: ai signals aligned.; Failed check: risk reward sufficient.; Failed check: expected value positive.; Failed check: positive edge after costs.; Failed check: stop loss logical.; Failed check: position size within limits.; Failed check: strong technical setup.; Failed check: news credibility acceptable.,,1000000.0,1792.0,,40.0,94.0,51.439992790570834,,40.0,,,55.0,71.35927425376588,,,,,,No risk assessment available (entry/stop/target could not be computed).,SIDEWAYS_LOW_VOL,20.0,
2026-09-10 14:53:14.887887+00:00,OCCL.NS,NO TRADE,False,0.0,NO TRADE,NONE,INVALID,"Data Quality [OCCL.NS] as of 2026-09-10T14:53:14.887791+00:00: INVALID (score=0.00, threshold=0.70)
  [CRITICAL] provider_unavailable: No data returned for OCCL.NS (2y/1d)",,1000000.0,,,,,,,,,,,,,,,,,"Data Quality [OCCL.NS] as of 2026-09-10T14:53:14.887791+00:00: INVALID (score=0.00, threshold=0.70)
  [CRITICAL] provider_unavailable: No data returned for OCCL.NS (2y/1d)",UNKNOWN,,
2026-09-10 14:53:16.323708+00:00,OFSS.NS,NO TRADE,False,60.33720467470424,WATCH,UP,DEGRADED,No risk assessment available (entry/stop/target could not be computed).; Failed check: signal is directional.; Failed check: confidence sufficient.; Failed check: ai signals aligned.; Failed check: risk reward sufficient.; Failed check: expected value positive.; Failed check: positive edge after costs.; Failed check: stop loss logical.; Failed check: position size within limits.; Failed check: strong technical setup.; Failed check: news credibility acceptable.,,1000000.0,11725.0,,46.666666666666664,90.0,55.54885030076295,,50.0,,,55.0,73.15572191479434,,,,,,No risk assessment available (entry/stop/target could not be computed).,BULL_LOW_VOL,10.0,
2026-09-10 14:53:17.988569+00:00,OIL.NS,NO TRADE,False,72.58743454044759,MODERATE,UP,DEGRADED,Failed check: news credibility acceptable.,,1000000.0,500.29998779296875,1992,68.33333333333333,94.0,70.0,,60.0,,,70.0,71.99433531541973,,3.1249999999999942,7287.375849459604,668.5008436889649,393,Failed check: news credibility acceptable.,BULL_LOW_VOL,30.0,
2026-09-10 14:53:19.392057+00:00,OLECTRA.NS,NO TRADE,False,41.21504804862674,NO TRADE,DOWN,DEGRADED,No risk assessment available (entry/stop/target could not be computed).; Failed check: signal is directional.; Failed check: confidence sufficient.; Failed check: ai signals aligned.; Failed check: risk reward sufficient.; Failed check: expected value positive.; Failed check: positive edge after costs.; Failed check: stop loss logical.; Failed check: position size within limits.; Failed check: strong technical setup.; Failed check: market conditions acceptable.; Failed check: news credibility acceptable.,,1000000.0,1206.699951171875,,26.666666666666668,63.0,30.480283154575602,,25.0,,,40.0,75.1016196252262,,,,,,No risk assessment available (entry/stop/target could not be computed).,BEAR_LOW_VOL,20.0,
2026-09-10 14:53:20.691203+00:00,OMAXAUTO.NS,NO TRADE,False,43.75341085383537,NO TRADE,UP,DEGRADED,No risk assessment available (entry/stop/target could not be computed).; Failed check: signal is directional.; Failed check: confidence sufficient.; Failed check: ai signals aligned.; Failed check: risk reward sufficient.; Failed check: expected value positive.; Failed check: positive edge after costs.; Failed check: stop loss logical.; Failed check: position size within limits.; Failed check: sufficient liquidity.; Failed check: strong technical setup.; Failed check: market conditions acceptable.; Failed check: news credibility acceptable.,,1000000.0,176.44000244140625,,38.333333333333336,90.0,30.636254358113213,,40.0,,,10.0,72.60533197208119,,,,,,No risk assessment available (entry/stop/target could not be computed).,BEAR_HIGH_VOL,20.0,
2026-09-10 14:53:23.086092+00:00,OMAXE.NS,NO TRADE,False,68.33393940778153,WATCH,UP,DEGRADED,No risk assessment available (entry/stop/target could not be computed).; Failed check: signal is directional.; Failed check: confidence sufficient.; Failed check: risk reward sufficient.; Failed check: expected value positive.; Failed check: positive edge after costs.; Failed check: stop loss logical.; Failed check: position size within limits.; Failed check: news credibility acceptable.,,1000000.0,122.41999816894531,,71.66666666666667,52.0,70.0,,70.0,,,70.0,64.29690704143137,,,,,,No risk assessment available (entry/stop/target could not be computed).,BULL_HIGH_VOL,30.0,
2026-09-10 14:53:23.393220+00:00,OMMETALS.NS,NO TRADE,False,0.0,NO TRADE,NONE,INVALID,"Data Quality [OMMETALS.NS] as of 2026-09-10T14:53:23.393125+00:00: INVALID (score=0.00, threshold=0.70)
  [CRITICAL] provider_unavailable: No data returned for OMMETALS.NS (2y/1d)",,1000000.0,,,,,,,,,,,,,,,,,"Data Quality [OMMETALS.NS] as of 2026-09-10T14:53:23.393125+00:00: INVALID (score=0.00, threshold=0.70)
  [CRITICAL] provider_unavailable: No data returned for OMMETALS.NS (2y/1d)",UNKNOWN,,
2026-09-10 14:53:25.033317+00:00,ONGC.NS,NO TRADE,False,62.3477286068324,WATCH,UP,DEGRADED,No risk assessment available (entry/stop/target could not be computed).; Failed check: signal is directional.; Failed check: confidence sufficient.; Failed check: risk reward sufficient.; Failed check: expected value positive.; Failed check: positive edge after costs.; Failed check: stop loss logical.; Failed check: position size within limits.; Failed check: strong technical setup.; Failed check: news credibility acceptable.,,1000000.0,237.27000427246094,,56.666666666666664,90.0,58.02652973766198,,70.0,,,55.0,67.58234329799066,,,,,,No risk assessment available (entry/stop/target could not be computed).,SIDEWAYS_LOW_VOL,20.0,
2026-09-10 14:53:26.332431+00:00,ONMOBILE.NS,NO TRADE,False,36.71519914283028,NO TRADE,DOWN,DEGRADED,No risk assessment available (entry/stop/target could not be computed).; Failed check: signal is directional.; Failed check: confidence sufficient.; Failed check: risk reward sufficient.; Failed check: expected value positive.; Failed check: positive edge after costs.; Failed check: stop loss logical.; Failed check: position size within limits.; Failed check: sufficient liquidity.; Failed check: strong technical setup.; Failed check: market conditions acceptable.; Failed check: news credibility acceptable.,,1000000.0,46.9900016784668,,33.333333333333336,49.0,30.0,,25.0,,,10.0,74.52025393844237,,,,,,No risk assessment available (entry/stop/target could not be computed).,BEAR_LOW_VOL,20.0,
2026-09-10 14:53:27.671394+00:00,ONWARDTEC.NS,NO TRADE,False,58.513856116042234,NO TRADE,UP,DEGRADED,No risk assessment available (entry/stop/target could not be computed).; Failed check: signal is directional.; Failed check: confidence sufficient.; Failed check: risk reward sufficient.; Failed check: expected value positive.; Failed check: positive edge after costs.; Failed check: stop loss logical.; Failed check: position size within limits.; Failed check: sufficient liquidity.; Failed check: news credibility acceptable.,,1000000.0,288.6499938964844,,60.0,75.0,58.16034812977004,,70.0,,,25.0,75.8606111759277,,,,,,No risk assessment available (entry/stop/target could not be computed).,SIDEWAYS_LOW_VOL,20.0,
2026-09-10 14:53:28.837717+00:00,ORBTEXP.NS,NO TRADE,False,54.70514152165598,NO TRADE,UP,DEGRADED,No risk assessment available (entry/stop/target could not be computed).; Failed check: signal is directional.; Failed check: confidence sufficient.; Failed check: ai signals aligned.; Failed check: risk reward sufficient.; Failed check: expected value positive.; Failed check: positive edge after costs.; Failed check: stop loss logical.; Failed check: position size within limits.; Failed check: sufficient liquidity.; Failed check: strong technical setup.; Failed check: news credibility acceptable.,,1000000.0,237.0,,46.666666666666664,94.0,48.465762791727855,,50.0,,,25.0,79.11938852596874,,,,,,No risk assessment available (entry/stop/target could not be computed).,BULL_HIGH_VOL,20.0,
2026-09-10 14:53:29.154061+00:00,ORIENTABRA.NS,NO TRADE,False,0.0,NO TRADE,NONE,INVALID,"Data Quality [ORIENTABRA.NS] as of 2026-09-10T14:53:29.153971+00:00: INVALID (score=0.00, threshold=0.70)
  [CRITICAL] provider_unavailable: No data returned for ORIENTABRA.NS (2y/1d)",,1000000.0,,,,,,,,,,,,,,,,,"Data Quality [ORIENTABRA.NS] as of 2026-09-10T14:53:29.153971+00:00: INVALID (score=0.00, threshold=0.70)
  [CRITICAL] provider_unavailable: No data returned for ORIENTABRA.NS (2y/1d)",UNKNOWN,,
2026-09-10 14:53:30.731406+00:00,ORIENTALTL.NS,NO TRADE,False,58.477942930079536,NO TRADE,UP,DEGRADED,No risk assessment available (entry/stop/target could not be computed).; Failed check: signal is directional.; Failed check: confidence sufficient.; Failed check: risk reward sufficient.; Failed check: expected value positive.; Failed check: positive edge after costs.; Failed check: stop loss logical.; Failed check: position size within limits.; Failed check: sufficient liquidity.; Failed check: strong technical setup.; Failed check: news credibility acceptable.,,1000000.0,5.090000152587891,,56.666666666666664,90.0,55.73102766216602,,70.0,,,25.0,74.6164862614655,,,,,,No risk assessment available (entry/stop/target could not be computed).,BEAR_LOW_VOL,20.0,
2026-09-10 14:53:32.055717+00:00,ORIENTBELL.NS,NO TRADE,False,66.56433858838102,WATCH,UP,DEGRADED,No risk assessment available (entry/stop/target could not be computed).; Failed check: signal is directional.; Failed check: confidence sufficient.; Failed check: risk reward sufficient.; Failed check: expected value positive.; Failed check: positive edge after costs.; Failed check: stop loss logical.; Failed check: position size within limits.; Failed check: sufficient liquidity.; Failed check: news credibility acceptable.,,1000000.0,412.0,,68.33333333333333,72.0,70.0,,60.0,,,40.0,79.2303849242027,,,,,,No risk assessment available (entry/stop/target could not be computed).,BULL_HIGH_VOL,20.0,
2026-09-10 14:53:33.444652+00:00,ORIENTCEM.NS,NO TRADE,False,45.306134663157835,NO TRADE,DOWN,DEGRADED,No risk assessment available (entry/stop/target could not be computed).; Failed check: signal is directional.; Failed check: confidence sufficient.; Failed check: risk reward sufficient.; Failed check: expected value positive.; Failed check: positive edge after costs.; Failed check: stop loss logical.; Failed check: position size within limits.; Failed check: strong technical setup.; Failed check: news credibility acceptable.,,1000000.0,126.05999755859375,,31.666666666666668,60.0,47.49794114788457,,40.0,,,40.0,70.7902387219235,,,,,,No risk assessment available (entry/stop/target could not be computed).,BEAR_LOW_VOL,35.0,
2026-09-10 14:53:35.832344+00:00,ORIENTELEC.NS,NO TRADE,False,53.106045184958454,NO TRADE,UP,DEGRADED,No risk assessment available (entry/stop/target could not be computed).; Failed check: signal is directional.; Failed check: confidence sufficient.; Failed check: risk reward sufficient.; Failed check: expected value positive.; Failed check: positive edge after costs.; Failed check: stop loss logical.; Failed check: position size within limits.; Failed check: strong technical setup.; Failed check: market conditions acceptable.; Failed check: news credibility acceptable.,,1000000.0,174.27999877929688,,43.333333333333336,78.0,39.81005303378997,,40.0,,,55.0,74.54152074067095,,,,,,No risk assessment available (entry/stop/target could not be computed).,SIDEWAYS_LOW_VOL,20.0,
2026-09-10 14:53:37.199348+00:00,ORIENTHOT.NS,NO TRADE,False,65.43338531265799,WATCH,UP,DEGRADED,No risk assessment available (entry/stop/target could not be computed).; Failed check: signal is directional.; Failed check: confidence sufficient.; Failed check: risk reward sufficient.; Failed check: expected value positive.; Failed check: positive edge after costs.; Failed check: stop loss logical.; Failed check: position size within limits.; Failed check: strong technical setup.; Failed check: news credibility acceptable.,,1000000.0,139.80999755859375,,58.333333333333336,61.0,70.0,,50.0,,,70.0,75.58854954306065,,,,,,No risk assessment available (entry/stop/target could not be computed).,SIDEWAYS_HIGH_VOL,20.0,
2026-09-10 14:53:38.580928+00:00,ORIENTLTD.NS,NO TRADE,False,53.00644971191558,NO TRADE,DOWN,DEGRADED,No risk assessment available (entry/stop/target could not be computed).; Failed check: signal is directional.; Failed check: confidence sufficient.; Failed check: risk reward sufficient.; Failed check: expected value positive.; Failed check: positive edge after costs.; Failed check: stop loss logical.; Failed check: position size within limits.; Failed check: sufficient liquidity.; Failed check: strong technical setup.; Failed check: news credibility acceptable.,,1000000.0,81.7300033569336,,45.0,49.0,70.0,,50.0,,,25.0,78.11389168909167,,,,,,No risk assessment available (entry/stop/target could not be computed).,BULL_LOW_VOL,30.0,
2026-09-10 14:53:39.853898+00:00,ORIENTPPR.NS,NO TRADE,False,62.24325635606156,WATCH,UP,DEGRADED,No risk assessment available (entry/stop/target could not be computed).; Failed check: signal is directional.; Failed check: confidence sufficient.; Failed check: risk reward sufficient.; Failed check: expected value positive.; Failed check: positive edge after costs.; Failed check: stop loss logical.; Failed check: position size within limits.; Failed check: strong technical setup.; Failed check: news credibility acceptable.,,1000000.0,18.059999465942383,,56.666666666666664,49.0,70.0,,70.0,,,55.0,79.81075837498248,,,,,,No risk assessment available (entry/stop/target could not be computed).,BULL_HIGH_VOL,20.0,
2026-09-10 14:53:40.272325+00:00,ORIENTREF.NS,NO TRADE,False,0.0,NO TRADE,NONE,INVALID,"Data Quality [ORIENTREF.NS] as of 2026-09-10T14:53:40.272222+00:00: INVALID (score=0.00, threshold=0.70)
  [CRITICAL] provider_unavailable: No data returned for ORIENTREF.NS (2y/1d)",,1000000.0,,,,,,,,,,,,,,,,,"Data Quality [ORIENTREF.NS] as of 2026-09-10T14:53:40.272222+00:00: INVALID (score=0.00, threshold=0.70)
  [CRITICAL] provider_unavailable: No data returned for ORIENTREF.NS (2y/1d)",UNKNOWN,,
2026-09-10 14:53:41.649005+00:00,ORISSAMINE.NS,NO TRADE,False,43.114196512473384,NO TRADE,DOWN,DEGRADED,No risk assessment available (entry/stop/target could not be computed).; Failed check: signal is directional.; Failed check: confidence sufficient.; Failed check: risk reward sufficient.; Failed check: expected value positive.; Failed check: positive edge after costs.; Failed check: stop loss logical.; Failed check: position size within limits.; Failed check: sufficient liquidity.; Failed check: strong technical setup.; Failed check: market conditions acceptable.; Failed check: news credibility acceptable.,,1000000.0,4074.5,,43.333333333333336,46.0,30.0,,40.0,,,25.0,78.01896635248374,,,,,,No risk assessment available (entry/stop/target could not be computed).,SIDEWAYS_LOW_VOL,65.0,
2026-09-10 14:53:43.049190+00:00,OSWALAGRO.NS,NO TRADE,False,35.25156839032588,NO TRADE,DOWN,DEGRADED,No risk assessment available (entry/stop/target could not be computed).; Failed check: signal is directional.; Failed check: confidence sufficient.; Failed check: risk reward sufficient.; Failed check: expected value positive.; Failed check: positive edge after costs.; Failed check: stop loss logical.; Failed check: position size within limits.; Failed check: sufficient liquidity.; Failed check: strong technical setup.; Failed check: market conditions acceptable.; Failed check: news credibility acceptable.,,1000000.0,34.34000015258789,,23.333333333333332,44.0,39.659042687673264,,25.0,,,10.0,78.36649351404246,,,,,,No risk assessment available (entry/stop/target could not be computed).,BEAR_LOW_VOL,45.0,
2026-09-10 14:53:44.237046+00:00,PAGEIND.NS,NO TRADE,False,47.366765962782566,NO TRADE,NONE,DEGRADED,No risk assessment available (entry/stop/target could not be computed).; Failed check: signal is directional.; Failed check: confidence sufficient.; Failed check: risk reward sufficient.; Failed check: expected value positive.; Failed check: positive edge after costs.; Failed check: stop loss logical.; Failed check: position size within limits.; Failed check: sufficient liquidity.; Failed check: strong technical setup.; Failed check: news credibility acceptable.,,1000000.0,35750.0,,48.333333333333336,53.0,51.84830346045091,,60.0,,,10.0,71.06065552918923,,,,,,No risk assessment available (entry/stop/target could not be computed).,BEAR_LOW_VOL,20.0,
2026-09-10 14:53:45.676077+00:00,PAISALO.NS,NO TRADE,False,58.912807375561094,NO TRADE,UP,DEGRADED,No risk assessment available (entry/stop/target could not be computed).; Failed check: signal is directional.; Failed check: confidence sufficient.; Failed check: risk reward sufficient.; Failed check: expected value positive.; Failed check: positive edge after costs.; Failed check: stop loss logical.; Failed check: position size within limits.; Failed check: strong technical setup.; Failed check: news credibility acceptable.,,1000000.0,82.75,,45.0,64.0,70.0,,45.0,,,55.0,76.95215930242426,,,,,,No risk assessment available (entry/stop/target could not be computed).,BULL_HIGH_VOL,55.0,
2026-09-10 14:53:47.065778+00:00,PANACEABIO.NS,NO TRADE,False,50.636425394930356,NO TRADE,DOWN,DEGRADED,No risk assessment available (entry/stop/target could not be computed).; Failed check: signal is directional.; Failed check: confidence sufficient.; Failed check: risk reward sufficient.; Failed check: expected value positive.; Failed check: positive edge after costs.; Failed check: stop loss logical.; Failed check: position size within limits.; Failed check: strong technical setup.; Failed check: news credibility acceptable.,,1000000.0,388.6499938964844,,41.666666666666664,,53.355548778479964,,60.0,,,40.0,79.6185625351955,,,,,,No risk assessment available (entry/stop/target could not be computed).,BEAR_LOW_VOL,,
2026-09-10 14:53:49.396782+00:00,PANACHE.NS,NO TRADE,False,0.0,NO TRADE,NONE,INVALID,"Data quality gate failed for PANACHE.NS: status=INVALID, score=0.60 (min required 0.70). [CRITICAL] invalid_ohlc: 1 bar(s) with an invalid OHLC relationship (e.g. High < Low, non-positive price) or NaN price.; [WARNING] zero_volume: 3 bar(s) (0.6%) with volume below 1.; [INFO] holiday_mismatch: 1 bar(s) fall on a date the configured calendar marks as a non-trading day. Not scored as an error: this system's built-in NSE holiday list only covers fixed-date national holidays (see data/market_calendar.py) and is deliberately incomplete for variable-date holidays -- this may just mean the calendar doesn't know about a legitimate special session or holiday.; Forced NO TRADE: this system never trades on data it cannot vouch for, regardless of what any other signal would have said.",,1000000.0,519.0,,,,,,50.0,,,,,,,,,,"Data quality gate failed for PANACHE.NS: status=INVALID, score=0.60 (min required 0.70). [CRITICAL] invalid_ohlc: 1 bar(s) with an invalid OHLC relationship (e.g. High < Low, non-positive price) or NaN price.; [WARNING] zero_volume: 3 bar(s) (0.6%) with volume below 1.; [INFO] holiday_mismatch: 1 bar(s) fall on a date the configured calendar marks as a non-trading day. Not scored as an error: this system's built-in NSE holiday list only covers fixed-date national holidays (see data/market_calendar.py) and is deliberately incomplete for variable-date holidays -- this may just mean the calendar doesn't know about a legitimate special session or holiday.",BULL_LOW_VOL,,
2026-09-10 14:53:50.628908+00:00,PANAMAPET.NS,NO TRADE,False,68.0011293379419,WATCH,UP,DEGRADED,No risk assessment available (entry/stop/target could not be computed).; Failed check: signal is directional.; Failed check: confidence sufficient.; Failed check: ai signals aligned.; Failed check: risk reward sufficient.; Failed check: expected value positive.; Failed check: positive edge after costs.; Failed check: stop loss logical.; Failed check: position size within limits.; Failed check: strong technical setup.; Failed check: news credibility acceptable.,,1000000.0,491.6499938964844,,58.333333333333336,94.0,61.0409932522569,,50.0,,,70.0,78.19677916092557,,,,,,No risk assessment available (entry/stop/target could not be computed).,BULL_LOW_VOL,20.0,
2026-09-10 14:53:51.848122+00:00,PARACABLES.NS,NO TRADE,False,61.556389342832425,WATCH,UP,DEGRADED,No risk assessment available (entry/stop/target could not be computed).; Failed check: signal is directional.; Failed check: confidence sufficient.; Failed check: risk reward sufficient.; Failed check: expected value positive.; Failed check: positive edge after costs.; Failed check: stop loss logical.; Failed check: position size within limits.; Failed check: strong technical setup.; Failed check: news credibility acceptable.,,1000000.0,65.69000244140625,,56.666666666666664,72.0,58.57746001540749,,70.0,,,55.0,74.34405835053772,,,,,,No risk assessment available (entry/stop/target could not be computed).,BEAR_HIGH_VOL,20.0,
2026-09-10 14:53:53.267099+00:00,PARAGMILK.NS,NO TRADE,False,70.45022136007971,MODERATE,UP,DEGRADED,Failed check: news credibility acceptable.,,1000000.0,264.45001220703125,3768,68.33333333333333,67.0,70.0,,60.0,,,70.0,79.77951985770716,,3.125000000000003,7544.9432554241685,418.0954692993164,465,Failed check: news credibility acceptable.,BULL_HIGH_VOL,35.0,
2026-09-10 14:53:54.635026+00:00,PATELENG.NS,NO TRADE,False,47.90034323430703,NO TRADE,UP,DEGRADED,No risk assessment available (entry/stop/target could not be computed).; Failed check: signal is directional.; Failed check: confidence sufficient.; Failed check: risk reward sufficient.; Failed check: expected value positive.; Failed check: positive edge after costs.; Failed check: stop loss logical.; Failed check: position size within limits.; Failed check: strong technical setup.; Failed check: news credibility acceptable.,,1000000.0,26.899999618530273,,35.0,70.0,45.38989318559421,,40.0,,,40.0,74.3789085138707,,,,,,No risk assessment available (entry/stop/target could not be computed).,BEAR_LOW_VOL,20.0,
2026-09-10 14:53:56.053006+00:00,PATINTLOG.NS,NO TRADE,False,52.4319959251734,NO TRADE,UP,DEGRADED,No risk assessment available (entry/stop/target could not be computed).; Failed check: signal is directional.; Failed check: confidence sufficient.; Failed check: ai signals aligned.; Failed check: risk reward sufficient.; Failed check: expected value positive.; Failed check: positive edge after costs.; Failed check: stop loss logical.; Failed check: position size within limits.; Failed check: sufficient liquidity.; Failed check: strong technical setup.; Failed check: news credibility acceptable.,,1000000.0,13.109999656677246,,48.333333333333336,90.0,47.015515731701015,,60.0,,,10.0,78.09103357983439,,,,,,No risk assessment available (entry/stop/target could not be computed).,BEAR_LOW_VOL,20.0,
2026-09-10 14:53:57.408484+00:00,PCJEWELLER.NS,NO TRADE,False,71.22339739999502,MODERATE,UP,DEGRADED,Failed check: news credibility acceptable.,,1000000.0,13.779999732971191,72323,63.333333333333336,94.0,70.0,,45.0,,,70.0,73.91898819212963,,3.124999999999998,7647.508726714859,320.42082179088595,6839,Failed check: news credibility acceptable.,BULL_HIGH_VOL,20.0,
2026-09-10 14:53:58.593761+00:00,PDMJEPAPER.NS,NO TRADE,False,68.80135443532215,WATCH,UP,DEGRADED,No risk assessment available (entry/stop/target could not be computed).; Failed check: signal is directional.; Failed check: confidence sufficient.; Failed check: risk reward sufficient.; Failed check: expected value positive.; Failed check: positive edge after costs.; Failed check: stop loss logical.; Failed check: position size within limits.; Failed check: news credibility acceptable.,,1000000.0,98.7699966430664,,65.0,69.0,70.0,,70.0,,,70.0,75.1517032906621,,,,,,No risk assessment available (entry/stop/target could not be computed).,BULL_HIGH_VOL,20.0,
2026-09-10 14:53:58.951296+00:00,PDSMFL.NS,NO TRADE,False,0.0,NO TRADE,NONE,INVALID,"Data Quality [PDSMFL.NS] as of 2026-09-10T14:53:58.951201+00:00: INVALID (score=0.00, threshold=0.70)
  [CRITICAL] provider_unavailable: No data returned for PDSMFL.NS (2y/1d)",,1000000.0,,,,,,,,,,,,,,,,,"Data Quality [PDSMFL.NS] as of 2026-09-10T14:53:58.951201+00:00: INVALID (score=0.00, threshold=0.70)
  [CRITICAL] provider_unavailable: No data returned for PDSMFL.NS (2y/1d)",UNKNOWN,,
2026-09-10 14:54:00.515788+00:00,PEARLPOLY.NS,NO TRADE,False,45.314682814250524,NO TRADE,DOWN,DEGRADED,No risk assessment available (entry/stop/target could not be computed).; Failed check: signal is directional.; Failed check: confidence sufficient.; Failed check: risk reward sufficient.; Failed check: expected value positive.; Failed check: positive edge after costs.; Failed check: stop loss logical.; Failed check: position size within limits.; Failed check: sufficient liquidity.; Failed check: strong technical setup.; Failed check: news credibility acceptable.,,1000000.0,15.619999885559082,,45.0,41.0,41.92404788589148,,60.0,,,25.0,74.1944042547851,,,,,,No risk assessment available (entry/stop/target could not be computed).,BEAR_LOW_VOL,30.0,
2026-09-10 14:54:01.813821+00:00,PEL.NS,NO TRADE,False,0.0,NO TRADE,NONE,INVALID,"Data Quality [PEL.NS] as of 2026-09-10T14:54:01.813723+00:00: INVALID (score=0.00, threshold=0.70)
  [CRITICAL] provider_unavailable: No data returned for PEL.NS (2y/1d)",,1000000.0,,,,,,,,,,,,,,,,,"Data Quality [PEL.NS] as of 2026-09-10T14:54:01.813723+00:00: INVALID (score=0.00, threshold=0.70)
  [CRITICAL] provider_unavailable: No data returned for PEL.NS (2y/1d)",UNKNOWN,,
2026-09-10 14:54:03.172819+00:00,PENIND.NS,NO TRADE,False,63.723295978584275,WATCH,UP,DEGRADED,No risk assessment available (entry/stop/target could not be computed).; Failed check: signal is directional.; Failed check: confidence sufficient.; Failed check: risk reward sufficient.; Failed check: expected value positive.; Failed check: positive edge after costs.; Failed check: stop loss logical.; Failed check: position size within limits.; Failed check: strong technical setup.; Failed check: news credibility acceptable.,,1000000.0,177.33999633789062,,53.333333333333336,80.0,70.0,,60.0,,,55.0,75.46629089485975,,,,,,No risk assessment available (entry/stop/target could not be computed).,BULL_LOW_VOL,30.0,
2026-09-10 14:54:04.367719+00:00,PENINLAND.NS,NO TRADE,False,45.793290115314925,NO TRADE,DOWN,DEGRADED,No risk assessment available (entry/stop/target could not be computed).; Failed check: signal is directional.; Failed check: confidence sufficient.; Failed check: risk reward sufficient.; Failed check: expected value positive.; Failed check: positive edge after costs.; Failed check: stop loss logical.; Failed check: position size within limits.; Failed check: strong technical setup.; Failed check: news credibility acceptable.,,1000000.0,15.319999694824219,,35.0,27.0,54.96789574828591,,40.0,,,40.0,77.33050519529269,,,,,,No risk assessment available (entry/stop/target could not be computed).,SIDEWAYS_HIGH_VOL,55.0,
2026-09-10 14:54:06.006274+00:00,PERSISTENT.NS,NO TRADE,False,59.94877786620639,WATCH,UP,DEGRADED,No risk assessment available (entry/stop/target could not be computed).; Failed check: signal is directional.; Failed check: confidence sufficient.; Failed check: ai signals aligned.; Failed check: risk reward sufficient.; Failed check: expected value positive.; Failed check: positive edge after costs.; Failed check: stop loss logical.; Failed check: position size within limits.; Failed check: strong technical setup.; Failed check: news credibility acceptable.,,1000000.0,5509.5,,46.666666666666664,90.0,54.763598610769094,,50.0,,,55.0,73.79896864168765,,,,,,No risk assessment available (entry/stop/target could not be computed).,BULL_LOW_VOL,10.0,
2026-09-10 14:54:07.498587+00:00,PETRONET.NS,NO TRADE,False,59.07506262326504,WATCH,UP,DEGRADED,No risk assessment available (entry/stop/target could not be computed).; Failed check: signal is directional.; Failed check: confidence sufficient.; Failed check: risk reward sufficient.; Failed check: expected value positive.; Failed check: positive edge after costs.; Failed check: stop loss logical.; Failed check: position size within limits.; Failed check: strong technical setup.; Failed check: news credibility acceptable.,,1000000.0,288.70001220703125,,46.666666666666664,79.0,64.02161160574138,,50.0,,,55.0,69.6861207932578,,,,,,No risk assessment available (entry/stop/target could not be computed).,SIDEWAYS_LOW_VOL,20.0,
2026-09-10 14:54:08.943578+00:00,PFC.NS,NO TRADE,False,52.871335357433786,NO TRADE,NONE,DEGRADED,No risk assessment available (entry/stop/target could not be computed).; Failed check: signal is directional.; Failed check: confidence sufficient.; Failed check: risk reward sufficient.; Failed check: expected value positive.; Failed check: positive edge after costs.; Failed check: stop loss logical.; Failed check: position size within limits.; Failed check: strong technical setup.; Failed check: news credibility acceptable.,,1000000.0,352.79998779296875,,48.333333333333336,56.0,44.95004830618259,,60.0,,,55.0,70.54374660220462,,,,,,No risk assessment available (entry/stop/target could not be computed).,BEAR_LOW_VOL,55.0,
2026-09-10 14:54:10.656169+00:00,PFIZER.NS,NO TRADE,False,36.43968685103422,NO TRADE,DOWN,DEGRADED,No risk assessment available (entry/stop/target could not be computed).; Failed check: signal is directional.; Failed check: confidence sufficient.; Failed check: ai signals aligned.; Failed check: risk reward sufficient.; Failed check: expected value positive.; Failed check: positive edge after costs.; Failed check: stop loss logical.; Failed check: position size within limits.; Failed check: sufficient liquidity.; Failed check: strong technical setup.; Failed check: market conditions acceptable.; Failed check: news credibility acceptable.,,1000000.0,4095.0,,26.666666666666668,62.0,30.0,,25.0,,,10.0,73.76614499597385,,,,,,No risk assessment available (entry/stop/target could not be computed).,BEAR_LOW_VOL,20.0,
2026-09-10 14:54:12.117139+00:00,PFOCUS.NS,NO TRADE,False,68.57752992532107,WATCH,UP,DEGRADED,No risk assessment available (entry/stop/target could not be computed).; Failed check: signal is directional.; Failed check: confidence sufficient.; Failed check: risk reward sufficient.; Failed check: expected value positive.; Failed check: positive edge after costs.; Failed check: stop loss logical.; Failed check: position size within limits.; Failed check: news credibility acceptable.,,1000000.0,313.54998779296875,,71.66666666666667,38.0,70.0,,70.0,,,70.0,79.03648241773423,,,,,,No risk assessment available (entry/stop/target could not be computed).,BULL_HIGH_VOL,55.0,
2026-09-10 14:54:13.520657+00:00,PFS.NS,NO TRADE,False,51.47026533725434,NO TRADE,NONE,DEGRADED,No risk assessment available (entry/stop/target could not be computed).; Failed check: signal is directional.; Failed check: confidence sufficient.; Failed check: risk reward sufficient.; Failed check: expected value positive.; Failed check: positive edge after costs.; Failed check: stop loss logical.; Failed check: position size within limits.; Failed check: strong technical setup.; Failed check: news credibility acceptable.,,1000000.0,27.299999237060547,,41.666666666666664,56.0,49.25413167880897,,60.0,,,55.0,72.83392698038314,,,,,,No risk assessment available (entry/stop/target could not be computed).,BEAR_LOW_VOL,45.0,
2026-09-10 14:54:14.812486+00:00,PGEL.NS,NO TRADE,False,46.18401875378074,NO TRADE,UP,DEGRADED,No risk assessment available (entry/stop/target could not be computed).; Failed check: signal is directional.; Failed check: confidence sufficient.; Failed check: risk reward sufficient.; Failed check: expected value positive.; Failed check: positive edge after costs.; Failed check: stop loss logical.; Failed check: position size within limits.; Failed check: strong technical setup.; Failed check: market conditions acceptable.; Failed check: news credibility acceptable.,,1000000.0,542.0,,35.0,70.0,37.656536903578576,,40.0,,,40.0,73.56661569997993,,,,,,No risk assessment available (entry/stop/target could not be computed).,SIDEWAYS_LOW_VOL,20.0,
2026-09-10 14:54:17.389825+00:00,PGHH.NS,NO TRADE,False,36.21626470434973,NO TRADE,DOWN,DEGRADED,No risk assessment available (entry/stop/target could not be computed).; Failed check: signal is directional.; Failed check: confidence sufficient.; Failed check: risk reward sufficient.; Failed check: expected value positive.; Failed check: positive edge after costs.; Failed check: stop loss logical.; Failed check: position size within limits.; Failed check: sufficient liquidity.; Failed check: strong technical setup.; Failed check: market conditions acceptable.; Failed check: news credibility acceptable.,,1000000.0,7581.5,,33.333333333333336,,37.23470391157066,,25.0,,,10.0,68.11219902540905,,,,,,No risk assessment available (entry/stop/target could not be computed).,BEAR_LOW_VOL,,
2026-09-10 14:54:18.722782+00:00,PGHL.NS,NO TRADE,False,38.229325868868244,NO TRADE,DOWN,DEGRADED,No risk assessment available (entry/stop/target could not be computed).; Failed check: signal is directional.; Failed check: confidence sufficient.; Failed check: risk reward sufficient.; Failed check: expected value positive.; Failed check: positive edge after costs.; Failed check: stop loss logical.; Failed check: position size within limits.; Failed check: sufficient liquidity.; Failed check: strong technical setup.; Failed check: news credibility acceptable.,,1000000.0,5425.5,,30.0,53.0,40.476096942999675,,25.0,,,10.0,71.45233251337675,,,,,,No risk assessment available (entry/stop/target could not be computed).,BEAR_LOW_VOL,20.0,
2026-09-10 14:54:20.212722+00:00,PGIL.NS,NO TRADE,False,60.58686463578327,WATCH,UP,DEGRADED,No risk assessment available (entry/stop/target could not be computed).; Failed check: signal is directional.; Failed check: confidence sufficient.; Failed check: risk reward sufficient.; Failed check: expected value positive.; Failed check: positive edge after costs.; Failed check: stop loss logical.; Failed check: position size within limits.; Failed check: sufficient liquidity.; Failed check: news credibility acceptable.,,1000000.0,2384.0,,61.666666666666664,78.0,50.27193974723867,,50.0,,,40.0,79.34725301494419,,,,,,No risk assessment available (entry/stop/target could not be computed).,BULL_HIGH_VOL,30.0,
2026-09-10 14:54:20.510940+00:00,PHILIPCARB.NS,NO TRADE,False,0.0,NO TRADE,NONE,INVALID,"Data Quality [PHILIPCARB.NS] as of 2026-09-10T14:54:20.510838+00:00: INVALID (score=0.00, threshold=0.70)
  [CRITICAL] provider_unavailable: No data returned for PHILIPCARB.NS (2y/1d)",,1000000.0,,,,,,,,,,,,,,,,,"Data Quality [PHILIPCARB.NS] as of 2026-09-10T14:54:20.510838+00:00: INVALID (score=0.00, threshold=0.70)
  [CRITICAL] provider_unavailable: No data returned for PHILIPCARB.NS (2y/1d)",UNKNOWN,,
2026-09-10 14:54:21.734863+00:00,PHOENIXLTD.NS,NO TRADE,False,50.6299748376155,NO TRADE,UP,DEGRADED,No risk assessment available (entry/stop/target could not be computed).; Failed check: signal is directional.; Failed check: confidence sufficient.; Failed check: ai signals aligned.; Failed check: risk reward sufficient.; Failed check: expected value positive.; Failed check: positive edge after costs.; Failed check: stop loss logical.; Failed check: position size within limits.; Failed check: strong technical setup.; Failed check: news credibility acceptable.,,1000000.0,1890.0,,31.666666666666668,82.0,57.29048033119921,,40.0,,,40.0,70.04620738185919,,,,,,No risk assessment available (entry/stop/target could not be computed).,BEAR_LOW_VOL,20.0,
2026-09-10 14:54:23.136850+00:00,PIDILITIND.NS,NO TRADE,False,50.35264267309055,NO TRADE,UP,DEGRADED,No risk assessment available (entry/stop/target could not be computed).; Failed check: signal is directional.; Failed check: confidence sufficient.; Failed check: risk reward sufficient.; Failed check: expected value positive.; Failed check: positive edge after costs.; Failed check: stop loss logical.; Failed check: position size within limits.; Failed check: strong technical setup.; Failed check: news credibility acceptable.,,1000000.0,1569.0,,40.0,70.0,42.64192746646205,,40.0,,,55.0,69.11113318795056,,,,,,No risk assessment available (entry/stop/target could not be computed).,SIDEWAYS_LOW_VOL,20.0,
2026-09-10 14:54:24.358856+00:00,PIIND.NS,NO TRADE,False,51.033182774723585,NO TRADE,NONE,DEGRADED,No risk assessment available (entry/stop/target could not be computed).; Failed check: signal is directional.; Failed check: confidence sufficient.; Failed check: risk reward sufficient.; Failed check: expected value positive.; Failed check: positive edge after costs.; Failed check: stop loss logical.; Failed check: position size within limits.; Failed check: strong technical setup.; Failed check: news credibility acceptable.,,1000000.0,2365.0,,48.333333333333336,56.0,47.242683636279395,,60.0,,,40.0,70.69455398278683,,,,,,No risk assessment available (entry/stop/target could not be computed).,BEAR_LOW_VOL,35.0,
2026-09-10 14:54:25.606564+00:00,PILANIINVS.NS,NO TRADE,False,40.27035269849875,NO TRADE,DOWN,DEGRADED,No risk assessment available (entry/stop/target could not be computed).; Failed check: signal is directional.; Failed check: confidence sufficient.; Failed check: risk reward sufficient.; Failed check: expected value positive.; Failed check: positive edge after costs.; Failed check: stop loss logical.; Failed check: position size within limits.; Failed check: sufficient liquidity.; Failed check: strong technical setup.; Failed check: news credibility acceptable.,,1000000.0,4235.7998046875,,35.0,49.0,44.157131028783866,,40.0,,,10.0,72.19673595460713,,,,,,No risk assessment available (entry/stop/target could not be computed).,SIDEWAYS_LOW_VOL,20.0,
2026-09-10 14:54:26.754129+00:00,PILITA.NS,NO TRADE,False,49.332278171286276,NO TRADE,NONE,DEGRADED,No risk assessment available (entry/stop/target could not be computed).; Failed check: signal is directional.; Failed check: confidence sufficient.; Failed check: risk reward sufficient.; Failed check: expected value positive.; Failed check: positive edge after costs.; Failed check: stop loss logical.; Failed check: position size within limits.; Failed check: sufficient liquidity.; Failed check: strong technical setup.; Failed check: news credibility acceptable.,,1000000.0,7.880000114440918,,51.666666666666664,44.0,48.32078613582753,,60.0,,,25.0,73.60662148867371,,,,,,No risk assessment available (entry/stop/target could not be computed).,BEAR_LOW_VOL,35.0,
2026-09-10 14:54:27.111856+00:00,PIONDIST.NS,NO TRADE,False,0.0,NO TRADE,NONE,INVALID,"Data Quality [PIONDIST.NS] as of 2026-09-10T14:54:27.111768+00:00: INVALID (score=0.00, threshold=0.70)
  [CRITICAL] provider_unavailable: No data returned for PIONDIST.NS (2y/1d)",,1000000.0,,,,,,,,,,,,,,,,,"Data Quality [PIONDIST.NS] as of 2026-09-10T14:54:27.111768+00:00: INVALID (score=0.00, threshold=0.70)
  [CRITICAL] provider_unavailable: No data returned for PIONDIST.NS (2y/1d)",UNKNOWN,,
2026-09-10 14:54:29.366287+00:00,PIONEEREMB.NS,NO TRADE,False,38.22769037025557,NO TRADE,DOWN,DEGRADED,No risk assessment available (entry/stop/target could not be computed).; Failed check: signal is directional.; Failed check: confidence sufficient.; Failed check: risk reward sufficient.; Failed check: expected value positive.; Failed check: positive edge after costs.; Failed check: stop loss logical.; Failed check: position size within limits.; Failed check: sufficient liquidity.; Failed check: strong technical setup.; Failed check: market conditions acceptable.; Failed check: news credibility acceptable.,,1000000.0,20.420000076293945,,30.0,59.0,34.08701486869978,,25.0,,,10.0,77.97427653910634,,,,,,No risk assessment available (entry/stop/target could not be computed).,BEAR_LOW_VOL,45.0,
2026-09-10 14:54:30.673684+00:00,PITTIENG.NS,NO TRADE,False,71.56980938837707,MODERATE,UP,DEGRADED,Failed check: news credibility acceptable.,,1000000.0,1168.5,852,68.33333333333333,78.0,70.0,,60.0,,,70.0,78.14547966771784,,3.1250000000000004,7503.412112530551,452.9106,114,Failed check: news credibility acceptable.,BULL_HIGH_VOL,30.0,
2026-09-10 14:54:32.045664+00:00,PLASTIBLEN.NS,NO TRADE,False,58.300141643342215,NO TRADE,UP,DEGRADED,No risk assessment available (entry/stop/target could not be computed).; Failed check: signal is directional.; Failed check: confidence sufficient.; Failed check: risk reward sufficient.; Failed check: expected value positive.; Failed check: positive edge after costs.; Failed check: stop loss logical.; Failed check: position size within limits.; Failed check: sufficient liquidity.; Failed check: strong technical setup.; Failed check: news credibility acceptable.,,1000000.0,194.14999389648438,,56.666666666666664,90.0,52.249556177348765,,70.0,,,25.0,77.70690100471738,,,,,,No risk assessment available (entry/stop/target could not be computed).,BULL_LOW_VOL,20.0,
2026-09-10 14:54:33.653521+00:00,PNB.NS,NO TRADE,False,63.07153642651242,WATCH,UP,DEGRADED,No risk assessment available (entry/stop/target could not be computed).; Failed check: signal is directional.; Failed check: confidence sufficient.; Failed check: risk reward sufficient.; Failed check: expected value positive.; Failed check: positive edge after costs.; Failed check: stop loss logical.; Failed check: position size within limits.; Failed check: strong technical setup.; Failed check: news credibility acceptable.,,1000000.0,116.8499984741211,,58.333333333333336,76.0,55.341325202590895,,50.0,,,70.0,68.16313883179257,,,,,,No risk assessment available (entry/stop/target could not be computed).,BULL_LOW_VOL,30.0,
2026-09-10 14:54:35.362653+00:00,PNBGILTS.NS,NO TRADE,False,59.082095231295504,WATCH,NONE,DEGRADED,No risk assessment available (entry/stop/target could not be computed).; Failed check: signal is directional.; Failed check: confidence sufficient.; Failed check: risk reward sufficient.; Failed check: expected value positive.; Failed check: positive edge after costs.; Failed check: stop loss logical.; Failed check: position size within limits.; Failed check: strong technical setup.; Failed check: news credibility acceptable.,,1000000.0,80.36000061035156,,56.666666666666664,46.0,59.40316645480557,,70.0,,,55.0,78.16892795243808,,,,,,No risk assessment available (entry/stop/target could not be computed).,BEAR_LOW_VOL,70.0,
2026-09-10 14:54:36.838622+00:00,PNBHOUSING.NS,NO TRADE,False,62.157288794762984,WATCH,UP,DEGRADED,No risk assessment available (entry/stop/target could not be computed).; Failed check: signal is directional.; Failed check: confidence sufficient.; Failed check: risk reward sufficient.; Failed check: expected value positive.; Failed check: positive edge after costs.; Failed check: stop loss logical.; Failed check: position size within limits.; Failed check: strong technical setup.; Failed check: news credibility acceptable.,,1000000.0,1179.0,,58.333333333333336,56.0,59.72865865822817,,50.0,,,70.0,72.53269329768088,,,,,,No risk assessment available (entry/stop/target could not be computed).,BULL_LOW_VOL,55.0,
2026-09-10 14:54:38.280243+00:00,PNC.NS,NO TRADE,False,36.57624956079105,NO TRADE,DOWN,DEGRADED,No risk assessment available (entry/stop/target could not be computed).; Failed check: signal is directional.; Failed check: confidence sufficient.; Failed check: risk reward sufficient.; Failed check: expected value positive.; Failed check: positive edge after costs.; Failed check: stop loss logical.; Failed check: position size within limits.; Failed check: sufficient liquidity.; Failed check: strong technical setup.; Failed check: market conditions acceptable.; Failed check: news credibility acceptable.,,1000000.0,16.520000457763672,,31.666666666666668,49.0,39.831918006265624,,40.0,,,10.0,63.30031630771816,,,,,,No risk assessment available (entry/stop/target could not be computed).,BEAR_LOW_VOL,20.0,
2026-09-10 14:54:39.526686+00:00,PNCINFRA.NS,NO TRADE,False,45.79752748476709,NO TRADE,UP,DEGRADED,No risk assessment available (entry/stop/target could not be computed).; Failed check: signal is directional.; Failed check: confidence sufficient.; Failed check: ai signals aligned.; Failed check: risk reward sufficient.; Failed check: expected value positive.; Failed check: positive edge after costs.; Failed check: stop loss logical.; Failed check: position size within limits.; Failed check: strong technical setup.; Failed check: market conditions acceptable.; Failed check: news credibility acceptable.,,1000000.0,177.30999755859375,,33.333333333333336,79.0,30.0,,25.0,,,40.0,78.84254964084543,,,,,,No risk assessment available (entry/stop/target could not be computed).,BEAR_LOW_VOL,45.0,
2026-09-10 14:54:40.657586+00:00,PODDARMENT.NS,NO TRADE,False,63.61201725062797,WATCH,UP,DEGRADED,No risk assessment available (entry/stop/target could not be computed).; Failed check: signal is directional.; Failed check: confidence sufficient.; Failed check: risk reward sufficient.; Failed check: expected value positive.; Failed check: positive edge after costs.; Failed check: stop loss logical.; Failed check: position size within limits.; Failed check: sufficient liquidity.; Failed check: news credibility acceptable.,,1000000.0,299.3999938964844,,61.666666666666664,75.0,70.0,,60.0,,,40.0,73.48318397480033,,,,,,No risk assessment available (entry/stop/target could not be computed).,BULL_HIGH_VOL,20.0,
2026-09-10 14:54:42.030709+00:00,POLYCAB.NS,NO TRADE,False,49.706353785800594,NO TRADE,UP,DEGRADED,No risk assessment available (entry/stop/target could not be computed).; Failed check: signal is directional.; Failed check: confidence sufficient.; Failed check: ai signals aligned.; Failed check: risk reward sufficient.; Failed check: expected value positive.; Failed check: positive edge after costs.; Failed check: stop loss logical.; Failed check: position size within limits.; Failed check: strong technical setup.; Failed check: market conditions acceptable.; Failed check: news credibility acceptable.,,1000000.0,8358.0,,35.0,86.0,38.19957124029012,,40.0,,,40.0,72.30376701487059,,,,,,No risk assessment available (entry/stop/target could not be computed).,BEAR_HIGH_VOL,10.0,
2026-09-10 14:54:44.298923+00:00,POLYMED.NS,NO TRADE,False,62.70892417590363,WATCH,UP,DEGRADED,No risk assessment available (entry/stop/target could not be computed).; Failed check: signal is directional.; Failed check: confidence sufficient.; Failed check: risk reward sufficient.; Failed check: expected value positive.; Failed check: positive edge after costs.; Failed check: stop loss logical.; Failed check: position size within limits.; Failed check: strong technical setup.; Failed check: news credibility acceptable.,,1000000.0,1747.699951171875,,58.333333333333336,67.0,52.97965275842482,,50.0,,,70.0,77.17656865094439,,,,,,No risk assessment available (entry/stop/target could not be computed).,SIDEWAYS_LOW_VOL,20.0,
2026-09-10 14:54:45.699595+00:00,POLYPLEX.NS,NO TRADE,False,49.58618820728456,NO TRADE,UP,DEGRADED,No risk assessment available (entry/stop/target could not be computed).; Failed check: signal is directional.; Failed check: confidence sufficient.; Failed check: ai signals aligned.; Failed check: risk reward sufficient.; Failed check: expected value positive.; Failed check: positive edge after costs.; Failed check: stop loss logical.; Failed check: position size within limits.; Failed check: sufficient liquidity.; Failed check: strong technical setup.; Failed check: news credibility acceptable.,,1000000.0,1133.0,,40.0,80.0,50.11092171286955,,40.0,,,25.0,74.7852931786599,,,,,,No risk assessment available (entry/stop/target could not be computed).,BULL_LOW_VOL,20.0,
2026-09-10 14:54:47.061621+00:00,PONNIERODE.NS,NO TRADE,False,59.9645738649829,WATCH,UP,DEGRADED,No risk assessment available (entry/stop/target could not be computed).; Failed check: signal is directional.; Failed check: confidence sufficient.; Failed check: risk reward sufficient.; Failed check: expected value positive.; Failed check: positive edge after costs.; Failed check: stop loss logical.; Failed check: position size within limits.; Failed check: strong technical setup.; Failed check: news credibility acceptable.,,1000000.0,363.45001220703125,,46.666666666666664,76.0,70.0,,50.0,,,55.0,73.29871354390556,,,,,,No risk assessment available (entry/stop/target could not be computed).,BULL_HIGH_VOL,30.0,
2026-09-10 14:54:48.569169+00:00,POWERGRID.NS,NO TRADE,False,58.31823301755156,NO TRADE,UP,DEGRADED,No risk assessment available (entry/stop/target could not be computed).; Failed check: signal is directional.; Failed check: confidence sufficient.; Failed check: risk reward sufficient.; Failed check: expected value positive.; Failed check: positive edge after costs.; Failed check: stop loss logical.; Failed check: position size within limits.; Failed check: strong technical setup.; Failed check: news credibility acceptable.,,1000000.0,271.75,,53.333333333333336,61.0,61.15394153043468,,70.0,,,55.0,67.83531545829032,,,,,,No risk assessment available (entry/stop/target could not be computed).,BEAR_LOW_VOL,42.0,
2026-09-10 14:54:50.103465+00:00,POWERINDIA.NS,NO TRADE,False,46.01012127421201,NO TRADE,UP,DEGRADED,No risk assessment available (entry/stop/target could not be computed).; Failed check: signal is directional.; Failed check: confidence sufficient.; Failed check: risk reward sufficient.; Failed check: expected value positive.; Failed check: positive edge after costs.; Failed check: stop loss logical.; Failed check: position size within limits.; Failed check: sufficient liquidity.; Failed check: strong technical setup.; Failed check: market conditions acceptable.; Failed check: news credibility acceptable.,,1000000.0,31195.0,,43.333333333333336,70.0,33.7327880235069,,40.0,,,25.0,74.98281033849295,,,,,,No risk assessment available (entry/stop/target could not be computed).,BEAR_LOW_VOL,20.0,
2026-09-10 14:54:51.437239+00:00,POWERMECH.NS,NO TRADE,False,47.46586568204223,NO TRADE,UP,DEGRADED,No risk assessment available (entry/stop/target could not be computed).; Failed check: signal is directional.; Failed check: confidence sufficient.; Failed check: ai signals aligned.; Failed check: risk reward sufficient.; Failed check: expected value positive.; Failed check: positive edge after costs.; Failed check: stop loss logical.; Failed check: position size within limits.; Failed check: sufficient liquidity.; Failed check: strong technical setup.; Failed check: news credibility acceptable.,,1000000.0,2379.39990234375,,35.0,90.0,50.745498568055034,,40.0,,,10.0,76.11021461135464,,,,,,No risk assessment available (entry/stop/target could not be computed).,BEAR_LOW_VOL,20.0,
2026-09-10 14:54:52.781266+00:00,PPAP.NS,NO TRADE,False,40.770182716277304,NO TRADE,UP,DEGRADED,No risk assessment available (entry/stop/target could not be computed).; Failed check: signal is directional.; Failed check: confidence sufficient.; Failed check: ai signals aligned.; Failed check: risk reward sufficient.; Failed check: expected value positive.; Failed check: positive edge after costs.; Failed check: stop loss logical.; Failed check: position size within limits.; Failed check: sufficient liquidity.; Failed check: strong technical setup.; Failed check: market conditions acceptable.; Failed check: news credibility acceptable.,,1000000.0,242.75,,35.0,80.0,30.0,,40.0,,,10.0,75.1917277120607,,,,,,No risk assessment available (entry/stop/target could not be computed).,SIDEWAYS_LOW_VOL,30.0,
2026-09-10 14:54:54.175418+00:00,PPL.NS,NO TRADE,False,64.27478304132367,WATCH,UP,DEGRADED,No risk assessment available (entry/stop/target could not be computed).; Failed check: signal is directional.; Failed check: confidence sufficient.; Failed check: risk reward sufficient.; Failed check: expected value positive.; Failed check: positive edge after costs.; Failed check: stop loss logical.; Failed check: position size within limits.; Failed check: sufficient liquidity.; Failed check: strong technical setup.; Failed check: news credibility acceptable.,,1000000.0,290.8999938964844,,56.666666666666664,90.0,70.0,,45.0,,,40.0,77.77320028264208,,,,,,No risk assessment available (entry/stop/target could not be computed).,BEAR_LOW_VOL,20.0,
2026-09-10 14:54:54.462764+00:00,PRABHAT.NS,NO TRADE,False,0.0,NO TRADE,NONE,INVALID,"Data Quality [PRABHAT.NS] as of 2026-09-10T14:54:54.462660+00:00: INVALID (score=0.00, threshold=0.70)
  [CRITICAL] provider_unavailable: No data returned for PRABHAT.NS (2y/1d)",,1000000.0,,,,,,,,,,,,,,,,,"Data Quality [PRABHAT.NS] as of 2026-09-10T14:54:54.462660+00:00: INVALID (score=0.00, threshold=0.70)
  [CRITICAL] provider_unavailable: No data returned for PRABHAT.NS (2y/1d)",UNKNOWN,,
2026-09-10 14:54:55.674783+00:00,PRAJIND.NS,NO TRADE,False,56.923317887399875,NO TRADE,UP,DEGRADED,No risk assessment available (entry/stop/target could not be computed).; Failed check: signal is directional.; Failed check: confidence sufficient.; Failed check: risk reward sufficient.; Failed check: expected value positive.; Failed check: positive edge after costs.; Failed check: stop loss logical.; Failed check: position size within limits.; Failed check: strong technical setup.; Failed check: news credibility acceptable.,,1000000.0,326.0,,43.333333333333336,70.0,60.58702426635827,,40.0,,,55.0,76.63283763994886,,,,,,No risk assessment available (entry/stop/target could not be computed).,BEAR_HIGH_VOL,20.0,
2026-09-10 14:54:58.211405+00:00,PRAKASH.NS,NO TRADE,False,50.56882904970351,NO TRADE,NONE,DEGRADED,No risk assessment available (entry/stop/target could not be computed).; Failed check: signal is directional.; Failed check: confidence sufficient.; Failed check: risk reward sufficient.; Failed check: expected value positive.; Failed check: positive edge after costs.; Failed check: stop loss logical.; Failed check: position size within limits.; Failed check: strong technical setup.; Failed check: market conditions acceptable.; Failed check: news credibility acceptable.,,1000000.0,123.80999755859375,,43.333333333333336,60.0,37.09873914013584,,40.0,,,55.0,77.60680967181052,,,,,,No risk assessment available (entry/stop/target could not be computed).,BEAR_HIGH_VOL,35.0,
2026-09-10 14:54:59.362187+00:00,PRAXIS.NS,NO TRADE,False,45.490048495811514,NO TRADE,NONE,DEGRADED,No risk assessment available (entry/stop/target could not be computed).; Failed check: signal is directional.; Failed check: confidence sufficient.; Failed check: risk reward sufficient.; Failed check: expected value positive.; Failed check: positive edge after costs.; Failed check: stop loss logical.; Failed check: position size within limits.; Failed check: strong technical setup.; Failed check: market conditions acceptable.; Failed check: news credibility acceptable.,,1000000.0,4.710000038146973,,48.333333333333336,52.0,30.0,,60.0,,,40.0,63.567866562102864,,,,,,No risk assessment available (entry/stop/target could not be computed).,BEAR_HIGH_VOL,30.0,
2026-09-10 14:55:00.528246+00:00,PRECAM.NS,NO TRADE,False,42.84683011374709,NO TRADE,DOWN,DEGRADED,No risk assessment available (entry/stop/target could not be computed).; Failed check: signal is directional.; Failed check: confidence sufficient.; Failed check: risk reward sufficient.; Failed check: expected value positive.; Failed check: positive edge after costs.; Failed check: stop loss logical.; Failed check: position size within limits.; Failed check: strong technical setup.; Failed check: market conditions acceptable.; Failed check: news credibility acceptable.,,1000000.0,118.05000305175781,,33.333333333333336,52.0,32.17937374121078,,25.0,,,40.0,78.27092903762129,,,,,,No risk assessment available (entry/stop/target could not be computed).,BEAR_LOW_VOL,35.0,
2026-09-10 14:55:02.063282+00:00,PRECWIRE.NS,NO TRADE,False,64.94464690392002,WATCH,UP,DEGRADED,No risk assessment available (entry/stop/target could not be computed).; Failed check: signal is directional.; Failed check: confidence sufficient.; Failed check: risk reward sufficient.; Failed check: expected value positive.; Failed check: positive edge after costs.; Failed check: stop loss logical.; Failed check: position size within limits.; Failed check: news credibility acceptable.,,1000000.0,464.6499938964844,,61.666666666666664,74.0,55.58344947572309,,50.0,,,70.0,74.73658804576415,,,,,,No risk assessment available (entry/stop/target could not be computed).,BULL_HIGH_VOL,20.0,
2026-09-10 14:55:03.255684+00:00,PREMEXPLN.NS,NO TRADE,False,56.780174776890235,NO TRADE,DOWN,DEGRADED,No risk assessment available (entry/stop/target could not be computed).; Failed check: signal is directional.; Failed check: confidence sufficient.; Failed check: risk reward sufficient.; Failed check: expected value positive.; Failed check: positive edge after costs.; Failed check: stop loss logical.; Failed check: position size within limits.; Failed check: strong technical setup.; Failed check: news credibility acceptable.,,1000000.0,667.0,,56.666666666666664,36.0,60.33438876610842,,70.0,,,55.0,69.00229777567311,,,,,,No risk assessment available (entry/stop/target could not be computed).,BEAR_LOW_VOL,35.0,
2026-09-10 14:55:04.440881+00:00,PREMIERPOL.NS,NO TRADE,False,60.1696132106986,WATCH,UP,DEGRADED,No risk assessment available (entry/stop/target could not be computed).; Failed check: signal is directional.; Failed check: confidence sufficient.; Failed check: risk reward sufficient.; Failed check: expected value positive.; Failed check: positive edge after costs.; Failed check: stop loss logical.; Failed check: position size within limits.; Failed check: strong technical setup.; Failed check: news credibility acceptable.,,1000000.0,87.98999786376953,,46.666666666666664,78.0,70.0,,50.0,,,55.0,69.27649588674198,,,,,,No risk assessment available (entry/stop/target could not be computed).,BULL_HIGH_VOL,20.0,
2026-09-10 14:55:04.829169+00:00,PRESSMN.NS,NO TRADE,False,0.0,NO TRADE,NONE,INVALID,"Data Quality [PRESSMN.NS] as of 2026-09-10T14:55:04.829076+00:00: INVALID (score=0.00, threshold=0.70)
  [CRITICAL] provider_unavailable: No data returned for PRESSMN.NS (2y/1d)",,1000000.0,,,,,,,,,,,,,,,,,"Data Quality [PRESSMN.NS] as of 2026-09-10T14:55:04.829076+00:00: INVALID (score=0.00, threshold=0.70)
  [CRITICAL] provider_unavailable: No data returned for PRESSMN.NS (2y/1d)",UNKNOWN,,
2026-09-10 14:55:06.401007+00:00,PRESTIGE.NS,NO TRADE,False,48.723565515646634,NO TRADE,DOWN,DEGRADED,No risk assessment available (entry/stop/target could not be computed).; Failed check: signal is directional.; Failed check: confidence sufficient.; Failed check: risk reward sufficient.; Failed check: expected value positive.; Failed check: positive edge after costs.; Failed check: stop loss logical.; Failed check: position size within limits.; Failed check: strong technical setup.; Failed check: news credibility acceptable.,,1000000.0,1543.5999755859375,,31.666666666666668,55.0,51.14918998092448,,40.0,,,55.0,74.85832567056042,,,,,,No risk assessment available (entry/stop/target could not be computed).,BEAR_LOW_VOL,42.0,
2026-09-10 14:55:07.651411+00:00,PRICOLLTD.NS,NO TRADE,False,54.587830913223776,NO TRADE,UP,DEGRADED,No risk assessment available (entry/stop/target could not be computed).; Failed check: signal is directional.; Failed check: confidence sufficient.; Failed check: ai signals aligned.; Failed check: risk reward sufficient.; Failed check: expected value positive.; Failed check: positive edge after costs.; Failed check: stop loss logical.; Failed check: position size within limits.; Failed check: strong technical setup.; Failed check: news credibility acceptable.,,1000000.0,739.7000122070312,,40.0,78.0,50.64995107262078,,40.0,,,55.0,76.75848185468195,,,,,,No risk assessment available (entry/stop/target could not be computed).,BULL_LOW_VOL,20.0,
2026-09-10 14:55:08.943072+00:00,PRIMESECU.NS,NO TRADE,False,46.873854522105276,NO TRADE,DOWN,DEGRADED,No risk assessment available (entry/stop/target could not be computed).; Failed check: signal is directional.; Failed check: confidence sufficient.; Failed check: risk reward sufficient.; Failed check: expected value positive.; Failed check: positive edge after costs.; Failed check: stop loss logical.; Failed check: position size within limits.; Failed check: sufficient liquidity.; Failed check: strong technical setup.; Failed check: news credibility acceptable.,,1000000.0,276.75,,43.333333333333336,44.0,48.58130055740793,,40.0,,,25.0,77.29726287801512,,,,,,No risk assessment available (entry/stop/target could not be computed).,BEAR_LOW_VOL,35.0,
2026-09-10 14:55:11.994841+00:00,PRINCEPIPE.NS,NO TRADE,False,57.22770049065005,NO TRADE,UP,DEGRADED,No risk assessment available (entry/stop/target could not be computed).; Failed check: signal is directional.; Failed check: confidence sufficient.; Failed check: risk reward sufficient.; Failed check: expected value positive.; Failed check: positive edge after costs.; Failed check: stop loss logical.; Failed check: position size within limits.; Failed check: strong technical setup.; Failed check: news credibility acceptable.,,1000000.0,279.8999938964844,,46.666666666666664,72.0,56.08308532396591,,50.0,,,55.0,74.09230939877347,,,,,,No risk assessment available (entry/stop/target could not be computed).,SIDEWAYS_LOW_VOL,20.0,
2026-09-10 14:55:13.264818+00:00,PRIVISCL.NS,NO TRADE,False,57.103015674393696,NO TRADE,UP,DEGRADED,No risk assessment available (entry/stop/target could not be computed).; Failed check: signal is directional.; Failed check: confidence sufficient.; Failed check: risk reward sufficient.; Failed check: expected value positive.; Failed check: positive edge after costs.; Failed check: stop loss logical.; Failed check: position size within limits.; Failed check: sufficient liquidity.; Failed check: strong technical setup.; Failed check: news credibility acceptable.,,1000000.0,3481.10009765625,,56.666666666666664,82.0,55.408823636997994,,70.0,,,25.0,71.9160709038599,,,,,,No risk assessment available (entry/stop/target could not be computed).,BEAR_LOW_VOL,30.0,
2026-09-10 14:55:13.563215+00:00,PROZONINTU.NS,NO TRADE,False,0.0,NO TRADE,NONE,INVALID,"Data Quality [PROZONINTU.NS] as of 2026-09-10T14:55:13.563106+00:00: INVALID (score=0.00, threshold=0.70)
  [CRITICAL] provider_unavailable: No data returned for PROZONINTU.NS (2y/1d)",,1000000.0,,,,,,,,,,,,,,,,,"Data Quality [PROZONINTU.NS] as of 2026-09-10T14:55:13.563106+00:00: INVALID (score=0.00, threshold=0.70)
  [CRITICAL] provider_unavailable: No data returned for PROZONINTU.NS (2y/1d)",UNKNOWN,,
2026-09-10 14:55:14.772072+00:00,PRSMJOHNSN.NS,NO TRADE,False,59.822195037390806,WATCH,NONE,DEGRADED,No risk assessment available (entry/stop/target could not be computed).; Failed check: signal is directional.; Failed check: confidence sufficient.; Failed check: risk reward sufficient.; Failed check: expected value positive.; Failed check: positive edge after costs.; Failed check: stop loss logical.; Failed check: position size within limits.; Failed check: strong technical setup.; Failed check: news credibility acceptable.,,1000000.0,115.5,,50.0,,70.0,,60.0,,,55.0,73.93317022434482,,,,,,No risk assessment available (entry/stop/target could not be computed).,SIDEWAYS_LOW_VOL,,
2026-09-10 14:55:16.118004+00:00,PSB.NS,NO TRADE,False,49.00729456456883,NO TRADE,UP,DEGRADED,No risk assessment available (entry/stop/target could not be computed).; Failed check: signal is directional.; Failed check: confidence sufficient.; Failed check: ai signals aligned.; Failed check: risk reward sufficient.; Failed check: expected value positive.; Failed check: positive edge after costs.; Failed check: stop loss logical.; Failed check: position size within limits.; Failed check: strong technical setup.; Failed check: news credibility acceptable.,,1000000.0,22.600000381469727,,31.666666666666668,86.0,48.89709529758734,,40.0,,,40.0,68.89140348286547,,,,,,No risk assessment available (entry/stop/target could not be computed).,BEAR_LOW_VOL,30.0,
2026-09-10 14:55:17.433599+00:00,PSPPROJECT.NS,NO TRADE,False,50.95272250188229,NO TRADE,UP,DEGRADED,No risk assessment available (entry/stop/target could not be computed).; Failed check: signal is directional.; Failed check: confidence sufficient.; Failed check: risk reward sufficient.; Failed check: expected value positive.; Failed check: positive edge after costs.; Failed check: stop loss logical.; Failed check: position size within limits.; Failed check: sufficient liquidity.; Failed check: strong technical setup.; Failed check: news credibility acceptable.,,1000000.0,865.0499877929688,,48.333333333333336,82.0,45.58019264061919,,60.0,,,10.0,76.35093993506226,,,,,,No risk assessment available (entry/stop/target could not be computed).,BEAR_LOW_VOL,20.0,
2026-09-10 14:55:18.979756+00:00,PTC.NS,NO TRADE,False,53.674530138406496,NO TRADE,UP,DEGRADED,No risk assessment available (entry/stop/target could not be computed).; Failed check: signal is directional.; Failed check: confidence sufficient.; Failed check: risk reward sufficient.; Failed check: expected value positive.; Failed check: positive edge after costs.; Failed check: stop loss logical.; Failed check: position size within limits.; Failed check: strong technical setup.; Failed check: news credibility acceptable.,,1000000.0,153.83999633789062,,48.333333333333336,75.0,47.65401693802331,,60.0,,,40.0,71.89703440472624,,,,,,No risk assessment available (entry/stop/target could not be computed).,BEAR_LOW_VOL,35.0,
2026-09-10 14:55:20.453150+00:00,PTL.NS,NO TRADE,False,50.345535896469244,NO TRADE,UP,DEGRADED,No risk assessment available (entry/stop/target could not be computed).; Failed check: signal is directional.; Failed check: confidence sufficient.; Failed check: risk reward sufficient.; Failed check: expected value positive.; Failed check: positive edge after costs.; Failed check: stop loss logical.; Failed check: position size within limits.; Failed check: sufficient liquidity.; Failed check: strong technical setup.; Failed check: news credibility acceptable.,,1000000.0,38.16999816894531,,45.0,69.0,53.8910282014724,,60.0,,,25.0,69.04722739814889,,,,,,No risk assessment available (entry/stop/target could not be computed).,BEAR_LOW_VOL,20.0,
2026-09-10 14:55:21.694491+00:00,PUNJABCHEM.NS,NO TRADE,False,49.894454175791985,NO TRADE,UP,DEGRADED,No risk assessment available (entry/stop/target could not be computed).; Failed check: signal is directional.; Failed check: confidence sufficient.; Failed check: risk reward sufficient.; Failed check: expected value positive.; Failed check: positive edge after costs.; Failed check: stop loss logical.; Failed check: position size within limits.; Failed check: sufficient liquidity.; Failed check: strong technical setup.; Failed check: news credibility acceptable.,,1000000.0,1100.0,,38.333333333333336,70.0,56.85182150267711,,40.0,,,25.0,76.38093299058929,,,,,,No risk assessment available (entry/stop/target could not be computed).,SIDEWAYS_LOW_VOL,20.0,
2026-09-10 14:55:23.084820+00:00,PURVA.NS,NO TRADE,False,57.00570756918349,NO TRADE,UP,DEGRADED,No risk assessment available (entry/stop/target could not be computed).; Failed check: signal is directional.; Failed check: confidence sufficient.; Failed check: risk reward sufficient.; Failed check: expected value positive.; Failed check: positive edge after costs.; Failed check: stop loss logical.; Failed check: position size within limits.; Failed check: strong technical setup.; Failed check: news credibility acceptable.,,1000000.0,216.0,,51.666666666666664,54.0,53.86673831643258,,70.0,,,55.0,79.28899232157187,,,,,,No risk assessment available (entry/stop/target could not be computed).,SIDEWAYS_HIGH_VOL,55.0,
2026-09-10 14:55:24.383312+00:00,PVR.NS,NO TRADE,False,0.0,NO TRADE,NONE,INVALID,"Data Quality [PVR.NS] as of 2026-09-10T14:55:24.383195+00:00: INVALID (score=0.00, threshold=0.70)
  [CRITICAL] provider_unavailable: No data returned for PVR.NS (2y/1d)",,1000000.0,,,,,,,,,,,,,,,,,"Data Quality [PVR.NS] as of 2026-09-10T14:55:24.383195+00:00: INVALID (score=0.00, threshold=0.70)
  [CRITICAL] provider_unavailable: No data returned for PVR.NS (2y/1d)",UNKNOWN,,
2026-09-10 14:55:25.838047+00:00,QUESS.NS,NO TRADE,False,63.62371069494915,WATCH,UP,DEGRADED,No risk assessment available (entry/stop/target could not be computed).; Failed check: signal is directional.; Failed check: confidence sufficient.; Failed check: risk reward sufficient.; Failed check: expected value positive.; Failed check: positive edge after costs.; Failed check: stop loss logical.; Failed check: position size within limits.; Failed check: strong technical setup.; Failed check: news credibility acceptable.,,1000000.0,353.0,,51.666666666666664,86.0,67.5332387300833,,50.0,,,55.0,75.71117736527775,,,,,,No risk assessment available (entry/stop/target could not be computed).,BULL_HIGH_VOL,20.0,
2026-09-10 14:55:27.058412+00:00,QUICKHEAL.NS,NO TRADE,False,54.239441270212616,NO TRADE,UP,DEGRADED,No risk assessment available (entry/stop/target could not be computed).; Failed check: signal is directional.; Failed check: confidence sufficient.; Failed check: risk reward sufficient.; Failed check: expected value positive.; Failed check: positive edge after costs.; Failed check: stop loss logical.; Failed check: position size within limits.; Failed check: sufficient liquidity.; Failed check: strong technical setup.; Failed check: news credibility acceptable.,,1000000.0,148.1999969482422,,56.666666666666664,49.0,55.13071019249356,,70.0,,,25.0,79.24603938090894,,,,,,No risk assessment available (entry/stop/target could not be computed).,BEAR_HIGH_VOL,20.0,
2026-09-10 14:55:28.725719+00:00,RADICO.NS,NO TRADE,False,52.54273165680638,NO TRADE,DOWN,DEGRADED,No risk assessment available (entry/stop/target could not be computed).; Failed check: signal is directional.; Failed check: confidence sufficient.; Failed check: risk reward sufficient.; Failed check: expected value positive.; Failed check: positive edge after costs.; Failed check: stop loss logical.; Failed check: position size within limits.; Failed check: strong technical setup.; Failed check: news credibility acceptable.,,1000000.0,4460.0,,46.666666666666664,,49.11843732044652,,50.0,,,55.0,69.91206729350185,,,,,,No risk assessment available (entry/stop/target could not be computed).,BULL_LOW_VOL,,
2026-09-10 14:55:30.367244+00:00,RAIN.NS,NO TRADE,False,61.02969772904319,WATCH,UP,DEGRADED,No risk assessment available (entry/stop/target could not be computed).; Failed check: signal is directional.; Failed check: confidence sufficient.; Failed check: risk reward sufficient.; Failed check: expected value positive.; Failed check: positive edge after costs.; Failed check: stop loss logical.; Failed check: position size within limits.; Failed check: strong technical setup.; Failed check: news credibility acceptable.,,1000000.0,217.0,,56.666666666666664,,60.36538401985575,,70.0,,,55.0,78.96344367780878,,,,,,No risk assessment available (entry/stop/target could not be computed).,BULL_HIGH_VOL,,
2026-09-10 14:55:31.797711+00:00,RAJESHEXPO.NS,NO TRADE,False,59.93809482819697,WATCH,UP,DEGRADED,No risk assessment available (entry/stop/target could not be computed).; Failed check: signal is directional.; Failed check: confidence sufficient.; Failed check: risk reward sufficient.; Failed check: expected value positive.; Failed check: positive edge after costs.; Failed check: stop loss logical.; Failed check: position size within limits.; Failed check: strong technical setup.; Failed check: news credibility acceptable.,,1000000.0,79.3499984741211,,53.333333333333336,80.0,51.72810788308999,,60.0,,,55.0,79.66412599329223,,,,,,No risk assessment available (entry/stop/target could not be computed).,BEAR_LOW_VOL,20.0,
2026-09-10 14:55:33.722652+00:00,RAJRATAN.NS,NO TRADE,False,65.83125104563278,WATCH,UP,DEGRADED,No risk assessment available (entry/stop/target could not be computed).; Failed check: signal is directional.; Failed check: confidence sufficient.; Failed check: risk reward sufficient.; Failed check: expected value positive.; Failed check: positive edge after costs.; Failed check: stop loss logical.; Failed check: position size within limits.; Failed check: sufficient liquidity.; Failed check: news credibility acceptable.,,1000000.0,511.0,,71.66666666666667,82.0,54.90583743006256,,70.0,,,40.0,79.55824223180193,,,,,,No risk assessment available (entry/stop/target could not be computed).,BULL_LOW_VOL,20.0,
2026-09-10 14:55:35.029439+00:00,RAJSREESUG.NS,NO TRADE,False,53.818659317562805,NO TRADE,DOWN,DEGRADED,No risk assessment available (entry/stop/target could not be computed).; Failed check: signal is directional.; Failed check: confidence sufficient.; Failed check: risk reward sufficient.; Failed check: expected value positive.; Failed check: positive edge after costs.; Failed check: stop loss logical.; Failed check: position size within limits.; Failed check: strong technical setup.; Failed check: news credibility acceptable.,,1000000.0,33.65999984741211,,43.333333333333336,46.0,63.35109700676334,,40.0,,,55.0,69.50416702281265,,,,,,No risk assessment available (entry/stop/target could not be computed).,BULL_HIGH_VOL,42.0,
2026-09-10 14:55:36.454984+00:00,RAJTV.NS,NO TRADE,False,33.97161148402114,NO TRADE,DOWN,DEGRADED,No risk assessment available (entry/stop/target could not be computed).; Failed check: signal is directional.; Failed check: confidence sufficient.; Failed check: risk reward sufficient.; Failed check: expected value positive.; Failed check: positive edge after costs.; Failed check: stop loss logical.; Failed check: position size within limits.; Failed check: sufficient liquidity.; Failed check: strong technical setup.; Failed check: market conditions acceptable.; Failed check: news credibility acceptable.,,1000000.0,7.820000171661377,,30.0,49.0,30.0,,25.0,,,10.0,64.7310064415089,,,,,,No risk assessment available (entry/stop/target could not be computed).,BEAR_HIGH_VOL,20.0,
2026-09-10 14:55:38.031437+00:00,RALLIS.NS,NO TRADE,False,46.3837355564031,NO TRADE,UP,DEGRADED,No risk assessment available (entry/stop/target could not be computed).; Failed check: signal is directional.; Failed check: confidence sufficient.; Failed check: ai signals aligned.; Failed check: risk reward sufficient.; Failed check: expected value positive.; Failed check: positive edge after costs.; Failed check: stop loss logical.; Failed check: position size within limits.; Failed check: strong technical setup.; Failed check: news credibility acceptable.,,1000000.0,203.10000610351562,,26.666666666666668,80.0,48.42376500894885,,25.0,,,40.0,69.46420859438503,,,,,,No risk assessment available (entry/stop/target could not be computed).,BEAR_LOW_VOL,20.0,
2026-09-10 14:55:40.262220+00:00,RAMANEWS.NS,NO TRADE,False,56.69390119542433,NO TRADE,NONE,DEGRADED,No risk assessment available (entry/stop/target could not be computed).; Failed check: signal is directional.; Failed check: confidence sufficient.; Failed check: risk reward sufficient.; Failed check: expected value positive.; Failed check: positive edge after costs.; Failed check: stop loss logical.; Failed check: position size within limits.; Failed check: sufficient liquidity.; Failed check: strong technical setup.; Failed check: news credibility acceptable.,,1000000.0,32.150001525878906,,58.333333333333336,42.0,58.98434715817571,,50.0,,,40.0,73.8922433305606,,,,,,No risk assessment available (entry/stop/target could not be computed).,BULL_HIGH_VOL,30.0,
2026-09-10 14:55:41.650276+00:00,RAMCOCEM.NS,NO TRADE,False,48.022389796025294,NO TRADE,DOWN,DEGRADED,No risk assessment available (entry/stop/target could not be computed).; Failed check: signal is directional.; Failed check: confidence sufficient.; Failed check: risk reward sufficient.; Failed check: expected value positive.; Failed check: positive edge after costs.; Failed check: stop loss logical.; Failed check: position size within limits.; Failed check: strong technical setup.; Failed check: news credibility acceptable.,,1000000.0,871.6500244140625,,31.666666666666668,57.0,48.69673290217425,,40.0,,,55.0,73.17518272047062,,,,,,No risk assessment available (entry/stop/target could not be computed).,BEAR_LOW_VOL,35.0,
2026-09-10 14:55:42.873447+00:00,RAMCOIND.NS,NO TRADE,False,49.49750559269527,NO TRADE,UP,DEGRADED,No risk assessment available (entry/stop/target could not be computed).; Failed check: signal is directional.; Failed check: confidence sufficient.; Failed check: ai signals aligned.; Failed check: risk reward sufficient.; Failed check: expected value positive.; Failed check: positive edge after costs.; Failed check: stop loss logical.; Failed check: position size within limits.; Failed check: strong technical setup.; Failed check: market conditions acceptable.; Failed check: news credibility acceptable.,,1000000.0,321.8999938964844,,35.0,94.0,36.109726693873554,,40.0,,,40.0,76.95219463305561,,,,,,No risk assessment available (entry/stop/target could not be computed).,SIDEWAYS_LOW_VOL,20.0,
2026-09-10 14:55:44.144811+00:00,RAMCOSYS.NS,NO TRADE,False,60.37605522780925,WATCH,UP,DEGRADED,No risk assessment available (entry/stop/target could not be computed).; Failed check: signal is directional.; Failed check: confidence sufficient.; Failed check: risk reward sufficient.; Failed check: expected value positive.; Failed check: positive edge after costs.; Failed check: stop loss logical.; Failed check: position size within limits.; Failed check: strong technical setup.; Failed check: news credibility acceptable.,,1000000.0,609.0499877929688,,56.666666666666664,53.0,62.275784766260074,,70.0,,,55.0,78.61065210754417,,,,,,No risk assessment available (entry/stop/target could not be computed).,BEAR_HIGH_VOL,35.0,
2026-09-10 14:55:45.425640+00:00,RANASUG.NS,NO TRADE,False,66.45629473435343,WATCH,UP,DEGRADED,No risk assessment available (entry/stop/target could not be computed).; Failed check: signal is directional.; Failed check: confidence sufficient.; Failed check: risk reward sufficient.; Failed check: expected value positive.; Failed check: positive edge after costs.; Failed check: stop loss logical.; Failed check: position size within limits.; Failed check: news credibility acceptable.,,1000000.0,14.850000381469727,,61.666666666666664,57.0,70.0,,50.0,,,70.0,76.79910306933711,,,,,,No risk assessment available (entry/stop/target could not be computed).,BULL_HIGH_VOL,30.0,
2026-09-10 14:55:45.773328+00:00,RANEENGINE.NS,NO TRADE,False,0.0,NO TRADE,NONE,INVALID,"Data Quality [RANEENGINE.NS] as of 2026-09-10T14:55:45.773230+00:00: INVALID (score=0.00, threshold=0.70)
  [CRITICAL] provider_unavailable: No data returned for RANEENGINE.NS (2y/1d)",,1000000.0,,,,,,,,,,,,,,,,,"Data Quality [RANEENGINE.NS] as of 2026-09-10T14:55:45.773230+00:00: INVALID (score=0.00, threshold=0.70)
  [CRITICAL] provider_unavailable: No data returned for RANEENGINE.NS (2y/1d)",UNKNOWN,,
2026-09-10 14:55:47.213783+00:00,RANEHOLDIN.NS,NO TRADE,False,56.115828629471,NO TRADE,UP,DEGRADED,No risk assessment available (entry/stop/target could not be computed).; Failed check: signal is directional.; Failed check: confidence sufficient.; Failed check: risk reward sufficient.; Failed check: expected value positive.; Failed check: positive edge after costs.; Failed check: stop loss logical.; Failed check: position size within limits.; Failed check: sufficient liquidity.; Failed check: strong technical setup.; Failed check: news credibility acceptable.,,1000000.0,1704.800048828125,,53.333333333333336,67.0,60.921634651649086,,70.0,,,25.0,77.11216599945067,,,,,,No risk assessment available (entry/stop/target could not be computed).,SIDEWAYS_LOW_VOL,45.0,
2026-09-10 14:55:48.530610+00:00,RATNAMANI.NS,NO TRADE,False,68.12306265682372,WATCH,UP,DEGRADED,No risk assessment available (entry/stop/target could not be computed).; Failed check: signal is directional.; Failed check: confidence sufficient.; Failed check: risk reward sufficient.; Failed check: expected value positive.; Failed check: positive edge after costs.; Failed check: stop loss logical.; Failed check: position size within limits.; Failed check: news credibility acceptable.,,1000000.0,2802.0,,68.33333333333333,48.0,70.0,,60.0,,,70.0,78.97564041090068,,,,,,No risk assessment available (entry/stop/target could not be computed).,BULL_HIGH_VOL,35.0,
2026-09-10 14:55:50.341638+00:00,RAYMOND.NS,NO TRADE,False,65.99716511598908,WATCH,UP,DEGRADED,No risk assessment available (entry/stop/target could not be computed).; Failed check: signal is directional.; Failed check: confidence sufficient.; Failed check: risk reward sufficient.; Failed check: expected value positive.; Failed check: positive edge after costs.; Failed check: stop loss logical.; Failed check: position size within limits.; Failed check: news credibility acceptable.,,1000000.0,853.8499755859375,,60.0,59.0,70.0,,45.0,,,70.0,77.40409837851324,,,,,,No risk assessment available (entry/stop/target could not be computed).,BULL_HIGH_VOL,35.0,
2026-09-10 14:55:50.628947+00:00,RBL.NS,NO TRADE,False,0.0,NO TRADE,NONE,INVALID,"Data Quality [RBL.NS] as of 2026-09-10T14:55:50.628837+00:00: INVALID (score=0.00, threshold=0.70)
  [CRITICAL] provider_unavailable: No data returned for RBL.NS (2y/1d)",,1000000.0,,,,,,,,,,,,,,,,,"Data Quality [RBL.NS] as of 2026-09-10T14:55:50.628837+00:00: INVALID (score=0.00, threshold=0.70)
  [CRITICAL] provider_unavailable: No data returned for RBL.NS (2y/1d)",UNKNOWN,,
2026-09-10 14:55:52.976272+00:00,RBLBANK.NS,NO TRADE,False,69.12145437211795,MODERATE,UP,DEGRADED,No risk assessment available (entry/stop/target could not be computed).; Failed check: signal is directional.; Failed check: confidence sufficient.; Failed check: risk reward sufficient.; Failed check: expected value positive.; Failed check: positive edge after costs.; Failed check: stop loss logical.; Failed check: position size within limits.; Failed check: news credibility acceptable.,,1000000.0,410.79998779296875,,68.33333333333333,,69.45315963034383,,60.0,,,70.0,69.71565345385858,,,,,,No risk assessment available (entry/stop/target could not be computed).,BULL_LOW_VOL,,
2026-09-10 14:55:54.329297+00:00,RCF.NS,NO TRADE,False,47.18291264513604,NO TRADE,UP,DEGRADED,No risk assessment available (entry/stop/target could not be computed).; Failed check: signal is directional.; Failed check: confidence sufficient.; Failed check: ai signals aligned.; Failed check: risk reward sufficient.; Failed check: expected value positive.; Failed check: positive edge after costs.; Failed check: stop loss logical.; Failed check: position size within limits.; Failed check: strong technical setup.; Failed check: market conditions acceptable.; Failed check: news credibility acceptable.,,1000000.0,112.45999908447266,,35.0,80.0,38.169404715913416,,40.0,,,40.0,72.48439828986034,,,,,,No risk assessment available (entry/stop/target could not be computed).,BEAR_LOW_VOL,30.0,
2026-09-10 14:55:55.665263+00:00,RCOM.NS,NO TRADE,False,0.0,NO TRADE,NONE,INVALID,"Data quality gate failed for RCOM.NS: status=INVALID, score=0.75 (min required 0.70). [CRITICAL] zero_volume: 135 bar(s) (27.1%) with volume below 1.; [INFO] holiday_mismatch: 1 bar(s) fall on a date the configured calendar marks as a non-trading day. Not scored as an error: this system's built-in NSE holiday list only covers fixed-date national holidays (see data/market_calendar.py) and is deliberately incomplete for variable-date holidays -- this may just mean the calendar doesn't know about a legitimate special session or holiday.; Forced NO TRADE: this system never trades on data it cannot vouch for, regardless of what any other signal would have said.",,1000000.0,0.9700000286102295,,,,,,45.0,,,,,,,,,,"Data quality gate failed for RCOM.NS: status=INVALID, score=0.75 (min required 0.70). [CRITICAL] zero_volume: 135 bar(s) (27.1%) with volume below 1.; [INFO] holiday_mismatch: 1 bar(s) fall on a date the configured calendar marks as a non-trading day. Not scored as an error: this system's built-in NSE holiday list only covers fixed-date national holidays (see data/market_calendar.py) and is deliberately incomplete for variable-date holidays -- this may just mean the calendar doesn't know about a legitimate special session or holiday.",BULL_HIGH_VOL,,
2026-09-10 14:55:57.377487+00:00,RECLTD.NS,NO TRADE,False,53.24822057375671,NO TRADE,UP,DEGRADED,No risk assessment available (entry/stop/target could not be computed).; Failed check: signal is directional.; Failed check: confidence sufficient.; Failed check: risk reward sufficient.; Failed check: expected value positive.; Failed check: positive edge after costs.; Failed check: stop loss logical.; Failed check: position size within limits.; Failed check: strong technical setup.; Failed check: news credibility acceptable.,,1000000.0,313.79998779296875,,48.333333333333336,61.0,44.6337566255089,,60.0,,,55.0,70.40472136798267,,,,,,No risk assessment available (entry/stop/target could not be computed).,BEAR_LOW_VOL,55.0,
2026-09-10 14:55:58.826906+00:00,REDINGTON.NS,NO TRADE,False,69.94312826883412,MODERATE,UP,DEGRADED,No risk assessment available (entry/stop/target could not be computed).; Failed check: signal is directional.; Failed check: confidence sufficient.; Failed check: risk reward sufficient.; Failed check: expected value positive.; Failed check: positive edge after costs.; Failed check: stop loss logical.; Failed check: position size within limits.; Failed check: news credibility acceptable.,,1000000.0,395.0,,60.0,90.0,70.0,,45.0,,,70.0,78.12313418540315,,,,,,No risk assessment available (entry/stop/target could not be computed).,BULL_HIGH_VOL,20.0,
2026-09-10 14:56:00.651444+00:00,RELAXO.NS,NO TRADE,False,47.631727402399875,NO TRADE,UP,DEGRADED,No risk assessment available (entry/stop/target could not be computed).; Failed check: signal is directional.; Failed check: confidence sufficient.; Failed check: ai signals aligned.; Failed check: risk reward sufficient.; Failed check: expected value positive.; Failed check: positive edge after costs.; Failed check: stop loss logical.; Failed check: position size within limits.; Failed check: strong technical setup.; Failed check: market conditions acceptable.; Failed check: news credibility acceptable.,,1000000.0,326.8999938964844,,33.333333333333336,72.0,30.0,,25.0,,,55.0,79.74548244996856,,,,,,No risk assessment available (entry/stop/target could not be computed).,BEAR_LOW_VOL,20.0,
2026-09-10 14:56:02.305033+00:00,RELIANCE.NS,NO TRADE,False,52.92219579846039,NO TRADE,UP,DEGRADED,No risk assessment available (entry/stop/target could not be computed).; Failed check: signal is directional.; Failed check: confidence sufficient.; Failed check: risk reward sufficient.; Failed check: expected value positive.; Failed check: positive edge after costs.; Failed check: stop loss logical.; Failed check: position size within limits.; Failed check: strong technical setup.; Failed check: news credibility acceptable.,,1000000.0,1274.0,,40.0,75.0,51.794297125092335,,40.0,,,55.0,67.47960238786146,,,,,,No risk assessment available (entry/stop/target could not be computed).,SIDEWAYS_LOW_VOL,35.0,
2026-09-10 14:56:03.661391+00:00,RELIGARE.NS,NO TRADE,False,62.903881224540136,WATCH,UP,DEGRADED,No risk assessment available (entry/stop/target could not be computed).; Failed check: signal is directional.; Failed check: confidence sufficient.; Failed check: risk reward sufficient.; Failed check: expected value positive.; Failed check: positive edge after costs.; Failed check: stop loss logical.; Failed check: position size within limits.; Failed check: strong technical setup.; Failed check: news credibility acceptable.,,1000000.0,258.010009765625,,56.666666666666664,64.0,70.0,,70.0,,,55.0,74.94852275087145,,,,,,No risk assessment available (entry/stop/target could not be computed).,SIDEWAYS_LOW_VOL,20.0,
2026-09-10 14:56:04.979312+00:00,RELINFRA.NS,NO TRADE,False,0.0,NO TRADE,NONE,INVALID,"Data quality gate failed for RELINFRA.NS: status=INVALID, score=0.75 (min required 0.70). [CRITICAL] zero_volume: 84 bar(s) (16.8%) with volume below 1.; [INFO] holiday_mismatch: 1 bar(s) fall on a date the configured calendar marks as a non-trading day. Not scored as an error: this system's built-in NSE holiday list only covers fixed-date national holidays (see data/market_calendar.py) and is deliberately incomplete for variable-date holidays -- this may just mean the calendar doesn't know about a legitimate special session or holiday.; Forced NO TRADE: this system never trades on data it cannot vouch for, regardless of what any other signal would have said.",,1000000.0,54.75,,,,,,25.0,,,,,,,,,,"Data quality gate failed for RELINFRA.NS: status=INVALID, score=0.75 (min required 0.70). [CRITICAL] zero_volume: 84 bar(s) (16.8%) with volume below 1.; [INFO] holiday_mismatch: 1 bar(s) fall on a date the configured calendar marks as a non-trading day. Not scored as an error: this system's built-in NSE holiday list only covers fixed-date national holidays (see data/market_calendar.py) and is deliberately incomplete for variable-date holidays -- this may just mean the calendar doesn't know about a legitimate special session or holiday.",BEAR_LOW_VOL,,
2026-09-10 14:56:06.221818+00:00,REMSONSIND.NS,NO TRADE,False,72.03926463246134,MODERATE,UP,DEGRADED,Failed check: news credibility acceptable.,,1000000.0,97.2300033569336,10250,71.66666666666667,75.0,70.0,,70.0,,,70.0,75.61238082557354,,3.1250000000000004,7618.744318797665,346.1193659500122,1047,Failed check: news credibility acceptable.,BULL_HIGH_VOL,45.0,
2026-09-10 14:56:08.517835+00:00,RENUKA.NS,NO TRADE,False,65.7058593443838,WATCH,NONE,DEGRADED,No risk assessment available (entry/stop/target could not be computed).; Failed check: signal is directional.; Failed check: confidence sufficient.; Failed check: risk reward sufficient.; Failed check: expected value positive.; Failed check: positive edge after costs.; Failed check: stop loss logical.; Failed check: position size within limits.; Failed check: news credibility acceptable.,,1000000.0,24.780000686645508,,61.666666666666664,42.0,70.0,,50.0,,,70.0,77.890117478672,,,,,,No risk assessment available (entry/stop/target could not be computed).,BULL_HIGH_VOL,30.0,
2026-09-10 14:56:09.698779+00:00,REPCOHOME.NS,NO TRADE,False,49.93236988306869,NO TRADE,DOWN,DEGRADED,No risk assessment available (entry/stop/target could not be computed).; Failed check: signal is directional.; Failed check: confidence sufficient.; Failed check: risk reward sufficient.; Failed check: expected value positive.; Failed check: positive edge after costs.; Failed check: stop loss logical.; Failed check: position size within limits.; Failed check: strong technical setup.; Failed check: news credibility acceptable.,,1000000.0,353.79998779296875,,41.666666666666664,,55.19287153353294,,60.0,,,40.0,72.638245331446,,,,,,No risk assessment available (entry/stop/target could not be computed).,BEAR_LOW_VOL,,
2026-09-10 14:56:11.061006+00:00,REPL.NS,NO TRADE,False,41.09260881112869,NO TRADE,DOWN,DEGRADED,No risk assessment available (entry/stop/target could not be computed).; Failed check: signal is directional.; Failed check: confidence sufficient.; Failed check: risk reward sufficient.; Failed check: expected value positive.; Failed check: positive edge after costs.; Failed check: stop loss logical.; Failed check: position size within limits.; Failed check: sufficient liquidity.; Failed check: strong technical setup.; Failed check: news credibility acceptable.,,1000000.0,60.869998931884766,,31.666666666666668,44.0,46.03466306572561,,40.0,,,25.0,71.34688519433277,,,,,,No risk assessment available (entry/stop/target could not be computed).,BEAR_HIGH_VOL,35.0,
2026-09-10 14:56:12.600285+00:00,REPRO.NS,NO TRADE,False,49.92822259625556,NO TRADE,UP,DEGRADED,No risk assessment available (entry/stop/target could not be computed).; Failed check: signal is directional.; Failed check: confidence sufficient.; Failed check: ai signals aligned.; Failed check: risk reward sufficient.; Failed check: expected value positive.; Failed check: positive edge after costs.; Failed check: stop loss logical.; Failed check: position size within limits.; Failed check: sufficient liquidity.; Failed check: strong technical setup.; Failed check: news credibility acceptable.,,1000000.0,306.8999938964844,,45.0,84.0,47.793262621154085,,60.0,,,10.0,79.02486471088064,,,,,,No risk assessment available (entry/stop/target could not be computed).,BEAR_HIGH_VOL,30.0,
2026-09-10 14:56:13.878697+00:00,RESPONIND.NS,NO TRADE,False,59.951249421123364,WATCH,UP,DEGRADED,No risk assessment available (entry/stop/target could not be computed).; Failed check: signal is directional.; Failed check: confidence sufficient.; Failed check: risk reward sufficient.; Failed check: expected value positive.; Failed check: positive edge after costs.; Failed check: stop loss logical.; Failed check: position size within limits.; Failed check: strong technical setup.; Failed check: news credibility acceptable.,,1000000.0,169.5399932861328,,53.333333333333336,65.0,61.67866541084386,,70.0,,,55.0,72.6010435662109,,,,,,No risk assessment available (entry/stop/target could not be computed).,BEAR_HIGH_VOL,55.0,
2026-09-10 14:56:14.246063+00:00,REVATHI.NS,NO TRADE,False,0.0,NO TRADE,NONE,INVALID,"Data Quality [REVATHI.NS] as of 2026-09-10T14:56:14.245966+00:00: INVALID (score=0.00, threshold=0.70)
  [CRITICAL] provider_unavailable: No data returned for REVATHI.NS (2y/1d)",,1000000.0,,,,,,,,,,,,,,,,,"Data Quality [REVATHI.NS] as of 2026-09-10T14:56:14.245966+00:00: INVALID (score=0.00, threshold=0.70)
  [CRITICAL] provider_unavailable: No data returned for REVATHI.NS (2y/1d)",UNKNOWN,,
2026-09-10 14:56:15.630819+00:00,RGL.NS,NO TRADE,False,71.23264435169325,MODERATE,UP,DEGRADED,Failed check: news credibility acceptable.,,1000000.0,156.89999389648438,6351,65.0,90.0,70.0,,60.0,,,70.0,74.42335598494769,,3.124999999999998,7628.158798570273,328.0778872375488,615,Failed check: news credibility acceptable.,BULL_HIGH_VOL,20.0,
2026-09-10 14:56:17.373541+00:00,RICOAUTO.NS,NO TRADE,False,61.0924220517966,WATCH,UP,DEGRADED,No risk assessment available (entry/stop/target could not be computed).; Failed check: signal is directional.; Failed check: confidence sufficient.; Failed check: risk reward sufficient.; Failed check: expected value positive.; Failed check: positive edge after costs.; Failed check: stop loss logical.; Failed check: position size within limits.; Failed check: strong technical setup.; Failed check: news credibility acceptable.,,1000000.0,130.0,,56.666666666666664,72.0,54.72987057149277,,70.0,,,55.0,79.21336389656142,,,,,,No risk assessment available (entry/stop/target could not be computed).,BEAR_LOW_VOL,30.0,
2026-09-10 14:56:18.950126+00:00,RIIL.NS,NO TRADE,False,43.81053569972913,NO TRADE,DOWN,DEGRADED,No risk assessment available (entry/stop/target could not be computed).; Failed check: signal is directional.; Failed check: confidence sufficient.; Failed check: risk reward sufficient.; Failed check: expected value positive.; Failed check: positive edge after costs.; Failed check: stop loss logical.; Failed check: position size within limits.; Failed check: strong technical setup.; Failed check: news credibility acceptable.,,1000000.0,714.8499755859375,,31.666666666666668,40.0,49.55782811389764,,40.0,,,40.0,72.10487394755901,,,,,,No risk assessment available (entry/stop/target could not be computed).,BEAR_LOW_VOL,30.0,
2026-09-10 14:56:20.378310+00:00,RITES.NS,NO TRADE,False,46.84227668913782,NO TRADE,UP,DEGRADED,No risk assessment available (entry/stop/target could not be computed).; Failed check: signal is directional.; Failed check: confidence sufficient.; Failed check: ai signals aligned.; Failed check: risk reward sufficient.; Failed check: expected value positive.; Failed check: positive edge after costs.; Failed check: stop loss logical.; Failed check: position size within limits.; Failed check: strong technical setup.; Failed check: news credibility acceptable.,,1000000.0,210.8000030517578,,31.666666666666668,74.0,45.11904376920837,,40.0,,,40.0,70.19183043441632,,,,,,No risk assessment available (entry/stop/target could not be computed).,BEAR_LOW_VOL,20.0,
2026-09-10 14:56:22.674109+00:00,RKDL.NS,NO TRADE,False,44.04927086197373,NO TRADE,DOWN,DEGRADED,No risk assessment available (entry/stop/target could not be computed).; Failed check: signal is directional.; Failed check: confidence sufficient.; Failed check: risk reward sufficient.; Failed check: expected value positive.; Failed check: positive edge after costs.; Failed check: stop loss logical.; Failed check: position size within limits.; Failed check: sufficient liquidity.; Failed check: strong technical setup.; Failed check: news credibility acceptable.,,1000000.0,18.31999969482422,,35.0,51.0,54.70427582662944,,40.0,,,10.0,78.3773603473246,,,,,,No risk assessment available (entry/stop/target could not be computed).,SIDEWAYS_LOW_VOL,42.0,
2026-09-10 14:56:23.958437+00:00,RKEC.NS,NO TRADE,False,25.36809678735535,NO TRADE,DOWN,DEGRADED,No risk assessment available (entry/stop/target could not be computed).; Failed check: signal is directional.; Failed check: confidence sufficient.; Failed check: risk reward sufficient.; Failed check: expected value positive.; Failed check: positive edge after costs.; Failed check: stop loss logical.; Failed check: position size within limits.; Failed check: sufficient liquidity.; Failed check: acceptable volatility.; Failed check: strong technical setup.; Failed check: market conditions acceptable.; Failed check: news credibility acceptable.,,1000000.0,19.170000076293945,,30.0,33.0,30.0,,25.0,,,10.0,15.0,,,,,,No risk assessment available (entry/stop/target could not be computed).,BEAR_HIGH_VOL,62.0,
2026-09-10 14:56:25.295591+00:00,RKFORGE.NS,NO TRADE,False,56.999410971631754,NO TRADE,UP,DEGRADED,No risk assessment available (entry/stop/target could not be computed).; Failed check: signal is directional.; Failed check: confidence sufficient.; Failed check: risk reward sufficient.; Failed check: expected value positive.; Failed check: positive edge after costs.; Failed check: stop loss logical.; Failed check: position size within limits.; Failed check: strong technical setup.; Failed check: news credibility acceptable.,,1000000.0,727.0,,46.666666666666664,70.0,55.775332098077904,,50.0,,,55.0,76.28288892774214,,,,,,No risk assessment available (entry/stop/target could not be computed).,BULL_LOW_VOL,30.0,
2026-09-10 14:56:26.715492+00:00,RML.NS,NO TRADE,False,60.057677054024275,WATCH,UP,DEGRADED,No risk assessment available (entry/stop/target could not be computed).; Failed check: signal is directional.; Failed check: confidence sufficient.; Failed check: risk reward sufficient.; Failed check: expected value positive.; Failed check: positive edge after costs.; Failed check: stop loss logical.; Failed check: position size within limits.; Failed check: strong technical setup.; Failed check: news credibility acceptable.,,1000000.0,1408.9000244140625,,45.0,70.0,70.0,,45.0,,,55.0,79.4346992890663,,,,,,No risk assessment available (entry/stop/target could not be computed).,BULL_HIGH_VOL,42.0,
2026-09-10 14:56:27.885623+00:00,RNAVAL.NS,NO TRADE,False,0.0,NO TRADE,NONE,INVALID,"Data quality gate failed for RNAVAL.NS: status=INVALID, score=0.70 (min required 0.70). [CRITICAL] zero_volume: 280 bar(s) (56.3%) with volume below 1.; [WARNING] abnormal_price_jump: 1 day(s) with |return| > 20% not matched to a supplied corporate-action date -- verify against the source before trusting this bar (could be an unlisted split/bonus, or a genuine data error).; Forced NO TRADE: this system never trades on data it cannot vouch for, regardless of what any other signal would have said.",,1000000.0,2584.5,,,,,,70.0,,,,,,,,,,"Data quality gate failed for RNAVAL.NS: status=INVALID, score=0.70 (min required 0.70). [CRITICAL] zero_volume: 280 bar(s) (56.3%) with volume below 1.; [WARNING] abnormal_price_jump: 1 day(s) with |return| > 20% not matched to a supplied corporate-action date -- verify against the source before trusting this bar (could be an unlisted split/bonus, or a genuine data error).",BULL_LOW_VOL,,
2026-09-10 14:56:29.178255+00:00,ROHLTD.NS,NO TRADE,False,52.59805710289385,NO TRADE,UP,DEGRADED,No risk assessment available (entry/stop/target could not be computed).; Failed check: signal is directional.; Failed check: confidence sufficient.; Failed check: risk reward sufficient.; Failed check: expected value positive.; Failed check: positive edge after costs.; Failed check: stop loss logical.; Failed check: position size within limits.; Failed check: sufficient liquidity.; Failed check: strong technical setup.; Failed check: news credibility acceptable.,,1000000.0,307.20001220703125,,56.666666666666664,49.0,51.874811103665564,,70.0,,,25.0,74.17735381144472,,,,,,No risk assessment available (entry/stop/target could not be computed).,BEAR_LOW_VOL,70.0,
2026-09-10 14:56:29.576307+00:00,ROLTA.NS,NO TRADE,False,0.0,NO TRADE,NONE,INVALID,"Data Quality [ROLTA.NS] as of 2026-09-10T14:56:29.576218+00:00: INVALID (score=0.00, threshold=0.70)
  [CRITICAL] provider_unavailable: No data returned for ROLTA.NS (2y/1d)",,1000000.0,,,,,,,,,,,,,,,,,"Data Quality [ROLTA.NS] as of 2026-09-10T14:56:29.576218+00:00: INVALID (score=0.00, threshold=0.70)
  [CRITICAL] provider_unavailable: No data returned for ROLTA.NS (2y/1d)",UNKNOWN,,
2026-09-10 14:56:30.770116+00:00,ROSSARI.NS,NO TRADE,False,41.656734927246795,NO TRADE,UP,DEGRADED,No risk assessment available (entry/stop/target could not be computed).; Failed check: signal is directional.; Failed check: confidence sufficient.; Failed check: ai signals aligned.; Failed check: risk reward sufficient.; Failed check: expected value positive.; Failed check: positive edge after costs.; Failed check: stop loss logical.; Failed check: position size within limits.; Failed check: sufficient liquidity.; Failed check: strong technical setup.; Failed check: market conditions acceptable.; Failed check: news credibility acceptable.,,1000000.0,451.45001220703125,,30.0,80.0,38.03032975449736,,25.0,,,10.0,75.14620539773517,,,,,,No risk assessment available (entry/stop/target could not be computed).,BEAR_LOW_VOL,20.0,
2026-09-10 14:56:32.076510+00:00,ROSSELLIND.NS,NO TRADE,False,54.092010460683696,NO TRADE,NONE,DEGRADED,No risk assessment available (entry/stop/target could not be computed).; Failed check: signal is directional.; Failed check: confidence sufficient.; Failed check: risk reward sufficient.; Failed check: expected value positive.; Failed check: positive edge after costs.; Failed check: stop loss logical.; Failed check: position size within limits.; Failed check: strong technical setup.; Failed check: news credibility acceptable.,,1000000.0,56.099998474121094,,41.666666666666664,62.0,58.47390516049373,,50.0,,,55.0,73.41630213019508,,,,,,No risk assessment available (entry/stop/target could not be computed).,SIDEWAYS_HIGH_VOL,30.0,
2026-09-10 14:56:33.732064+00:00,ROUTE.NS,NO TRADE,False,56.47239283022474,NO TRADE,UP,DEGRADED,No risk assessment available (entry/stop/target could not be computed).; Failed check: signal is directional.; Failed check: confidence sufficient.; Failed check: risk reward sufficient.; Failed check: expected value positive.; Failed check: positive edge after costs.; Failed check: stop loss logical.; Failed check: position size within limits.; Failed check: strong technical setup.; Failed check: news credibility acceptable.,,1000000.0,501.0,,45.0,80.0,51.9076679553659,,60.0,,,55.0,73.39418074170835,,,,,,No risk assessment available (entry/stop/target could not be computed).,BEAR_LOW_VOL,20.0,
2026-09-10 14:56:36.121892+00:00,RPGLIFE.NS,NO TRADE,False,57.90844588472549,NO TRADE,UP,DEGRADED,No risk assessment available (entry/stop/target could not be computed).; Failed check: signal is directional.; Failed check: confidence sufficient.; Failed check: risk reward sufficient.; Failed check: expected value positive.; Failed check: positive edge after costs.; Failed check: stop loss logical.; Failed check: position size within limits.; Failed check: sufficient liquidity.; Failed check: strong technical setup.; Failed check: news credibility acceptable.,,1000000.0,2782.699951171875,,56.666666666666664,82.0,53.91298173885688,,70.0,,,25.0,79.24326619019155,,,,,,No risk assessment available (entry/stop/target could not be computed).,BULL_HIGH_VOL,20.0,
2026-09-10 14:56:37.377482+00:00,RPPINFRA.NS,NO TRADE,False,59.85502543723654,WATCH,NONE,DEGRADED,No risk assessment available (entry/stop/target could not be computed).; Failed check: signal is directional.; Failed check: confidence sufficient.; Failed check: risk reward sufficient.; Failed check: expected value positive.; Failed check: positive edge after costs.; Failed check: stop loss logical.; Failed check: position size within limits.; Failed check: strong technical setup.; Failed check: news credibility acceptable.,,1000000.0,63.029998779296875,,53.333333333333336,49.0,68.69412832811214,,70.0,,,55.0,75.90160790191936,,,,,,No risk assessment available (entry/stop/target could not be computed).,SIDEWAYS_HIGH_VOL,35.0,
2026-09-10 14:56:38.688091+00:00,RSSOFTWARE.NS,NO TRADE,False,35.670400903607515,NO TRADE,DOWN,DEGRADED,No risk assessment available (entry/stop/target could not be computed).; Failed check: signal is directional.; Failed check: confidence sufficient.; Failed check: risk reward sufficient.; Failed check: expected value positive.; Failed check: positive edge after costs.; Failed check: stop loss logical.; Failed check: position size within limits.; Failed check: sufficient liquidity.; Failed check: strong technical setup.; Failed check: market conditions acceptable.; Failed check: news credibility acceptable.,,1000000.0,29.209999084472656,,31.666666666666668,43.0,30.0285013131623,,40.0,,,10.0,73.8836144180444,,,,,,No risk assessment available (entry/stop/target could not be computed).,BEAR_HIGH_VOL,20.0,
2026-09-10 14:56:41.004926+00:00,RSYSTEMS.NS,NO TRADE,False,52.71843945820026,NO TRADE,DOWN,DEGRADED,No risk assessment available (entry/stop/target could not be computed).; Failed check: signal is directional.; Failed check: confidence sufficient.; Failed check: risk reward sufficient.; Failed check: expected value positive.; Failed check: positive edge after costs.; Failed check: stop loss logical.; Failed check: position size within limits.; Failed check: strong technical setup.; Failed check: news credibility acceptable.,,1000000.0,243.0500030517578,,45.0,,57.578907284571,,70.0,,,40.0,77.442275822345,,,,,,No risk assessment available (entry/stop/target could not be computed).,BULL_LOW_VOL,,
2026-09-10 14:56:41.321995+00:00,RTNINFRA.NS,NO TRADE,False,0.0,NO TRADE,NONE,INVALID,"Data Quality [RTNINFRA.NS] as of 2026-09-10T14:56:41.321904+00:00: INVALID (score=0.00, threshold=0.70)
  [CRITICAL] provider_unavailable: No data returned for RTNINFRA.NS (2y/1d)",,1000000.0,,,,,,,,,,,,,,,,,"Data Quality [RTNINFRA.NS] as of 2026-09-10T14:56:41.321904+00:00: INVALID (score=0.00, threshold=0.70)
  [CRITICAL] provider_unavailable: No data returned for RTNINFRA.NS (2y/1d)",UNKNOWN,,
2026-09-10 14:56:42.493770+00:00,RTNPOWER.NS,NO TRADE,False,42.51562555068545,NO TRADE,DOWN,DEGRADED,No risk assessment available (entry/stop/target could not be computed).; Failed check: signal is directional.; Failed check: confidence sufficient.; Failed check: risk reward sufficient.; Failed check: expected value positive.; Failed check: positive edge after costs.; Failed check: stop loss logical.; Failed check: position size within limits.; Failed check: strong technical setup.; Failed check: market conditions acceptable.; Failed check: news credibility acceptable.,,1000000.0,7.269999980926514,,33.333333333333336,57.0,30.0,,25.0,,,40.0,75.46785219826306,,,,,,No risk assessment available (entry/stop/target could not be computed).,BEAR_LOW_VOL,30.0,
2026-09-10 14:56:43.969584+00:00,RUBYMILLS.NS,NO TRADE,False,65.54759632541999,WATCH,UP,DEGRADED,No risk assessment available (entry/stop/target could not be computed).; Failed check: signal is directional.; Failed check: confidence sufficient.; Failed check: risk reward sufficient.; Failed check: expected value positive.; Failed check: positive edge after costs.; Failed check: stop loss logical.; Failed check: position size within limits.; Failed check: sufficient liquidity.; Failed check: news credibility acceptable.,,1000000.0,445.8999938964844,,68.33333333333333,71.0,70.0,,70.0,,,40.0,72.31776797998411,,,,,,No risk assessment available (entry/stop/target could not be computed).,BULL_HIGH_VOL,30.0,
2026-09-10 14:56:44.316904+00:00,RUCHI.NS,NO TRADE,False,0.0,NO TRADE,NONE,INVALID,"Data Quality [RUCHI.NS] as of 2026-09-10T14:56:44.316815+00:00: INVALID (score=0.00, threshold=0.70)
  [CRITICAL] provider_unavailable: No data returned for RUCHI.NS (2y/1d)",,1000000.0,,,,,,,,,,,,,,,,,"Data Quality [RUCHI.NS] as of 2026-09-10T14:56:44.316815+00:00: INVALID (score=0.00, threshold=0.70)
  [CRITICAL] provider_unavailable: No data returned for RUCHI.NS (2y/1d)",UNKNOWN,,
2026-09-10 14:56:45.729057+00:00,RUPA.NS,NO TRADE,False,44.18897175521536,NO TRADE,UP,DEGRADED,No risk assessment available (entry/stop/target could not be computed).; Failed check: signal is directional.; Failed check: confidence sufficient.; Failed check: ai signals aligned.; Failed check: risk reward sufficient.; Failed check: expected value positive.; Failed check: positive edge after costs.; Failed check: stop loss logical.; Failed check: position size within limits.; Failed check: sufficient liquidity.; Failed check: strong technical setup.; Failed check: market conditions acceptable.; Failed check: news credibility acceptable.,,1000000.0,140.4499969482422,,33.333333333333336,90.0,39.847185868591815,,25.0,,,10.0,72.93416953030028,,,,,,No risk assessment available (entry/stop/target could not be computed).,BEAR_LOW_VOL,20.0,
2026-09-10 14:56:47.109961+00:00,RUSHIL.NS,NO TRADE,False,51.25760131571322,NO TRADE,UP,DEGRADED,No risk assessment available (entry/stop/target could not be computed).; Failed check: signal is directional.; Failed check: confidence sufficient.; Failed check: ai signals aligned.; Failed check: risk reward sufficient.; Failed check: expected value positive.; Failed check: positive edge after costs.; Failed check: stop loss logical.; Failed check: position size within limits.; Failed check: strong technical setup.; Failed check: news credibility acceptable.,,1000000.0,16.010000228881836,,35.0,80.0,43.345112296014456,,40.0,,,55.0,78.70258683458427,,,,,,No risk assessment available (entry/stop/target could not be computed).,SIDEWAYS_LOW_VOL,20.0,
2026-09-10 14:56:49.356177+00:00,RVHL.NS,NO TRADE,False,44.45063060730486,NO TRADE,UP,DEGRADED,No risk assessment available (entry/stop/target could not be computed).; Failed check: signal is directional.; Failed check: confidence sufficient.; Failed check: risk reward sufficient.; Failed check: expected value positive.; Failed check: positive edge after costs.; Failed check: stop loss logical.; Failed check: position size within limits.; Failed check: sufficient liquidity.; Failed check: strong technical setup.; Failed check: news credibility acceptable.,,1000000.0,39.45000076293945,,41.666666666666664,69.0,43.331512657902806,,60.0,,,10.0,70.70227224239348,,,,,,No risk assessment available (entry/stop/target could not be computed).,BEAR_HIGH_VOL,20.0,
2026-09-10 14:56:50.658047+00:00,RVNL.NS,NO TRADE,False,48.35831678041434,NO TRADE,UP,DEGRADED,No risk assessment available (entry/stop/target could not be computed).; Failed check: signal is directional.; Failed check: confidence sufficient.; Failed check: ai signals aligned.; Failed check: risk reward sufficient.; Failed check: expected value positive.; Failed check: positive edge after costs.; Failed check: stop loss logical.; Failed check: position size within limits.; Failed check: strong technical setup.; Failed check: market conditions acceptable.; Failed check: news credibility acceptable.,,1000000.0,205.60000610351562,,38.333333333333336,78.0,37.5227938124785,,40.0,,,40.0,71.76458312426982,,,,,,No risk assessment available (entry/stop/target could not be computed).,BEAR_LOW_VOL,20.0,
2026-09-10 14:56:51.985813+00:00,SADBHAV.NS,NO TRADE,False,45.69634717742515,NO TRADE,NONE,DEGRADED,No risk assessment available (entry/stop/target could not be computed).; Failed check: signal is directional.; Failed check: confidence sufficient.; Failed check: risk reward sufficient.; Failed check: expected value positive.; Failed check: positive edge after costs.; Failed check: stop loss logical.; Failed check: position size within limits.; Failed check: strong technical setup.; Failed check: news credibility acceptable.,,1000000.0,8.0600004196167,,35.0,63.0,40.26437444521038,,50.0,,,40.0,72.81925100797478,,,,,,No risk assessment available (entry/stop/target could not be computed).,BEAR_HIGH_VOL,30.0,
2026-09-10 14:56:53.196078+00:00,SADBHIN.NS,NO TRADE,False,51.47540796860585,NO TRADE,NONE,DEGRADED,No risk assessment available (entry/stop/target could not be computed).; Failed check: signal is directional.; Failed check: confidence sufficient.; Failed check: risk reward sufficient.; Failed check: expected value positive.; Failed check: positive edge after costs.; Failed check: stop loss logical.; Failed check: position size within limits.; Failed check: strong technical setup.; Failed check: news credibility acceptable.,,1000000.0,2.5299999713897705,,43.333333333333336,60.0,41.290478250455244,,40.0,,,55.0,76.68366728018844,,,,,,No risk assessment available (entry/stop/target could not be computed).,BEAR_HIGH_VOL,30.0,
2026-09-10 14:56:54.556921+00:00,SAFARI.NS,NO TRADE,False,51.285504567782844,NO TRADE,UP,DEGRADED,No risk assessment available (entry/stop/target could not be computed).; Failed check: signal is directional.; Failed check: confidence sufficient.; Failed check: risk reward sufficient.; Failed check: expected value positive.; Failed check: positive edge after costs.; Failed check: stop loss logical.; Failed check: position size within limits.; Failed check: sufficient liquidity.; Failed check: strong technical setup.; Failed check: news credibility acceptable.,,1000000.0,1501.5999755859375,,45.0,63.0,58.52338719549481,,70.0,,,25.0,72.29189220142948,,,,,,No risk assessment available (entry/stop/target could not be computed).,BEAR_LOW_VOL,20.0,
2026-09-10 14:56:55.801313+00:00,SAGCEM.NS,NO TRADE,False,37.70233379195314,NO TRADE,DOWN,DEGRADED,No risk assessment available (entry/stop/target could not be computed).; Failed check: signal is directional.; Failed check: confidence sufficient.; Failed check: risk reward sufficient.; Failed check: expected value positive.; Failed check: positive edge after costs.; Failed check: stop loss logical.; Failed check: position size within limits.; Failed check: sufficient liquidity.; Failed check: strong technical setup.; Failed check: market conditions acceptable.; Failed check: news credibility acceptable.,,1000000.0,150.33999633789062,,33.333333333333336,54.0,30.244165760894944,,25.0,,,10.0,76.99269742692715,,,,,,No risk assessment available (entry/stop/target could not be computed).,BEAR_LOW_VOL,30.0,
2026-09-10 14:56:57.503499+00:00,SAIL.NS,NO TRADE,False,61.52000434289579,WATCH,UP,DEGRADED,No risk assessment available (entry/stop/target could not be computed).; Failed check: signal is directional.; Failed check: confidence sufficient.; Failed check: risk reward sufficient.; Failed check: expected value positive.; Failed check: positive edge after costs.; Failed check: stop loss logical.; Failed check: position size within limits.; Failed check: strong technical setup.; Failed check: news credibility acceptable.,,1000000.0,183.75,,46.666666666666664,80.0,70.0,,50.0,,,55.0,76.99992341989342,,,,,,No risk assessment available (entry/stop/target could not be computed).,BULL_HIGH_VOL,30.0,
2026-09-10 14:56:58.913783+00:00,SAKAR.NS,NO TRADE,False,68.40485115902818,WATCH,UP,DEGRADED,No risk assessment available (entry/stop/target could not be computed).; Failed check: signal is directional.; Failed check: confidence sufficient.; Failed check: risk reward sufficient.; Failed check: expected value positive.; Failed check: positive edge after costs.; Failed check: stop loss logical.; Failed check: position size within limits.; Failed check: news credibility acceptable.,,1000000.0,1117.300048828125,,63.333333333333336,74.0,70.0,,45.0,,,70.0,72.82651634595567,,,,,,No risk assessment available (entry/stop/target could not be computed).,BULL_HIGH_VOL,20.0,
2026-09-10 14:57:00.101718+00:00,SAKHTISUG.NS,NO TRADE,False,57.981965893664785,NO TRADE,NONE,DEGRADED,No risk assessment available (entry/stop/target could not be computed).; Failed check: signal is directional.; Failed check: confidence sufficient.; Failed check: risk reward sufficient.; Failed check: expected value positive.; Failed check: positive edge after costs.; Failed check: stop loss logical.; Failed check: position size within limits.; Failed check: strong technical setup.; Failed check: news credibility acceptable.,,1000000.0,19.190000534057617,,46.666666666666664,54.0,70.0,,50.0,,,55.0,73.9919980219494,,,,,,No risk assessment available (entry/stop/target could not be computed).,BULL_HIGH_VOL,55.0,
2026-09-10 14:57:01.411096+00:00,SAKSOFT.NS,NO TRADE,False,43.83657846455203,NO TRADE,NONE,DEGRADED,No risk assessment available (entry/stop/target could not be computed).; Failed check: signal is directional.; Failed check: confidence sufficient.; Failed check: risk reward sufficient.; Failed check: expected value positive.; Failed check: positive edge after costs.; Failed check: stop loss logical.; Failed check: position size within limits.; Failed check: strong technical setup.; Failed check: market conditions acceptable.; Failed check: news credibility acceptable.,,1000000.0,147.5,,31.666666666666668,64.0,34.551948156481615,,40.0,,,40.0,77.56849628614897,,,,,,No risk assessment available (entry/stop/target could not be computed).,BEAR_LOW_VOL,20.0,
2026-09-10 14:57:03.729162+00:00,SAKUMA.NS,NO TRADE,False,55.72171203487808,NO TRADE,UP,DEGRADED,No risk assessment available (entry/stop/target could not be computed).; Failed check: signal is directional.; Failed check: confidence sufficient.; Failed check: risk reward sufficient.; Failed check: expected value positive.; Failed check: positive edge after costs.; Failed check: stop loss logical.; Failed check: position size within limits.; Failed check: strong technical setup.; Failed check: news credibility acceptable.,,1000000.0,1.600000023841858,,48.333333333333336,75.0,53.58678017052423,,60.0,,,40.0,76.18554568768987,,,,,,No risk assessment available (entry/stop/target could not be computed).,BEAR_HIGH_VOL,20.0,
2026-09-10 14:57:05.122868+00:00,SALASAR.NS,NO TRADE,False,41.27561373779112,NO TRADE,DOWN,DEGRADED,No risk assessment available (entry/stop/target could not be computed).; Failed check: signal is directional.; Failed check: confidence sufficient.; Failed check: risk reward sufficient.; Failed check: expected value positive.; Failed check: positive edge after costs.; Failed check: stop loss logical.; Failed check: position size within limits.; Failed check: strong technical setup.; Failed check: market conditions acceptable.; Failed check: news credibility acceptable.,,1000000.0,5.03000020980835,,33.333333333333336,44.0,30.0,,25.0,,,40.0,77.0888684833196,,,,,,No risk assessment available (entry/stop/target could not be computed).,BEAR_HIGH_VOL,45.0,
2026-09-10 14:57:06.427254+00:00,SALONA.NS,NO TRADE,False,51.56463719070916,NO TRADE,NONE,DEGRADED,No risk assessment available (entry/stop/target could not be computed).; Failed check: signal is directional.; Failed check: confidence sufficient.; Failed check: risk reward sufficient.; Failed check: expected value positive.; Failed check: positive edge after costs.; Failed check: stop loss logical.; Failed check: position size within limits.; Failed check: sufficient liquidity.; Failed check: strong technical setup.; Failed check: news credibility acceptable.,,1000000.0,262.75,,46.666666666666664,56.0,60.657358199825026,,50.0,,,25.0,73.185596028416,,,,,,No risk assessment available (entry/stop/target could not be computed).,SIDEWAYS_HIGH_VOL,55.0,
2026-09-10 14:57:07.647236+00:00,SALSTEEL.NS,NO TRADE,False,56.88283258789872,NO TRADE,DOWN,DEGRADED,No risk assessment available (entry/stop/target could not be computed).; Failed check: signal is directional.; Failed check: confidence sufficient.; Failed check: risk reward sufficient.; Failed check: expected value positive.; Failed check: positive edge after costs.; Failed check: stop loss logical.; Failed check: position size within limits.; Failed check: strong technical setup.; Failed check: news credibility acceptable.,,1000000.0,76.62999725341797,,51.666666666666664,35.0,70.0,,50.0,,,55.0,69.36838567546357,,,,,,No risk assessment available (entry/stop/target could not be computed).,BULL_HIGH_VOL,55.0,
2026-09-10 14:57:08.827256+00:00,SALZERELEC.NS,NO TRADE,False,50.80520042698293,NO TRADE,UP,DEGRADED,No risk assessment available (entry/stop/target could not be computed).; Failed check: signal is directional.; Failed check: confidence sufficient.; Failed check: risk reward sufficient.; Failed check: expected value positive.; Failed check: positive edge after costs.; Failed check: stop loss logical.; Failed check: position size within limits.; Failed check: sufficient liquidity.; Failed check: strong technical setup.; Failed check: news credibility acceptable.,,1000000.0,550.1500244140625,,45.0,75.0,49.080618977921,,60.0,,,25.0,74.6327365959336,,,,,,No risk assessment available (entry/stop/target could not be computed).,BEAR_LOW_VOL,45.0,
2026-09-10 14:57:09.927208+00:00,SAMBHAAV.NS,NO TRADE,False,36.47910634417457,NO TRADE,DOWN,DEGRADED,No risk assessment available (entry/stop/target could not be computed).; Failed check: signal is directional.; Failed check: confidence sufficient.; Failed check: risk reward sufficient.; Failed check: expected value positive.; Failed check: positive edge after costs.; Failed check: stop loss logical.; Failed check: position size within limits.; Failed check: sufficient liquidity.; Failed check: strong technical setup.; Failed check: market conditions acceptable.; Failed check: news credibility acceptable.,,1000000.0,5.820000171661377,,31.666666666666668,54.0,36.367408690010805,,40.0,,,10.0,64.34059733141913,,,,,,No risk assessment available (entry/stop/target could not be computed).,BEAR_LOW_VOL,20.0,
2026-09-10 14:57:11.234743+00:00,SANCO.NS,NO TRADE,False,0.0,NO TRADE,NONE,INVALID,"Data quality gate failed for SANCO.NS: status=INVALID, score=0.75 (min required 0.70). [CRITICAL] zero_volume: 124 bar(s) (24.9%) with volume below 1.; [INFO] holiday_mismatch: 1 bar(s) fall on a date the configured calendar marks as a non-trading day. Not scored as an error: this system's built-in NSE holiday list only covers fixed-date national holidays (see data/market_calendar.py) and is deliberately incomplete for variable-date holidays -- this may just mean the calendar doesn't know about a legitimate special session or holiday.; Forced NO TRADE: this system never trades on data it cannot vouch for, regardless of what any other signal would have said.",,1000000.0,2.9000000953674316,,,,,,60.0,,,,,,,,,,"Data quality gate failed for SANCO.NS: status=INVALID, score=0.75 (min required 0.70). [CRITICAL] zero_volume: 124 bar(s) (24.9%) with volume below 1.; [INFO] holiday_mismatch: 1 bar(s) fall on a date the configured calendar marks as a non-trading day. Not scored as an error: this system's built-in NSE holiday list only covers fixed-date national holidays (see data/market_calendar.py) and is deliberately incomplete for variable-date holidays -- this may just mean the calendar doesn't know about a legitimate special session or holiday.",SIDEWAYS_LOW_VOL,,
2026-09-10 14:57:12.667668+00:00,SANDESH.NS,NO TRADE,False,50.99847573233633,NO TRADE,UP,DEGRADED,No risk assessment available (entry/stop/target could not be computed).; Failed check: signal is directional.; Failed check: confidence sufficient.; Failed check: risk reward sufficient.; Failed check: expected value positive.; Failed check: positive edge after costs.; Failed check: stop loss logical.; Failed check: position size within limits.; Failed check: sufficient liquidity.; Failed check: strong technical setup.; Failed check: news credibility acceptable.,,1000000.0,1021.0999755859375,,46.666666666666664,69.0,47.01548078198841,,50.0,,,25.0,79.62567792684722,,,,,,No risk assessment available (entry/stop/target could not be computed).,SIDEWAYS_LOW_VOL,20.0,
2026-09-10 14:57:14.387320+00:00,SANDHAR.NS,NO TRADE,False,59.50368304558666,WATCH,UP,DEGRADED,No risk assessment available (entry/stop/target could not be computed).; Failed check: signal is directional.; Failed check: confidence sufficient.; Failed check: ai signals aligned.; Failed check: risk reward sufficient.; Failed check: expected value positive.; Failed check: positive edge after costs.; Failed check: stop loss logical.; Failed check: position size within limits.; Failed check: strong technical setup.; Failed check: news credibility acceptable.,,1000000.0,627.25,,43.333333333333336,90.0,61.224472074908505,,40.0,,,55.0,77.3645376503349,,,,,,No risk assessment available (entry/stop/target could not be computed).,BEAR_LOW_VOL,30.0,
2026-09-10 14:57:14.567305+00:00,SANGHIIND.NS,NO TRADE,False,0.0,NO TRADE,NONE,INVALID,"Technical analysis could not run: SANGHIIND.NS: need at least 20 bars for technical analysis, got 1",,1000000.0,,,,,,,,,,,,,,,,,"Technical analysis could not run: SANGHIIND.NS: need at least 20 bars for technical analysis, got 1",UNKNOWN,,
2026-09-10 14:57:17.301545+00:00,SANGHVIMOV.NS,NO TRADE,False,54.23312440316037,NO TRADE,UP,DEGRADED,No risk assessment available (entry/stop/target could not be computed).; Failed check: signal is directional.; Failed check: confidence sufficient.; Failed check: ai signals aligned.; Failed check: risk reward sufficient.; Failed check: expected value positive.; Failed check: positive edge after costs.; Failed check: stop loss logical.; Failed check: position size within limits.; Failed check: strong technical setup.; Failed check: market conditions acceptable.; Failed check: news credibility acceptable.,,1000000.0,434.1499938964844,,43.333333333333336,94.0,34.83879021083247,,40.0,,,55.0,76.94092051445638,,,,,,No risk assessment available (entry/stop/target could not be computed).,SIDEWAYS_LOW_VOL,30.0,
2026-09-10 14:57:18.544170+00:00,SANGINITA.NS,NO TRADE,False,63.840731560153145,WATCH,UP,DEGRADED,No risk assessment available (entry/stop/target could not be computed).; Failed check: signal is directional.; Failed check: confidence sufficient.; Failed check: risk reward sufficient.; Failed check: expected value positive.; Failed check: positive edge after costs.; Failed check: stop loss logical.; Failed check: position size within limits.; Failed check: news credibility acceptable.,,1000000.0,64.38999938964844,,61.666666666666664,49.0,70.0,,70.0,,,55.0,77.86277169139416,,,,,,No risk assessment available (entry/stop/target could not be computed).,BULL_HIGH_VOL,20.0,
2026-09-10 14:57:19.997701+00:00,SANOFI.NS,NO TRADE,False,41.205775428396024,NO TRADE,DOWN,DEGRADED,No risk assessment available (entry/stop/target could not be computed).; Failed check: signal is directional.; Failed check: confidence sufficient.; Failed check: risk reward sufficient.; Failed check: expected value positive.; Failed check: positive edge after costs.; Failed check: stop loss logical.; Failed check: position size within limits.; Failed check: sufficient liquidity.; Failed check: strong technical setup.; Failed check: news credibility acceptable.,,1000000.0,3106.0,,38.333333333333336,,48.84742587584534,,40.0,,,10.0,68.13018042327477,,,,,,No risk assessment available (entry/stop/target could not be computed).,BEAR_LOW_VOL,,
2026-09-10 14:57:21.461263+00:00,SARDAEN.NS,NO TRADE,False,68.13248068389288,WATCH,UP,DEGRADED,No risk assessment available (entry/stop/target could not be computed).; Failed check: signal is directional.; Failed check: confidence sufficient.; Failed check: risk reward sufficient.; Failed check: expected value positive.; Failed check: positive edge after costs.; Failed check: stop loss logical.; Failed check: position size within limits.; Failed check: news credibility acceptable.,,1000000.0,537.25,,68.33333333333333,69.0,62.62203490121394,,70.0,,,70.0,73.34054605430421,,,,,,No risk assessment available (entry/stop/target could not be computed).,BULL_HIGH_VOL,20.0,
2026-09-10 14:57:22.842988+00:00,SAREGAMA.NS,NO TRADE,False,57.02459909447722,NO TRADE,UP,DEGRADED,No risk assessment available (entry/stop/target could not be computed).; Failed check: signal is directional.; Failed check: confidence sufficient.; Failed check: ai signals aligned.; Failed check: risk reward sufficient.; Failed check: expected value positive.; Failed check: positive edge after costs.; Failed check: stop loss logical.; Failed check: position size within limits.; Failed check: strong technical setup.; Failed check: news credibility acceptable.,,1000000.0,505.1499938964844,,46.666666666666664,82.0,47.321504764317936,,50.0,,,55.0,78.06903408146073,,,,,,No risk assessment available (entry/stop/target could not be computed).,SIDEWAYS_LOW_VOL,20.0,
2026-09-10 14:57:24.123095+00:00,SARLAPOLY.NS,NO TRADE,False,57.1298831954279,NO TRADE,UP,DEGRADED,No risk assessment available (entry/stop/target could not be computed).; Failed check: signal is directional.; Failed check: confidence sufficient.; Failed check: risk reward sufficient.; Failed check: expected value positive.; Failed check: positive edge after costs.; Failed check: stop loss logical.; Failed check: position size within limits.; Failed check: sufficient liquidity.; Failed check: strong technical setup.; Failed check: news credibility acceptable.,,1000000.0,101.30999755859375,,56.666666666666664,74.0,56.817795966942256,,70.0,,,25.0,75.09163621140533,,,,,,No risk assessment available (entry/stop/target could not be computed).,SIDEWAYS_LOW_VOL,20.0,
2026-09-10 14:57:25.523811+00:00,SASKEN.NS,NO TRADE,False,42.10105865341283,NO TRADE,NONE,DEGRADED,No risk assessment available (entry/stop/target could not be computed).; Failed check: signal is directional.; Failed check: confidence sufficient.; Failed check: ai signals aligned.; Failed check: risk reward sufficient.; Failed check: expected value positive.; Failed check: positive edge after costs.; Failed check: stop loss logical.; Failed check: position size within limits.; Failed check: sufficient liquidity.; Failed check: strong technical setup.; Failed check: market conditions acceptable.; Failed check: news credibility acceptable.,,1000000.0,1777.5999755859375,,28.333333333333332,76.0,34.890633416075346,,40.0,,,10.0,76.75963746373512,,,,,,No risk assessment available (entry/stop/target could not be computed).,BEAR_LOW_VOL,40.0,
2026-09-10 14:57:25.830551+00:00,SASTASUNDR.NS,NO TRADE,False,0.0,NO TRADE,NONE,INVALID,"Data Quality [SASTASUNDR.NS] as of 2026-09-10T14:57:25.830452+00:00: INVALID (score=0.00, threshold=0.70)
  [CRITICAL] provider_unavailable: No data returned for SASTASUNDR.NS (2y/1d)",,1000000.0,,,,,,,,,,,,,,,,,"Data Quality [SASTASUNDR.NS] as of 2026-09-10T14:57:25.830452+00:00: INVALID (score=0.00, threshold=0.70)
  [CRITICAL] provider_unavailable: No data returned for SASTASUNDR.NS (2y/1d)",UNKNOWN,,
2026-09-10 14:57:27.133500+00:00,SATIA.NS,NO TRADE,False,65.54409305568332,WATCH,UP,DEGRADED,No risk assessment available (entry/stop/target could not be computed).; Failed check: signal is directional.; Failed check: confidence sufficient.; Failed check: risk reward sufficient.; Failed check: expected value positive.; Failed check: positive edge after costs.; Failed check: stop loss logical.; Failed check: position size within limits.; Failed check: news credibility acceptable.,,1000000.0,68.56999969482422,,60.0,49.0,70.0,,45.0,,,70.0,78.52507994169017,,,,,,No risk assessment available (entry/stop/target could not be computed).,BULL_HIGH_VOL,20.0,
2026-09-10 14:57:28.467877+00:00,SATIN.NS,NO TRADE,False,55.60430909467321,NO TRADE,UP,DEGRADED,No risk assessment available (entry/stop/target could not be computed).; Failed check: signal is directional.; Failed check: confidence sufficient.; Failed check: risk reward sufficient.; Failed check: expected value positive.; Failed check: positive edge after costs.; Failed check: stop loss logical.; Failed check: position size within limits.; Failed check: strong technical setup.; Failed check: news credibility acceptable.,,1000000.0,217.2100067138672,,41.666666666666664,76.0,53.75394949756915,,60.0,,,55.0,77.86260779478657,,,,,,No risk assessment available (entry/stop/target could not be computed).,BEAR_LOW_VOL,55.0,
2026-09-10 14:57:30.698770+00:00,SBICARD.NS,NO TRADE,False,68.06335335975115,WATCH,UP,DEGRADED,No risk assessment available (entry/stop/target could not be computed).; Failed check: signal is directional.; Failed check: confidence sufficient.; Failed check: risk reward sufficient.; Failed check: expected value positive.; Failed check: positive edge after costs.; Failed check: stop loss logical.; Failed check: position size within limits.; Failed check: news credibility acceptable.,,1000000.0,666.2999877929688,,68.33333333333333,64.0,65.18439227908337,,70.0,,,70.0,72.98488248176682,,,,,,No risk assessment available (entry/stop/target could not be computed).,BULL_LOW_VOL,55.0,
2026-09-10 14:57:32.088701+00:00,SBILIFE.NS,NO TRADE,False,47.932916502530446,NO TRADE,NONE,DEGRADED,No risk assessment available (entry/stop/target could not be computed).; Failed check: signal is directional.; Failed check: confidence sufficient.; Failed check: risk reward sufficient.; Failed check: expected value positive.; Failed check: positive edge after costs.; Failed check: stop loss logical.; Failed check: position size within limits.; Failed check: strong technical setup.; Failed check: news credibility acceptable.,,1000000.0,1700.5999755859375,,38.333333333333336,62.0,46.77237176138724,,40.0,,,40.0,69.44096076315877,,,,,,No risk assessment available (entry/stop/target could not be computed).,SIDEWAYS_LOW_VOL,30.0,
2026-09-10 14:57:33.892619+00:00,SBIN.NS,NO TRADE,False,48.82822353900093,NO TRADE,UP,DEGRADED,No risk assessment available (entry/stop/target could not be computed).; Failed check: signal is directional.; Failed check: confidence sufficient.; Failed check: ai signals aligned.; Failed check: risk reward sufficient.; Failed check: expected value positive.; Failed check: positive edge after costs.; Failed check: stop loss logical.; Failed check: position size within limits.; Failed check: strong technical setup.; Failed check: news credibility acceptable.,,1000000.0,1009.7000122070312,,35.0,84.0,46.426016227555714,,40.0,,,40.0,67.76675945165024,,,,,,No risk assessment available (entry/stop/target could not be computed).,SIDEWAYS_LOW_VOL,30.0,
2026-09-10 14:57:34.239714+00:00,SCAPDVR.NS,NO TRADE,False,0.0,NO TRADE,NONE,INVALID,"Data Quality [SCAPDVR.NS] as of 2026-09-10T14:57:34.239619+00:00: INVALID (score=0.00, threshold=0.70)
  [CRITICAL] provider_unavailable: No data returned for SCAPDVR.NS (2y/1d)",,1000000.0,,,,,,,,,,,,,,,,,"Data Quality [SCAPDVR.NS] as of 2026-09-10T14:57:34.239619+00:00: INVALID (score=0.00, threshold=0.70)
  [CRITICAL] provider_unavailable: No data returned for SCAPDVR.NS (2y/1d)",UNKNOWN,,
2026-09-10 14:57:35.601974+00:00,SCHAEFFLER.NS,NO TRADE,False,38.70382484878085,NO TRADE,DOWN,DEGRADED,No risk assessment available (entry/stop/target could not be computed).; Failed check: signal is directional.; Failed check: confidence sufficient.; Failed check: risk reward sufficient.; Failed check: expected value positive.; Failed check: positive edge after costs.; Failed check: stop loss logical.; Failed check: position size within limits.; Failed check: sufficient liquidity.; Failed check: strong technical setup.; Failed check: news credibility acceptable.,,1000000.0,3945.0,,31.666666666666668,,48.97172979525617,,40.0,,,10.0,69.59868773313416,,,,,,No risk assessment available (entry/stop/target could not be computed).,SIDEWAYS_LOW_VOL,,
2026-09-10 14:57:36.966433+00:00,SCHAND.NS,NO TRADE,False,53.05966225908641,NO TRADE,UP,DEGRADED,No risk assessment available (entry/stop/target could not be computed).; Failed check: signal is directional.; Failed check: confidence sufficient.; Failed check: risk reward sufficient.; Failed check: expected value positive.; Failed check: positive edge after costs.; Failed check: stop loss logical.; Failed check: position size within limits.; Failed check: sufficient liquidity.; Failed check: strong technical setup.; Failed check: news credibility acceptable.,,1000000.0,135.4199981689453,,48.333333333333336,80.0,52.60309294688492,,60.0,,,25.0,74.76110953686403,,,,,,No risk assessment available (entry/stop/target could not be computed).,BEAR_LOW_VOL,20.0,
2026-09-10 14:57:38.556827+00:00,SCHNEIDER.NS,NO TRADE,False,46.442146502967134,NO TRADE,DOWN,DEGRADED,No risk assessment available (entry/stop/target could not be computed).; Failed check: signal is directional.; Failed check: confidence sufficient.; Failed check: risk reward sufficient.; Failed check: expected value positive.; Failed check: positive edge after costs.; Failed check: stop loss logical.; Failed check: position size within limits.; Failed check: strong technical setup.; Failed check: market conditions acceptable.; Failed check: news credibility acceptable.,,1000000.0,1194.9000244140625,,41.666666666666664,41.0,30.57741319571268,,60.0,,,55.0,78.03702057086778,,,,,,No risk assessment available (entry/stop/target could not be computed).,BEAR_HIGH_VOL,45.0,
2026-09-10 14:57:40.158315+00:00,SCI.NS,NO TRADE,False,57.93820132438417,NO TRADE,UP,DEGRADED,No risk assessment available (entry/stop/target could not be computed).; Failed check: signal is directional.; Failed check: confidence sufficient.; Failed check: ai signals aligned.; Failed check: risk reward sufficient.; Failed check: expected value positive.; Failed check: positive edge after costs.; Failed check: stop loss logical.; Failed check: position size within limits.; Failed check: strong technical setup.; Failed check: news credibility acceptable.,,1000000.0,285.25,,43.333333333333336,90.0,52.46585224362437,,40.0,,,55.0,74.53706846897393,,,,,,No risk assessment available (entry/stop/target could not be computed).,BEAR_LOW_VOL,35.0,
2026-09-10 14:57:41.361646+00:00,SDBL.NS,NO TRADE,False,49.82600570628183,NO TRADE,DOWN,DEGRADED,No risk assessment available (entry/stop/target could not be computed).; Failed check: signal is directional.; Failed check: confidence sufficient.; Failed check: risk reward sufficient.; Failed check: expected value positive.; Failed check: positive edge after costs.; Failed check: stop loss logical.; Failed check: position size within limits.; Failed check: strong technical setup.; Failed check: news credibility acceptable.,,1000000.0,71.05999755859375,,40.0,41.0,48.31475435109445,,40.0,,,55.0,76.10519242019042,,,,,,No risk assessment available (entry/stop/target could not be computed).,SIDEWAYS_LOW_VOL,30.0,
2026-09-10 14:57:42.623052+00:00,SEAMECLTD.NS,NO TRADE,False,70.12274756302456,MODERATE,UP,DEGRADED,Failed check: news credibility acceptable.,,1000000.0,1774.0,561,63.333333333333336,84.0,70.0,,45.0,,,70.0,75.13895403415275,,3.1250000000000027,7389.914390078881,536.8124,89,Failed check: news credibility acceptable.,BULL_LOW_VOL,20.0,
2026-09-10 14:57:43.939880+00:00,SELAN.NS,NO TRADE,False,0.0,NO TRADE,NONE,INVALID,"Data Quality [SELAN.NS] as of 2026-09-10T14:57:43.939791+00:00: INVALID (score=0.00, threshold=0.70)
  [CRITICAL] provider_unavailable: No data returned for SELAN.NS (2y/1d)",,1000000.0,,,,,,,,,,,,,,,,,"Data Quality [SELAN.NS] as of 2026-09-10T14:57:43.939791+00:00: INVALID (score=0.00, threshold=0.70)
  [CRITICAL] provider_unavailable: No data returned for SELAN.NS (2y/1d)",UNKNOWN,,
2026-09-10 14:57:44.488687+00:00,SEQUENT.NS,NO TRADE,False,0.0,NO TRADE,NONE,INVALID,"Data Quality [SEQUENT.NS] as of 2026-09-10T14:57:44.488586+00:00: INVALID (score=0.00, threshold=0.70)
  [CRITICAL] provider_unavailable: No data returned for SEQUENT.NS (2y/1d)",,1000000.0,,,,,,,,,,,,,,,,,"Data Quality [SEQUENT.NS] as of 2026-09-10T14:57:44.488586+00:00: INVALID (score=0.00, threshold=0.70)
  [CRITICAL] provider_unavailable: No data returned for SEQUENT.NS (2y/1d)",UNKNOWN,,
2026-09-10 14:57:45.810658+00:00,SESHAPAPER.NS,NO TRADE,False,65.74020047644794,WATCH,UP,DEGRADED,No risk assessment available (entry/stop/target could not be computed).; Failed check: signal is directional.; Failed check: confidence sufficient.; Failed check: risk reward sufficient.; Failed check: expected value positive.; Failed check: positive edge after costs.; Failed check: stop loss logical.; Failed check: position size within limits.; Failed check: sufficient liquidity.; Failed check: news credibility acceptable.,,1000000.0,246.9600067138672,,65.0,82.0,70.0,,60.0,,,40.0,75.58843948624946,,,,,,No risk assessment available (entry/stop/target could not be computed).,BULL_LOW_VOL,30.0,
2026-09-10 14:57:47.093790+00:00,SETCO.NS,NO TRADE,False,0.0,NO TRADE,NONE,INVALID,"Data quality gate failed for SETCO.NS: status=INVALID, score=0.60 (min required 0.70). [CRITICAL] invalid_ohlc: 1 bar(s) with an invalid OHLC relationship (e.g. High < Low, non-positive price) or NaN price.; [WARNING] zero_volume: 3 bar(s) (0.6%) with volume below 1.; [INFO] holiday_mismatch: 1 bar(s) fall on a date the configured calendar marks as a non-trading day. Not scored as an error: this system's built-in NSE holiday list only covers fixed-date national holidays (see data/market_calendar.py) and is deliberately incomplete for variable-date holidays -- this may just mean the calendar doesn't know about a legitimate special session or holiday.; Forced NO TRADE: this system never trades on data it cannot vouch for, regardless of what any other signal would have said.",,1000000.0,17.15999984741211,,,,,,40.0,,,,,,,,,,"Data quality gate failed for SETCO.NS: status=INVALID, score=0.60 (min required 0.70). [CRITICAL] invalid_ohlc: 1 bar(s) with an invalid OHLC relationship (e.g. High < Low, non-positive price) or NaN price.; [WARNING] zero_volume: 3 bar(s) (0.6%) with volume below 1.; [INFO] holiday_mismatch: 1 bar(s) fall on a date the configured calendar marks as a non-trading day. Not scored as an error: this system's built-in NSE holiday list only covers fixed-date national holidays (see data/market_calendar.py) and is deliberately incomplete for variable-date holidays -- this may just mean the calendar doesn't know about a legitimate special session or holiday.",BULL_LOW_VOL,,
2026-09-10 14:57:48.115782+00:00,SEYAIND.NS,NO TRADE,False,0.0,NO TRADE,NONE,INVALID,"Data quality gate failed for SEYAIND.NS: status=INVALID, score=0.75 (min required 0.70). [CRITICAL] zero_volume: 155 bar(s) (31.1%) with volume below 1.; [INFO] holiday_mismatch: 1 bar(s) fall on a date the configured calendar marks as a non-trading day. Not scored as an error: this system's built-in NSE holiday list only covers fixed-date national holidays (see data/market_calendar.py) and is deliberately incomplete for variable-date holidays -- this may just mean the calendar doesn't know about a legitimate special session or holiday.; Forced NO TRADE: this system never trades on data it cannot vouch for, regardless of what any other signal would have said.",,1000000.0,12.4399995803833,,,,,,70.0,,,,,,,,,,"Data quality gate failed for SEYAIND.NS: status=INVALID, score=0.75 (min required 0.70). [CRITICAL] zero_volume: 155 bar(s) (31.1%) with volume below 1.; [INFO] holiday_mismatch: 1 bar(s) fall on a date the configured calendar marks as a non-trading day. Not scored as an error: this system's built-in NSE holiday list only covers fixed-date national holidays (see data/market_calendar.py) and is deliberately incomplete for variable-date holidays -- this may just mean the calendar doesn't know about a legitimate special session or holiday.",SIDEWAYS_LOW_VOL,,
2026-09-10 14:57:49.390564+00:00,SFL.NS,NO TRADE,False,62.918222927316364,WATCH,UP,DEGRADED,No risk assessment available (entry/stop/target could not be computed).; Failed check: signal is directional.; Failed check: confidence sufficient.; Failed check: risk reward sufficient.; Failed check: expected value positive.; Failed check: positive edge after costs.; Failed check: stop loss logical.; Failed check: position size within limits.; Failed check: strong technical setup.; Failed check: news credibility acceptable.,,1000000.0,698.9500122070312,,56.666666666666664,82.0,57.865234254590206,,70.0,,,55.0,77.636005230574,,,,,,No risk assessment available (entry/stop/target could not be computed).,BEAR_LOW_VOL,20.0,
2026-09-10 14:57:50.678415+00:00,SGL.NS,NO TRADE,False,50.85126180162932,NO TRADE,NONE,DEGRADED,No risk assessment available (entry/stop/target could not be computed).; Failed check: signal is directional.; Failed check: confidence sufficient.; Failed check: risk reward sufficient.; Failed check: expected value positive.; Failed check: positive edge after costs.; Failed check: stop loss logical.; Failed check: position size within limits.; Failed check: sufficient liquidity.; Failed check: strong technical setup.; Failed check: news credibility acceptable.,,1000000.0,9.899999618530273,,46.666666666666664,49.0,60.575898219740736,,50.0,,,25.0,73.69786935072091,,,,,,No risk assessment available (entry/stop/target could not be computed).,SIDEWAYS_LOW_VOL,20.0,
2026-09-10 14:57:51.963695+00:00,SHALBY.NS,NO TRADE,False,43.44083066616267,NO TRADE,UP,DEGRADED,No risk assessment available (entry/stop/target could not be computed).; Failed check: signal is directional.; Failed check: confidence sufficient.; Failed check: ai signals aligned.; Failed check: risk reward sufficient.; Failed check: expected value positive.; Failed check: positive edge after costs.; Failed check: stop loss logical.; Failed check: position size within limits.; Failed check: sufficient liquidity.; Failed check: strong technical setup.; Failed check: news credibility acceptable.,,1000000.0,145.9600067138672,,30.0,82.0,44.23894324388766,,25.0,,,10.0,74.63861676304474,,,,,,No risk assessment available (entry/stop/target could not be computed).,BEAR_LOW_VOL,30.0,
2026-09-10 14:57:53.204735+00:00,SHALPAINTS.NS,NO TRADE,False,62.10799316924985,WATCH,UP,DEGRADED,No risk assessment available (entry/stop/target could not be computed).; Failed check: signal is directional.; Failed check: confidence sufficient.; Failed check: risk reward sufficient.; Failed check: expected value positive.; Failed check: positive edge after costs.; Failed check: stop loss logical.; Failed check: position size within limits.; Failed check: news credibility acceptable.,,1000000.0,85.44000244140625,,61.666666666666664,49.0,53.6140132877903,,50.0,,,70.0,76.26460812024172,,,,,,No risk assessment available (entry/stop/target could not be computed).,BULL_HIGH_VOL,30.0,
2026-09-10 14:57:54.720839+00:00,SHANKARA.NS,NO TRADE,False,55.43814660635071,NO TRADE,NONE,DEGRADED,No risk assessment available (entry/stop/target could not be computed).; Failed check: signal is directional.; Failed check: confidence sufficient.; Failed check: risk reward sufficient.; Failed check: expected value positive.; Failed check: positive edge after costs.; Failed check: stop loss logical.; Failed check: position size within limits.; Failed check: sufficient liquidity.; Failed check: strong technical setup.; Failed check: news credibility acceptable.,,1000000.0,148.41000366210938,,53.333333333333336,48.0,67.22046732145996,,25.0,,,40.0,67.37050383308068,,,,,,No risk assessment available (entry/stop/target could not be computed).,BULL_LOW_VOL,40.0,
2026-09-10 14:57:57.490473+00:00,SHANTIGEAR.NS,NO TRADE,False,64.54120586569688,WATCH,NONE,DEGRADED,No risk assessment available (entry/stop/target could not be computed).; Failed check: signal is directional.; Failed check: confidence sufficient.; Failed check: risk reward sufficient.; Failed check: expected value positive.; Failed check: positive edge after costs.; Failed check: stop loss logical.; Failed check: position size within limits.; Failed check: news credibility acceptable.,,1000000.0,733.0,,63.333333333333336,32.0,70.0,,45.0,,,70.0,75.73685149989267,,,,,,No risk assessment available (entry/stop/target could not be computed).,BULL_HIGH_VOL,45.0,
2026-09-10 14:57:58.770663+00:00,SHARDACROP.NS,NO TRADE,False,60.028601764809004,WATCH,UP,DEGRADED,No risk assessment available (entry/stop/target could not be computed).; Failed check: signal is directional.; Failed check: confidence sufficient.; Failed check: risk reward sufficient.; Failed check: expected value positive.; Failed check: positive edge after costs.; Failed check: stop loss logical.; Failed check: position size within limits.; Failed check: strong technical setup.; Failed check: news credibility acceptable.,,1000000.0,781.3499755859375,,56.666666666666664,69.0,56.00613428050123,,70.0,,,55.0,72.38565417209176,,,,,,No risk assessment available (entry/stop/target could not be computed).,BEAR_LOW_VOL,35.0,
2026-09-10 14:58:00.178810+00:00,SHARDAMOTR.NS,NO TRADE,False,65.82958335503665,WATCH,UP,DEGRADED,No risk assessment available (entry/stop/target could not be computed).; Failed check: signal is directional.; Failed check: confidence sufficient.; Failed check: risk reward sufficient.; Failed check: expected value positive.; Failed check: positive edge after costs.; Failed check: stop loss logical.; Failed check: position size within limits.; Failed check: sufficient liquidity.; Failed check: news credibility acceptable.,,1000000.0,946.25,,68.33333333333333,71.0,70.0,,70.0,,,40.0,74.57721158725879,,,,,,No risk assessment available (entry/stop/target could not be computed).,BULL_LOW_VOL,20.0,
2026-09-10 14:58:02.085674+00:00,SHAREINDIA.NS,NO TRADE,False,69.61624214679895,MODERATE,UP,DEGRADED,No risk assessment available (entry/stop/target could not be computed).; Failed check: signal is directional.; Failed check: confidence sufficient.; Failed check: ai signals aligned.; Failed check: risk reward sufficient.; Failed check: expected value positive.; Failed check: positive edge after costs.; Failed check: stop loss logical.; Failed check: position size within limits.; Failed check: strong technical setup.; Failed check: news credibility acceptable.,,1000000.0,195.4199981689453,,56.666666666666664,94.0,70.0,,45.0,,,70.0,79.52527595546564,,,,,,No risk assessment available (entry/stop/target could not be computed).,BULL_HIGH_VOL,20.0,
2026-09-10 14:58:02.443049+00:00,SHIL.NS,NO TRADE,False,0.0,NO TRADE,NONE,INVALID,"Data Quality [SHIL.NS] as of 2026-09-10T14:58:02.442942+00:00: INVALID (score=0.00, threshold=0.70)
  [CRITICAL] provider_unavailable: No data returned for SHIL.NS (2y/1d)",,1000000.0,,,,,,,,,,,,,,,,,"Data Quality [SHIL.NS] as of 2026-09-10T14:58:02.442942+00:00: INVALID (score=0.00, threshold=0.70)
  [CRITICAL] provider_unavailable: No data returned for SHIL.NS (2y/1d)",UNKNOWN,,
2026-09-10 14:58:03.834459+00:00,SHILPAMED.NS,NO TRADE,False,67.5019139129125,WATCH,UP,DEGRADED,No risk assessment available (entry/stop/target could not be computed).; Failed check: signal is directional.; Failed check: confidence sufficient.; Failed check: risk reward sufficient.; Failed check: expected value positive.; Failed check: positive edge after costs.; Failed check: stop loss logical.; Failed check: position size within limits.; Failed check: strong technical setup.; Failed check: news credibility acceptable.,,1000000.0,943.0,,58.333333333333336,74.0,70.0,,40.0,,,70.0,79.21992613820493,,,,,,No risk assessment available (entry/stop/target could not be computed).,BULL_HIGH_VOL,20.0,
2026-09-10 14:58:05.289701+00:00,SHIVAMAUTO.NS,NO TRADE,False,49.091655088318774,NO TRADE,NONE,DEGRADED,No risk assessment available (entry/stop/target could not be computed).; Failed check: signal is directional.; Failed check: confidence sufficient.; Failed check: risk reward sufficient.; Failed check: expected value positive.; Failed check: positive edge after costs.; Failed check: stop loss logical.; Failed check: position size within limits.; Failed check: sufficient liquidity.; Failed check: strong technical setup.; Failed check: news credibility acceptable.,,1000000.0,16.68000030517578,,45.0,52.0,52.95031671312089,,70.0,,,25.0,76.11811857032957,,,,,,No risk assessment available (entry/stop/target could not be computed).,SIDEWAYS_HIGH_VOL,30.0,
2026-09-10 14:58:06.521518+00:00,SHIVATEX.NS,NO TRADE,False,65.78666226433752,WATCH,UP,DEGRADED,No risk assessment available (entry/stop/target could not be computed).; Failed check: signal is directional.; Failed check: confidence sufficient.; Failed check: risk reward sufficient.; Failed check: expected value positive.; Failed check: positive edge after costs.; Failed check: stop loss logical.; Failed check: position size within limits.; Failed check: sufficient liquidity.; Failed check: news credibility acceptable.,,1000000.0,179.17999267578125,,71.66666666666667,60.0,70.0,,70.0,,,40.0,74.77364608553486,,,,,,No risk assessment available (entry/stop/target could not be computed).,BULL_LOW_VOL,45.0,
2026-09-10 14:58:07.736064+00:00,SHK.NS,NO TRADE,False,52.957914083474876,NO TRADE,UP,DEGRADED,No risk assessment available (entry/stop/target could not be computed).; Failed check: signal is directional.; Failed check: confidence sufficient.; Failed check: ai signals aligned.; Failed check: risk reward sufficient.; Failed check: expected value positive.; Failed check: positive edge after costs.; Failed check: stop loss logical.; Failed check: position size within limits.; Failed check: strong technical setup.; Failed check: market conditions acceptable.; Failed check: news credibility acceptable.,,1000000.0,143.10000610351562,,43.333333333333336,90.0,30.0,,40.0,,,55.0,78.43862965994582,,,,,,No risk assessment available (entry/stop/target could not be computed).,BULL_LOW_VOL,30.0,
2026-09-10 14:58:08.971526+00:00,SHOPERSTOP.NS,NO TRADE,False,43.64257037991698,NO TRADE,DOWN,DEGRADED,No risk assessment available (entry/stop/target could not be computed).; Failed check: signal is directional.; Failed check: confidence sufficient.; Failed check: risk reward sufficient.; Failed check: expected value positive.; Failed check: positive edge after costs.; Failed check: stop loss logical.; Failed check: position size within limits.; Failed check: sufficient liquidity.; Failed check: strong technical setup.; Failed check: market conditions acceptable.; Failed check: news credibility acceptable.,,1000000.0,375.8999938964844,,43.333333333333336,38.0,35.23320796762559,,40.0,,,25.0,79.54733729450109,,,,,,No risk assessment available (entry/stop/target could not be computed).,BULL_LOW_VOL,55.0,
2026-09-10 14:58:11.362220+00:00,SHRADHA.NS,NO TRADE,False,41.31418690322591,NO TRADE,NONE,DEGRADED,No risk assessment available (entry/stop/target could not be computed).; Failed check: signal is directional.; Failed check: confidence sufficient.; Failed check: risk reward sufficient.; Failed check: expected value positive.; Failed check: positive edge after costs.; Failed check: stop loss logical.; Failed check: position size within limits.; Failed check: sufficient liquidity.; Failed check: strong technical setup.; Failed check: news credibility acceptable.,,1000000.0,31.190000534057617,,35.0,64.0,40.59933518213119,,40.0,,,10.0,72.49640759025394,,,,,,No risk assessment available (entry/stop/target could not be computed).,BEAR_LOW_VOL,35.0,
2026-09-10 14:58:12.510506+00:00,SHREDIGCEM.NS,NO TRADE,False,48.35310330016361,NO TRADE,DOWN,DEGRADED,No risk assessment available (entry/stop/target could not be computed).; Failed check: signal is directional.; Failed check: confidence sufficient.; Failed check: risk reward sufficient.; Failed check: expected value positive.; Failed check: positive edge after costs.; Failed check: stop loss logical.; Failed check: position size within limits.; Failed check: strong technical setup.; Failed check: news credibility acceptable.,,1000000.0,69.0,,35.0,59.0,49.073945734411375,,40.0,,,40.0,78.98161992438949,,,,,,No risk assessment available (entry/stop/target could not be computed).,BEAR_HIGH_VOL,57.0,
2026-09-10 14:58:13.939678+00:00,SHREECEM.NS,NO TRADE,False,41.43531719548004,NO TRADE,NONE,DEGRADED,No risk assessment available (entry/stop/target could not be computed).; Failed check: signal is directional.; Failed check: confidence sufficient.; Failed check: risk reward sufficient.; Failed check: expected value positive.; Failed check: positive edge after costs.; Failed check: stop loss logical.; Failed check: position size within limits.; Failed check: sufficient liquidity.; Failed check: strong technical setup.; Failed check: news credibility acceptable.,,1000000.0,22785.0,,35.0,62.0,41.0775341726995,,40.0,,,10.0,70.54727933951577,,,,,,No risk assessment available (entry/stop/target could not be computed).,BEAR_LOW_VOL,20.0,
2026-09-10 14:58:15.242459+00:00,SHREEPUSHK.NS,NO TRADE,False,70.2031244328534,MODERATE,UP,DEGRADED,Failed check: news credibility acceptable.,,1000000.0,490.0,2033,68.33333333333333,70.0,70.0,,60.0,,,70.0,75.56320362881979,,3.1249999999999987,7596.047781110621,339.864,204,Failed check: news credibility acceptable.,BULL_HIGH_VOL,20.0,
2026-09-10 14:58:16.493635+00:00,SHREERAMA.NS,NO TRADE,False,0.0,NO TRADE,NONE,INVALID,"Data quality gate failed for SHREERAMA.NS: status=INVALID, score=0.60 (min required 0.70). [CRITICAL] invalid_ohlc: 1 bar(s) with an invalid OHLC relationship (e.g. High < Low, non-positive price) or NaN price.; [WARNING] zero_volume: 3 bar(s) (0.6%) with volume below 1.; [INFO] holiday_mismatch: 1 bar(s) fall on a date the configured calendar marks as a non-trading day. Not scored as an error: this system's built-in NSE holiday list only covers fixed-date national holidays (see data/market_calendar.py) and is deliberately incomplete for variable-date holidays -- this may just mean the calendar doesn't know about a legitimate special session or holiday.; Forced NO TRADE: this system never trades on data it cannot vouch for, regardless of what any other signal would have said.",,1000000.0,45.880001068115234,,,,,,70.0,,,,,,,,,,"Data quality gate failed for SHREERAMA.NS: status=INVALID, score=0.60 (min required 0.70). [CRITICAL] invalid_ohlc: 1 bar(s) with an invalid OHLC relationship (e.g. High < Low, non-positive price) or NaN price.; [WARNING] zero_volume: 3 bar(s) (0.6%) with volume below 1.; [INFO] holiday_mismatch: 1 bar(s) fall on a date the configured calendar marks as a non-trading day. Not scored as an error: this system's built-in NSE holiday list only covers fixed-date national holidays (see data/market_calendar.py) and is deliberately incomplete for variable-date holidays -- this may just mean the calendar doesn't know about a legitimate special session or holiday.",SIDEWAYS_HIGH_VOL,,
2026-09-10 14:58:17.732527+00:00,SHRENIK.NS,NO TRADE,False,49.445846735334555,NO TRADE,UP,DEGRADED,No risk assessment available (entry/stop/target could not be computed).; Failed check: signal is directional.; Failed check: confidence sufficient.; Failed check: risk reward sufficient.; Failed check: expected value positive.; Failed check: positive edge after costs.; Failed check: stop loss logical.; Failed check: position size within limits.; Failed check: strong technical setup.; Failed check: market conditions acceptable.; Failed check: news credibility acceptable.,,1000000.0,0.28999999165534973,,48.333333333333336,58.0,38.54047916704597,,60.0,,,40.0,72.36114717217067,,,,,,No risk assessment available (entry/stop/target could not be computed).,BEAR_HIGH_VOL,30.0,
2026-09-10 14:58:18.970175+00:00,SHREYANIND.NS,NO TRADE,False,55.650883670912634,NO TRADE,UP,DEGRADED,No risk assessment available (entry/stop/target could not be computed).; Failed check: signal is directional.; Failed check: confidence sufficient.; Failed check: risk reward sufficient.; Failed check: expected value positive.; Failed check: positive edge after costs.; Failed check: stop loss logical.; Failed check: position size within limits.; Failed check: sufficient liquidity.; Failed check: strong technical setup.; Failed check: news credibility acceptable.,,1000000.0,135.4600067138672,,53.333333333333336,54.0,65.2585501418846,,70.0,,,25.0,78.70329176414242,,,,,,No risk assessment available (entry/stop/target could not be computed).,SIDEWAYS_LOW_VOL,20.0,
2026-09-10 14:58:19.358731+00:00,SHREYAS.NS,NO TRADE,False,0.0,NO TRADE,NONE,INVALID,"Data Quality [SHREYAS.NS] as of 2026-09-10T14:58:19.358641+00:00: INVALID (score=0.00, threshold=0.70)
  [CRITICAL] provider_unavailable: No data returned for SHREYAS.NS (2y/1d)",,1000000.0,,,,,,,,,,,,,,,,,"Data Quality [SHREYAS.NS] as of 2026-09-10T14:58:19.358641+00:00: INVALID (score=0.00, threshold=0.70)
  [CRITICAL] provider_unavailable: No data returned for SHREYAS.NS (2y/1d)",UNKNOWN,,
2026-09-10 14:58:19.665739+00:00,SHRIRAMCIT.NS,NO TRADE,False,0.0,NO TRADE,NONE,INVALID,"Data Quality [SHRIRAMCIT.NS] as of 2026-09-10T14:58:19.665646+00:00: INVALID (score=0.00, threshold=0.70)
  [CRITICAL] provider_unavailable: No data returned for SHRIRAMCIT.NS (2y/1d)",,1000000.0,,,,,,,,,,,,,,,,,"Data Quality [SHRIRAMCIT.NS] as of 2026-09-10T14:58:19.665646+00:00: INVALID (score=0.00, threshold=0.70)
  [CRITICAL] provider_unavailable: No data returned for SHRIRAMCIT.NS (2y/1d)",UNKNOWN,,
2026-09-10 14:58:20.054456+00:00,SHRIRAMEPC.NS,NO TRADE,False,0.0,NO TRADE,NONE,INVALID,"Data Quality [SHRIRAMEPC.NS] as of 2026-09-10T14:58:20.054343+00:00: INVALID (score=0.00, threshold=0.70)
  [CRITICAL] provider_unavailable: No data returned for SHRIRAMEPC.NS (2y/1d)",,1000000.0,,,,,,,,,,,,,,,,,"Data Quality [SHRIRAMEPC.NS] as of 2026-09-10T14:58:20.054343+00:00: INVALID (score=0.00, threshold=0.70)
  [CRITICAL] provider_unavailable: No data returned for SHRIRAMEPC.NS (2y/1d)",UNKNOWN,,
2026-09-10 14:58:22.287058+00:00,SHYAMCENT.NS,NO TRADE,False,53.7520726126798,NO TRADE,UP,DEGRADED,No risk assessment available (entry/stop/target could not be computed).; Failed check: signal is directional.; Failed check: confidence sufficient.; Failed check: risk reward sufficient.; Failed check: expected value positive.; Failed check: positive edge after costs.; Failed check: stop loss logical.; Failed check: position size within limits.; Failed check: sufficient liquidity.; Failed check: strong technical setup.; Failed check: news credibility acceptable.,,1000000.0,4.96999979019165,,56.666666666666664,49.0,54.51269572043742,,70.0,,,25.0,76.95378072012358,,,,,,No risk assessment available (entry/stop/target could not be computed).,BEAR_LOW_VOL,20.0,
2026-09-10 14:58:23.531833+00:00,SICAGEN.NS,NO TRADE,False,0.0,NO TRADE,NONE,DEGRADED,No risk assessment available (entry/stop/target could not be computed).; Failed check: signal is directional.; Failed check: confidence sufficient.; Failed check: ai signals aligned.; Failed check: risk reward sufficient.; Failed check: expected value positive.; Failed check: positive edge after costs.; Failed check: stop loss logical.; Failed check: position size within limits.; Failed check: sufficient liquidity.; Failed check: strong technical setup.; Failed check: news credibility acceptable.,,1000000.0,55.2400016784668,,,,,,50.0,,,,,,,,,,No risk assessment available (entry/stop/target could not be computed).,SIDEWAYS_HIGH_VOL,,
2026-09-10 14:58:25.194748+00:00,SIEMENS.NS,NO TRADE,False,56.65544395563878,NO TRADE,UP,DEGRADED,No risk assessment available (entry/stop/target could not be computed).; Failed check: signal is directional.; Failed check: confidence sufficient.; Failed check: risk reward sufficient.; Failed check: expected value positive.; Failed check: positive edge after costs.; Failed check: stop loss logical.; Failed check: position size within limits.; Failed check: strong technical setup.; Failed check: news credibility acceptable.,,1000000.0,3954.39990234375,,46.666666666666664,70.0,58.02143984103425,,50.0,,,55.0,71.02391087985059,,,,,,No risk assessment available (entry/stop/target could not be computed).,BULL_LOW_VOL,20.0,
2026-09-10 14:58:26.402004+00:00,SIGIND.NS,NO TRADE,False,61.622076128072564,WATCH,UP,DEGRADED,No risk assessment available (entry/stop/target could not be computed).; Failed check: signal is directional.; Failed check: confidence sufficient.; Failed check: risk reward sufficient.; Failed check: expected value positive.; Failed check: positive edge after costs.; Failed check: stop loss logical.; Failed check: position size within limits.; Failed check: sufficient liquidity.; Failed check: news credibility acceptable.,,1000000.0,71.12000274658203,,61.666666666666664,72.0,64.69789021078648,,50.0,,,40.0,71.36195749120853,,,,,,No risk assessment available (entry/stop/target could not be computed).,BULL_HIGH_VOL,42.0,
2026-09-10 14:58:27.686422+00:00,SILINV.NS,NO TRADE,False,56.998102778906585,NO TRADE,UP,DEGRADED,No risk assessment available (entry/stop/target could not be computed).; Failed check: signal is directional.; Failed check: confidence sufficient.; Failed check: ai signals aligned.; Failed check: risk reward sufficient.; Failed check: expected value positive.; Failed check: positive edge after costs.; Failed check: stop loss logical.; Failed check: position size within limits.; Failed check: sufficient liquidity.; Failed check: strong technical setup.; Failed check: news credibility acceptable.,,1000000.0,451.0,,46.666666666666664,86.0,66.11093976150858,,50.0,,,25.0,79.88296614452376,,,,,,No risk assessment available (entry/stop/target could not be computed).,BULL_HIGH_VOL,30.0,
2026-09-10 14:58:28.671713+00:00,SIMBHALS.NS,NO TRADE,False,49.988255225106776,NO TRADE,DOWN,DEGRADED,No risk assessment available (entry/stop/target could not be computed).; Failed check: signal is directional.; Failed check: confidence sufficient.; Failed check: risk reward sufficient.; Failed check: expected value positive.; Failed check: positive edge after costs.; Failed check: stop loss logical.; Failed check: position size within limits.; Failed check: sufficient liquidity.; Failed check: strong technical setup.,,1000000.0,7.210000038146973,,43.333333333333336,37.0,63.2904814211127,,40.0,,,25.0,78.70905337466817,,,,,,No risk assessment available (entry/stop/target could not be computed).,SIDEWAYS_HIGH_VOL,30.0,
2026-09-10 14:58:30.011689+00:00,SIMPLEXINF.NS,NO TRADE,False,58.87664667332173,NO TRADE,UP,DEGRADED,No risk assessment available (entry/stop/target could not be computed).; Failed check: signal is directional.; Failed check: confidence sufficient.; Failed check: risk reward sufficient.; Failed check: expected value positive.; Failed check: positive edge after costs.; Failed check: stop loss logical.; Failed check: position size within limits.; Failed check: strong technical setup.; Failed check: news credibility acceptable.,,1000000.0,255.75,,46.666666666666664,74.0,61.278516223522246,,50.0,,,55.0,77.57255252378563,,,,,,No risk assessment available (entry/stop/target could not be computed).,SIDEWAYS_HIGH_VOL,42.0,
2026-09-10 14:58:31.205657+00:00,SINTERCOM.NS,NO TRADE,False,50.53354815984859,NO TRADE,UP,DEGRADED,No risk assessment available (entry/stop/target could not be computed).; Failed check: signal is directional.; Failed check: confidence sufficient.; Failed check: risk reward sufficient.; Failed check: expected value positive.; Failed check: positive edge after costs.; Failed check: stop loss logical.; Failed check: position size within limits.; Failed check: sufficient liquidity.; Failed check: strong technical setup.; Failed check: news credibility acceptable.,,1000000.0,79.81999969482422,,48.333333333333336,74.0,56.84047956825975,,70.0,,,10.0,67.67052078612902,,,,,,No risk assessment available (entry/stop/target could not be computed).,BULL_HIGH_VOL,30.0,
2026-09-10 14:58:32.430912+00:00,SIRCA.NS,NO TRADE,False,56.89404706920731,NO TRADE,UP,DEGRADED,No risk assessment available (entry/stop/target could not be computed).; Failed check: signal is directional.; Failed check: confidence sufficient.; Failed check: risk reward sufficient.; Failed check: expected value positive.; Failed check: positive edge after costs.; Failed check: stop loss logical.; Failed check: position size within limits.; Failed check: strong technical setup.; Failed check: news credibility acceptable.,,1000000.0,430.0,,46.666666666666664,72.0,56.436762689496845,,50.0,,,55.0,71.32830827055767,,,,,,No risk assessment available (entry/stop/target could not be computed).,BULL_LOW_VOL,20.0,
2026-09-10 14:58:33.908997+00:00,SIS.NS,NO TRADE,False,55.59291648573571,NO TRADE,UP,DEGRADED,No risk assessment available (entry/stop/target could not be computed).; Failed check: signal is directional.; Failed check: confidence sufficient.; Failed check: risk reward sufficient.; Failed check: expected value positive.; Failed check: positive edge after costs.; Failed check: stop loss logical.; Failed check: position size within limits.; Failed check: strong technical setup.; Failed check: news credibility acceptable.,,1000000.0,424.95001220703125,,48.333333333333336,82.0,51.83970943946685,,70.0,,,40.0,71.14487311581671,,,,,,No risk assessment available (entry/stop/target could not be computed).,SIDEWAYS_LOW_VOL,30.0,
2026-09-10 14:58:36.238514+00:00,SIYSIL.NS,NO TRADE,False,44.42138483416672,NO TRADE,UP,DEGRADED,No risk assessment available (entry/stop/target could not be computed).; Failed check: signal is directional.; Failed check: confidence sufficient.; Failed check: ai signals aligned.; Failed check: risk reward sufficient.; Failed check: expected value positive.; Failed check: positive edge after costs.; Failed check: stop loss logical.; Failed check: position size within limits.; Failed check: sufficient liquidity.; Failed check: strong technical setup.; Failed check: market conditions acceptable.; Failed check: news credibility acceptable.,,1000000.0,548.0,,38.333333333333336,90.0,30.0,,40.0,,,10.0,76.79777024586907,,,,,,No risk assessment available (entry/stop/target could not be computed).,BEAR_HIGH_VOL,20.0,
2026-09-10 14:58:37.597525+00:00,SJVN.NS,NO TRADE,False,57.88164874073959,NO TRADE,UP,DEGRADED,No risk assessment available (entry/stop/target could not be computed).; Failed check: signal is directional.; Failed check: confidence sufficient.; Failed check: risk reward sufficient.; Failed check: expected value positive.; Failed check: positive edge after costs.; Failed check: stop loss logical.; Failed check: position size within limits.; Failed check: strong technical setup.; Failed check: news credibility acceptable.,,1000000.0,67.19999694824219,,56.666666666666664,53.0,57.49903000403764,,70.0,,,55.0,68.53703366764589,,,,,,No risk assessment available (entry/stop/target could not be computed).,BEAR_LOW_VOL,55.0,
2026-09-10 14:58:39.030385+00:00,SKFINDIA.NS,NO TRADE,False,47.39073099405954,NO TRADE,DOWN,DEGRADED,No risk assessment available (entry/stop/target could not be computed).; Failed check: signal is directional.; Failed check: confidence sufficient.; Failed check: risk reward sufficient.; Failed check: expected value positive.; Failed check: positive edge after costs.; Failed check: stop loss logical.; Failed check: position size within limits.; Failed check: sufficient liquidity.; Failed check: strong technical setup.; Failed check: news credibility acceptable.,,1000000.0,1534.0,,43.333333333333336,48.0,51.98951141897579,,40.0,,,25.0,72.54181666516853,,,,,,No risk assessment available (entry/stop/target could not be computed).,BEAR_LOW_VOL,35.0,
2026-09-10 14:58:40.429803+00:00,SKIPPER.NS,NO TRADE,False,70.49855483415455,MODERATE,UP,DEGRADED,Failed check: news credibility acceptable.,,1000000.0,584.0,1706,68.33333333333333,68.0,70.0,,70.0,,,70.0,79.45701344227885,,3.125000000000001,7530.004657501313,403.0768,203,Failed check: news credibility acceptable.,SIDEWAYS_HIGH_VOL,30.0,
2026-09-10 14:58:41.960610+00:00,SKMEGGPROD.NS,NO TRADE,False,49.67072925685732,NO TRADE,UP,DEGRADED,No risk assessment available (entry/stop/target could not be computed).; Failed check: signal is directional.; Failed check: confidence sufficient.; Failed check: ai signals aligned.; Failed check: risk reward sufficient.; Failed check: expected value positive.; Failed check: positive edge after costs.; Failed check: stop loss logical.; Failed check: position size within limits.; Failed check: strong technical setup.; Failed check: news credibility acceptable.,,1000000.0,247.89999389648438,,31.666666666666668,84.0,48.35020587762262,,40.0,,,40.0,76.33037289039747,,,,,,No risk assessment available (entry/stop/target could not be computed).,BEAR_LOW_VOL,20.0,
2026-09-10 14:58:42.348405+00:00,SMLISUZU.NS,NO TRADE,False,0.0,NO TRADE,NONE,INVALID,"Data Quality [SMLISUZU.NS] as of 2026-09-10T14:58:42.348284+00:00: INVALID (score=0.00, threshold=0.70)
  [CRITICAL] provider_unavailable: No data returned for SMLISUZU.NS (2y/1d)",,1000000.0,,,,,,,,,,,,,,,,,"Data Quality [SMLISUZU.NS] as of 2026-09-10T14:58:42.348284+00:00: INVALID (score=0.00, threshold=0.70)
  [CRITICAL] provider_unavailable: No data returned for SMLISUZU.NS (2y/1d)",UNKNOWN,,
2026-09-10 14:58:42.645225+00:00,SMSLIFE.NS,NO TRADE,False,0.0,NO TRADE,NONE,INVALID,"Data Quality [SMSLIFE.NS] as of 2026-09-10T14:58:42.645134+00:00: INVALID (score=0.00, threshold=0.70)
  [CRITICAL] provider_unavailable: No data returned for SMSLIFE.NS (2y/1d)",,1000000.0,,,,,,,,,,,,,,,,,"Data Quality [SMSLIFE.NS] as of 2026-09-10T14:58:42.645134+00:00: INVALID (score=0.00, threshold=0.70)
  [CRITICAL] provider_unavailable: No data returned for SMSLIFE.NS (2y/1d)",UNKNOWN,,
2026-09-10 14:58:44.010574+00:00,SMSPHARMA.NS,NO TRADE,False,58.34626235515613,NO TRADE,NONE,DEGRADED,No risk assessment available (entry/stop/target could not be computed).; Failed check: signal is directional.; Failed check: confidence sufficient.; Failed check: risk reward sufficient.; Failed check: expected value positive.; Failed check: positive edge after costs.; Failed check: stop loss logical.; Failed check: position size within limits.; Failed check: strong technical setup.; Failed check: news credibility acceptable.,,1000000.0,416.0,,45.0,57.0,70.0,,45.0,,,55.0,78.73805011319966,,,,,,No risk assessment available (entry/stop/target could not be computed).,SIDEWAYS_LOW_VOL,20.0,
2026-09-10 14:58:45.266979+00:00,SNOWMAN.NS,NO TRADE,False,47.74850686208623,NO TRADE,NONE,DEGRADED,No risk assessment available (entry/stop/target could not be computed).; Failed check: signal is directional.; Failed check: confidence sufficient.; Failed check: risk reward sufficient.; Failed check: expected value positive.; Failed check: positive edge after costs.; Failed check: stop loss logical.; Failed check: position size within limits.; Failed check: strong technical setup.; Failed check: news credibility acceptable.,,1000000.0,36.15999984741211,,35.0,64.0,46.01699460774367,,40.0,,,40.0,75.02988077879597,,,,,,No risk assessment available (entry/stop/target could not be computed).,SIDEWAYS_LOW_VOL,30.0,
2026-09-10 14:58:46.694508+00:00,SOBHA.NS,NO TRADE,False,51.6174436007026,NO TRADE,UP,DEGRADED,No risk assessment available (entry/stop/target could not be computed).; Failed check: signal is directional.; Failed check: confidence sufficient.; Failed check: risk reward sufficient.; Failed check: expected value positive.; Failed check: positive edge after costs.; Failed check: stop loss logical.; Failed check: position size within limits.; Failed check: sufficient liquidity.; Failed check: strong technical setup.; Failed check: news credibility acceptable.,,1000000.0,1250.0,,48.333333333333336,82.0,43.36185461209916,,60.0,,,25.0,72.98194270783581,,,,,,No risk assessment available (entry/stop/target could not be computed).,BEAR_LOW_VOL,20.0,
2026-09-10 14:58:48.906519+00:00,SOLARA.NS,NO TRADE,False,69.06275268424916,MODERATE,UP,DEGRADED,No risk assessment available (entry/stop/target could not be computed).; Failed check: signal is directional.; Failed check: confidence sufficient.; Failed check: risk reward sufficient.; Failed check: expected value positive.; Failed check: positive edge after costs.; Failed check: stop loss logical.; Failed check: position size within limits.; Failed check: news credibility acceptable.,,1000000.0,705.8499755859375,,63.333333333333336,74.0,70.0,,45.0,,,70.0,77.55357830296977,,,,,,No risk assessment available (entry/stop/target could not be computed).,BULL_HIGH_VOL,30.0,
2026-09-10 14:58:50.090424+00:00,SOLARINDS.NS,NO TRADE,False,67.7027188437791,WATCH,UP,DEGRADED,No risk assessment available (entry/stop/target could not be computed).; Failed check: signal is directional.; Failed check: confidence sufficient.; Failed check: risk reward sufficient.; Failed check: expected value positive.; Failed check: positive edge after costs.; Failed check: stop loss logical.; Failed check: position size within limits.; Failed check: news credibility acceptable.,,1000000.0,22370.0,,63.333333333333336,70.0,70.0,,45.0,,,70.0,71.24112862877337,,,,,,No risk assessment available (entry/stop/target could not be computed).,BULL_LOW_VOL,20.0,
2026-09-10 14:58:51.272558+00:00,SOMANYCERA.NS,NO TRADE,False,73.82120165079652,MODERATE,UP,DEGRADED,Failed check: news credibility acceptable.,,1000000.0,556.3499755859375,1791,71.66666666666667,90.0,70.0,,70.0,,,70.0,75.42213659399916,,3.124999999999998,7427.708693970781,525.8619969238281,278,Failed check: news credibility acceptable.,SIDEWAYS_LOW_VOL,20.0,
2026-09-10 14:58:52.630041+00:00,SOMICONVEY.NS,NO TRADE,False,57.13801252361844,NO TRADE,UP,DEGRADED,No risk assessment available (entry/stop/target could not be computed).; Failed check: signal is directional.; Failed check: confidence sufficient.; Failed check: risk reward sufficient.; Failed check: expected value positive.; Failed check: positive edge after costs.; Failed check: stop loss logical.; Failed check: position size within limits.; Failed check: sufficient liquidity.; Failed check: strong technical setup.; Failed check: news credibility acceptable.,,1000000.0,92.76000213623047,,56.666666666666664,60.0,68.95049292992763,,70.0,,,25.0,70.6646356247206,,,,,,No risk assessment available (entry/stop/target could not be computed).,BEAR_HIGH_VOL,35.0,
2026-09-10 14:58:53.926059+00:00,SONATSOFTW.NS,NO TRADE,False,42.40193672442286,NO TRADE,NONE,DEGRADED,No risk assessment available (entry/stop/target could not be computed).; Failed check: signal is directional.; Failed check: confidence sufficient.; Failed check: ai signals aligned.; Failed check: risk reward sufficient.; Failed check: expected value positive.; Failed check: positive edge after costs.; Failed check: stop loss logical.; Failed check: position size within limits.; Failed check: strong technical setup.; Failed check: market conditions acceptable.; Failed check: news credibility acceptable.,,1000000.0,260.25,,26.666666666666668,75.0,30.0,,25.0,,,40.0,77.07562986268863,,,,,,No risk assessment available (entry/stop/target could not be computed).,SIDEWAYS_LOW_VOL,20.0,
2026-09-10 14:58:54.213177+00:00,SORILINFRA.NS,NO TRADE,False,0.0,NO TRADE,NONE,INVALID,"Data Quality [SORILINFRA.NS] as of 2026-09-10T14:58:54.213090+00:00: INVALID (score=0.00, threshold=0.70)
  [CRITICAL] provider_unavailable: No data returned for SORILINFRA.NS (2y/1d)",,1000000.0,,,,,,,,,,,,,,,,,"Data Quality [SORILINFRA.NS] as of 2026-09-10T14:58:54.213090+00:00: INVALID (score=0.00, threshold=0.70)
  [CRITICAL] provider_unavailable: No data returned for SORILINFRA.NS (2y/1d)",UNKNOWN,,
2026-09-10 14:58:55.526996+00:00,SOTL.NS,NO TRADE,False,59.01395650974669,WATCH,UP,DEGRADED,No risk assessment available (entry/stop/target could not be computed).; Failed check: signal is directional.; Failed check: confidence sufficient.; Failed check: ai signals aligned.; Failed check: risk reward sufficient.; Failed check: expected value positive.; Failed check: positive edge after costs.; Failed check: stop loss logical.; Failed check: position size within limits.; Failed check: strong technical setup.; Failed check: news credibility acceptable.,,1000000.0,700.0,,46.666666666666664,90.0,56.70404000893989,,50.0,,,55.0,70.96397298634113,,,,,,No risk assessment available (entry/stop/target could not be computed).,BULL_HIGH_VOL,20.0,
2026-09-10 14:58:57.017476+00:00,SOUTHBANK.NS,NO TRADE,False,61.39973771196105,WATCH,UP,DEGRADED,No risk assessment available (entry/stop/target could not be computed).; Failed check: signal is directional.; Failed check: confidence sufficient.; Failed check: risk reward sufficient.; Failed check: expected value positive.; Failed check: positive edge after costs.; Failed check: stop loss logical.; Failed check: position size within limits.; Failed check: strong technical setup.; Failed check: news credibility acceptable.,,1000000.0,46.189998626708984,,56.666666666666664,76.0,58.777144695481255,,70.0,,,55.0,70.68368242783653,,,,,,No risk assessment available (entry/stop/target could not be computed).,SIDEWAYS_LOW_VOL,30.0,
2026-09-10 14:58:58.571935+00:00,SOUTHWEST.NS,NO TRADE,False,62.40631084406584,WATCH,UP,DEGRADED,No risk assessment available (entry/stop/target could not be computed).; Failed check: signal is directional.; Failed check: confidence sufficient.; Failed check: ai signals aligned.; Failed check: risk reward sufficient.; Failed check: expected value positive.; Failed check: positive edge after costs.; Failed check: stop loss logical.; Failed check: position size within limits.; Failed check: strong technical setup.; Failed check: news credibility acceptable.,,1000000.0,216.19000244140625,,56.666666666666664,94.0,50.91369900028786,,70.0,,,55.0,74.1618502572002,,,,,,No risk assessment available (entry/stop/target could not be computed).,SIDEWAYS_HIGH_VOL,20.0,
2026-09-10 14:59:00.048731+00:00,SPAL.NS,NO TRADE,False,64.37292574117414,WATCH,UP,DEGRADED,No risk assessment available (entry/stop/target could not be computed).; Failed check: signal is directional.; Failed check: confidence sufficient.; Failed check: risk reward sufficient.; Failed check: expected value positive.; Failed check: positive edge after costs.; Failed check: stop loss logical.; Failed check: position size within limits.; Failed check: strong technical setup.; Failed check: news credibility acceptable.,,1000000.0,1029.699951171875,,56.666666666666664,75.0,70.0,,70.0,,,55.0,75.62260724391378,,,,,,No risk assessment available (entry/stop/target could not be computed).,BEAR_HIGH_VOL,20.0,
2026-09-10 14:59:02.469448+00:00,SPANDANA.NS,NO TRADE,False,47.02519169489768,NO TRADE,DOWN,DEGRADED,No risk assessment available (entry/stop/target could not be computed).; Failed check: signal is directional.; Failed check: confidence sufficient.; Failed check: risk reward sufficient.; Failed check: expected value positive.; Failed check: positive edge after costs.; Failed check: stop loss logical.; Failed check: position size within limits.; Failed check: strong technical setup.; Failed check: news credibility acceptable.,,1000000.0,232.1699981689453,,41.666666666666664,46.0,42.28649480844646,,60.0,,,40.0,75.11850778134948,,,,,,No risk assessment available (entry/stop/target could not be computed).,BEAR_LOW_VOL,42.0,
2026-09-10 14:59:03.875125+00:00,SPARC.NS,NO TRADE,False,55.86154202410229,NO TRADE,UP,DEGRADED,No risk assessment available (entry/stop/target could not be computed).; Failed check: signal is directional.; Failed check: confidence sufficient.; Failed check: risk reward sufficient.; Failed check: expected value positive.; Failed check: positive edge after costs.; Failed check: stop loss logical.; Failed check: position size within limits.; Failed check: strong technical setup.; Failed check: news credibility acceptable.,,1000000.0,196.97000122070312,,45.0,80.0,56.209571059029905,,60.0,,,40.0,79.93215036236393,,,,,,No risk assessment available (entry/stop/target could not be computed).,BEAR_HIGH_VOL,20.0,
2026-09-10 14:59:05.405805+00:00,SPECIALITY.NS,NO TRADE,False,49.25842276755739,NO TRADE,NONE,DEGRADED,No risk assessment available (entry/stop/target could not be computed).; Failed check: signal is directional.; Failed check: confidence sufficient.; Failed check: risk reward sufficient.; Failed check: expected value positive.; Failed check: positive edge after costs.; Failed check: stop loss logical.; Failed check: position size within limits.; Failed check: sufficient liquidity.; Failed check: strong technical setup.; Failed check: news credibility acceptable.,,1000000.0,141.75999450683594,,48.333333333333336,,50.978128613934004,,50.0,,,25.0,73.25001035111,,,,,,No risk assessment available (entry/stop/target could not be computed).,BULL_HIGH_VOL,,
2026-09-10 14:59:06.898546+00:00,SPENCERS.NS,NO TRADE,False,44.32603168891919,NO TRADE,NONE,DEGRADED,No risk assessment available (entry/stop/target could not be computed).; Failed check: signal is directional.; Failed check: confidence sufficient.; Failed check: risk reward sufficient.; Failed check: expected value positive.; Failed check: positive edge after costs.; Failed check: stop loss logical.; Failed check: position size within limits.; Failed check: sufficient liquidity.; Failed check: strong technical setup.; Failed check: market conditions acceptable.; Failed check: news credibility acceptable.,,1000000.0,28.639999389648438,,48.333333333333336,52.0,36.29047651650195,,60.0,,,10.0,76.48889315628784,,,,,,No risk assessment available (entry/stop/target could not be computed).,BEAR_LOW_VOL,30.0,
2026-09-10 14:59:08.156540+00:00,SPIC.NS,NO TRADE,False,67.24996373985527,WATCH,UP,DEGRADED,No risk assessment available (entry/stop/target could not be computed).; Failed check: signal is directional.; Failed check: confidence sufficient.; Failed check: risk reward sufficient.; Failed check: expected value positive.; Failed check: positive edge after costs.; Failed check: stop loss logical.; Failed check: position size within limits.; Failed check: news credibility acceptable.,,1000000.0,69.0999984741211,,68.33333333333333,65.0,61.56462804010381,,70.0,,,70.0,72.09359769223487,,,,,,No risk assessment available (entry/stop/target could not be computed).,SIDEWAYS_LOW_VOL,30.0,
2026-09-10 14:59:08.504063+00:00,SPICEJET.NS,NO TRADE,False,0.0,NO TRADE,NONE,INVALID,"Data Quality [SPICEJET.NS] as of 2026-09-10T14:59:08.503976+00:00: INVALID (score=0.00, threshold=0.70)
  [CRITICAL] provider_unavailable: No data returned for SPICEJET.NS (2y/1d)",,1000000.0,,,,,,,,,,,,,,,,,"Data Quality [SPICEJET.NS] as of 2026-09-10T14:59:08.503976+00:00: INVALID (score=0.00, threshold=0.70)
  [CRITICAL] provider_unavailable: No data returned for SPICEJET.NS (2y/1d)",UNKNOWN,,
2026-09-10 14:59:09.823128+00:00,SPLIL.NS,NO TRADE,False,46.49433904779948,NO TRADE,UP,DEGRADED,No risk assessment available (entry/stop/target could not be computed).; Failed check: signal is directional.; Failed check: confidence sufficient.; Failed check: ai signals aligned.; Failed check: risk reward sufficient.; Failed check: expected value positive.; Failed check: positive edge after costs.; Failed check: stop loss logical.; Failed check: position size within limits.; Failed check: sufficient liquidity.; Failed check: strong technical setup.; Failed check: news credibility acceptable.,,1000000.0,30.5,,35.0,94.0,48.154065273027456,,50.0,,,10.0,69.94834971317675,,,,,,No risk assessment available (entry/stop/target could not be computed).,SIDEWAYS_HIGH_VOL,20.0,
2026-09-10 14:59:11.066721+00:00,SREEL.NS,NO TRADE,False,64.78237533844664,WATCH,UP,DEGRADED,No risk assessment available (entry/stop/target could not be computed).; Failed check: signal is directional.; Failed check: confidence sufficient.; Failed check: risk reward sufficient.; Failed check: expected value positive.; Failed check: positive edge after costs.; Failed check: stop loss logical.; Failed check: position size within limits.; Failed check: sufficient liquidity.; Failed check: news credibility acceptable.,,1000000.0,367.5,,60.0,86.0,70.0,,45.0,,,40.0,74.93274499459413,,,,,,No risk assessment available (entry/stop/target could not be computed).,BULL_HIGH_VOL,20.0,
2026-09-10 14:59:11.383050+00:00,SREINFRA.NS,NO TRADE,False,0.0,NO TRADE,NONE,INVALID,"Data Quality [SREINFRA.NS] as of 2026-09-10T14:59:11.382963+00:00: INVALID (score=0.00, threshold=0.70)
  [CRITICAL] provider_unavailable: No data returned for SREINFRA.NS (2y/1d)",,1000000.0,,,,,,,,,,,,,,,,,"Data Quality [SREINFRA.NS] as of 2026-09-10T14:59:11.382963+00:00: INVALID (score=0.00, threshold=0.70)
  [CRITICAL] provider_unavailable: No data returned for SREINFRA.NS (2y/1d)",UNKNOWN,,
2026-09-10 14:59:12.921518+00:00,SRF.NS,NO TRADE,False,48.64895606506691,NO TRADE,UP,DEGRADED,No risk assessment available (entry/stop/target could not be computed).; Failed check: signal is directional.; Failed check: confidence sufficient.; Failed check: ai signals aligned.; Failed check: risk reward sufficient.; Failed check: expected value positive.; Failed check: positive edge after costs.; Failed check: stop loss logical.; Failed check: position size within limits.; Failed check: strong technical setup.; Failed check: news credibility acceptable.,,1000000.0,2519.0,,31.666666666666668,82.0,50.41349540761073,,40.0,,,40.0,68.49063915371732,,,,,,No risk assessment available (entry/stop/target could not be computed).,BEAR_LOW_VOL,20.0,
2026-09-10 14:59:15.134035+00:00,SRHHYPOLTD.NS,NO TRADE,False,68.04808820494333,WATCH,UP,DEGRADED,No risk assessment available (entry/stop/target could not be computed).; Failed check: signal is directional.; Failed check: confidence sufficient.; Failed check: risk reward sufficient.; Failed check: expected value positive.; Failed check: positive edge after costs.; Failed check: stop loss logical.; Failed check: position size within limits.; Failed check: sufficient liquidity.; Failed check: news credibility acceptable.,,1000000.0,517.0999755859375,,68.33333333333333,94.0,66.60032416779423,,70.0,,,40.0,74.8671957991167,,,,,,No risk assessment available (entry/stop/target could not be computed).,BULL_LOW_VOL,20.0,
2026-09-10 14:59:15.541961+00:00,SRIPIPES.NS,NO TRADE,False,0.0,NO TRADE,NONE,INVALID,"Data Quality [SRIPIPES.NS] as of 2026-09-10T14:59:15.541869+00:00: INVALID (score=0.00, threshold=0.70)
  [CRITICAL] provider_unavailable: No data returned for SRIPIPES.NS (2y/1d)",,1000000.0,,,,,,,,,,,,,,,,,"Data Quality [SRIPIPES.NS] as of 2026-09-10T14:59:15.541869+00:00: INVALID (score=0.00, threshold=0.70)
  [CRITICAL] provider_unavailable: No data returned for SRIPIPES.NS (2y/1d)",UNKNOWN,,
2026-09-10 14:59:16.596760+00:00,SRPL.NS,NO TRADE,False,0.0,NO TRADE,NONE,INVALID,"Data quality gate failed for SRPL.NS: status=INVALID, score=0.75 (min required 0.70). [CRITICAL] zero_volume: 143 bar(s) (28.7%) with volume below 1.; [INFO] holiday_mismatch: 1 bar(s) fall on a date the configured calendar marks as a non-trading day. Not scored as an error: this system's built-in NSE holiday list only covers fixed-date national holidays (see data/market_calendar.py) and is deliberately incomplete for variable-date holidays -- this may just mean the calendar doesn't know about a legitimate special session or holiday.; Forced NO TRADE: this system never trades on data it cannot vouch for, regardless of what any other signal would have said.",,1000000.0,0.3400000035762787,,,,,,60.0,,,,,,,,,,"Data quality gate failed for SRPL.NS: status=INVALID, score=0.75 (min required 0.70). [CRITICAL] zero_volume: 143 bar(s) (28.7%) with volume below 1.; [INFO] holiday_mismatch: 1 bar(s) fall on a date the configured calendar marks as a non-trading day. Not scored as an error: this system's built-in NSE holiday list only covers fixed-date national holidays (see data/market_calendar.py) and is deliberately incomplete for variable-date holidays -- this may just mean the calendar doesn't know about a legitimate special session or holiday.",BEAR_LOW_VOL,,
2026-09-10 14:59:16.943995+00:00,SRTRANSFIN.NS,NO TRADE,False,0.0,NO TRADE,NONE,INVALID,"Data Quality [SRTRANSFIN.NS] as of 2026-09-10T14:59:16.943909+00:00: INVALID (score=0.00, threshold=0.70)
  [CRITICAL] provider_unavailable: No data returned for SRTRANSFIN.NS (2y/1d)",,1000000.0,,,,,,,,,,,,,,,,,"Data Quality [SRTRANSFIN.NS] as of 2026-09-10T14:59:16.943909+00:00: INVALID (score=0.00, threshold=0.70)
  [CRITICAL] provider_unavailable: No data returned for SRTRANSFIN.NS (2y/1d)",UNKNOWN,,
2026-09-10 14:59:18.300269+00:00,SSWL.NS,NO TRADE,False,70.34869221061123,MODERATE,UP,DEGRADED,Failed check: news credibility acceptable.,,1000000.0,373.6000061035156,2667,63.333333333333336,82.0,70.0,,45.0,,,70.0,78.76165137124802,,3.1249999999999987,7509.710310142656,439.50304718017577,346,Failed check: news credibility acceptable.,BULL_HIGH_VOL,20.0,
2026-09-10 14:59:19.976759+00:00,STAR.NS,NO TRADE,False,62.87184470574773,WATCH,UP,DEGRADED,No risk assessment available (entry/stop/target could not be computed).; Failed check: signal is directional.; Failed check: confidence sufficient.; Failed check: ai signals aligned.; Failed check: risk reward sufficient.; Failed check: expected value positive.; Failed check: positive edge after costs.; Failed check: stop loss logical.; Failed check: position size within limits.; Failed check: strong technical setup.; Failed check: news credibility acceptable.,,1000000.0,1217.0,,45.0,94.0,70.0,,45.0,,,55.0,77.21818906485989,,,,,,No risk assessment available (entry/stop/target could not be computed).,BULL_HIGH_VOL,30.0,
2026-09-10 14:59:21.242449+00:00,STARCEMENT.NS,NO TRADE,False,58.38660139279759,NO TRADE,UP,DEGRADED,No risk assessment available (entry/stop/target could not be computed).; Failed check: signal is directional.; Failed check: confidence sufficient.; Failed check: risk reward sufficient.; Failed check: expected value positive.; Failed check: positive edge after costs.; Failed check: stop loss logical.; Failed check: position size within limits.; Failed check: strong technical setup.; Failed check: news credibility acceptable.,,1000000.0,194.67999267578125,,56.666666666666664,65.0,50.7132222332205,,70.0,,,55.0,72.3753918896128,,,,,,No risk assessment available (entry/stop/target could not be computed).,BEAR_LOW_VOL,35.0,
2026-09-10 14:59:22.523929+00:00,STARPAPER.NS,NO TRADE,False,61.523329197833206,WATCH,UP,DEGRADED,No risk assessment available (entry/stop/target could not be computed).; Failed check: signal is directional.; Failed check: confidence sufficient.; Failed check: risk reward sufficient.; Failed check: expected value positive.; Failed check: positive edge after costs.; Failed check: stop loss logical.; Failed check: position size within limits.; Failed check: sufficient liquidity.; Failed check: strong technical setup.; Failed check: news credibility acceptable.,,1000000.0,169.83999633789062,,56.666666666666664,65.0,70.0,,45.0,,,40.0,79.73560634851603,,,,,,No risk assessment available (entry/stop/target could not be computed).,BULL_HIGH_VOL,20.0,
2026-09-10 14:59:24.057916+00:00,STCINDIA.NS,NO TRADE,False,40.005111837123586,NO TRADE,DOWN,DEGRADED,No risk assessment available (entry/stop/target could not be computed).; Failed check: signal is directional.; Failed check: confidence sufficient.; Failed check: risk reward sufficient.; Failed check: expected value positive.; Failed check: positive edge after costs.; Failed check: stop loss logical.; Failed check: position size within limits.; Failed check: sufficient liquidity.; Failed check: strong technical setup.; Failed check: news credibility acceptable.,,1000000.0,113.25,,31.666666666666668,,51.99519659944487,,40.0,,,10.0,72.87120945690752,,,,,,No risk assessment available (entry/stop/target could not be computed).,BEAR_LOW_VOL,,
2026-09-10 14:59:25.628835+00:00,STEELCITY.NS,NO TRADE,False,69.42156032582221,MODERATE,UP,DEGRADED,No risk assessment available (entry/stop/target could not be computed).; Failed check: signal is directional.; Failed check: confidence sufficient.; Failed check: risk reward sufficient.; Failed check: expected value positive.; Failed check: positive edge after costs.; Failed check: stop loss logical.; Failed check: position size within limits.; Failed check: sufficient liquidity.; Failed check: news credibility acceptable.,,1000000.0,91.4000015258789,,68.33333333333333,94.0,70.0,,60.0,,,40.0,79.01881669482837,,,,,,No risk assessment available (entry/stop/target could not be computed).,BULL_HIGH_VOL,20.0,
2026-09-10 14:59:27.859070+00:00,STEELXIND.NS,NO TRADE,False,59.29499780899167,WATCH,UP,DEGRADED,No risk assessment available (entry/stop/target could not be computed).; Failed check: signal is directional.; Failed check: confidence sufficient.; Failed check: risk reward sufficient.; Failed check: expected value positive.; Failed check: positive edge after costs.; Failed check: stop loss logical.; Failed check: position size within limits.; Failed check: strong technical setup.; Failed check: news credibility acceptable.,,1000000.0,12.229999542236328,,45.0,67.0,70.0,,45.0,,,55.0,76.24933846781524,,,,,,No risk assessment available (entry/stop/target could not be computed).,SIDEWAYS_LOW_VOL,30.0,
2026-09-10 14:59:29.202638+00:00,STEL.NS,NO TRADE,False,53.470323364151014,NO TRADE,NONE,DEGRADED,No risk assessment available (entry/stop/target could not be computed).; Failed check: signal is directional.; Failed check: confidence sufficient.; Failed check: risk reward sufficient.; Failed check: expected value positive.; Failed check: positive edge after costs.; Failed check: stop loss logical.; Failed check: position size within limits.; Failed check: sufficient liquidity.; Failed check: strong technical setup.; Failed check: news credibility acceptable.,,1000000.0,590.2000122070312,,46.666666666666664,53.0,67.92573603952177,,50.0,,,25.0,77.59004029739285,,,,,,No risk assessment available (entry/stop/target could not be computed).,SIDEWAYS_HIGH_VOL,30.0,
2026-09-10 14:59:30.525514+00:00,STERTOOLS.NS,NO TRADE,False,48.88400621222529,NO TRADE,UP,DEGRADED,No risk assessment available (entry/stop/target could not be computed).; Failed check: signal is directional.; Failed check: confidence sufficient.; Failed check: risk reward sufficient.; Failed check: expected value positive.; Failed check: positive edge after costs.; Failed check: stop loss logical.; Failed check: position size within limits.; Failed check: sufficient liquidity.; Failed check: strong technical setup.; Failed check: news credibility acceptable.,,1000000.0,216.2100067138672,,45.0,67.0,52.24990660624198,,60.0,,,10.0,77.14170335524966,,,,,,No risk assessment available (entry/stop/target could not be computed).,BEAR_LOW_VOL,35.0,
2026-09-10 14:59:31.922218+00:00,STLTECH.NS,NO TRADE,False,66.80853718709449,WATCH,UP,DEGRADED,No risk assessment available (entry/stop/target could not be computed).; Failed check: signal is directional.; Failed check: confidence sufficient.; Failed check: risk reward sufficient.; Failed check: expected value positive.; Failed check: positive edge after costs.; Failed check: stop loss logical.; Failed check: position size within limits.; Failed check: news credibility acceptable.,,1000000.0,862.2999877929688,,60.0,66.0,70.0,,45.0,,,70.0,76.43741666676911,,,,,,No risk assessment available (entry/stop/target could not be computed).,BULL_HIGH_VOL,30.0,
2026-09-10 14:59:33.273707+00:00,SUBEXLTD.NS,NO TRADE,False,70.88507720919395,MODERATE,UP,DEGRADED,Failed check: news credibility acceptable.,,1000000.0,19.770000457763672,50410,66.66666666666667,86.0,70.0,,45.0,,,70.0,69.65095817717868,,3.124999999999997,7689.08653675547,277.94643643569947,4135,Failed check: news credibility acceptable.,BULL_HIGH_VOL,20.0,
2026-09-10 14:59:34.582076+00:00,SUBROS.NS,NO TRADE,False,48.77953632404733,NO TRADE,UP,DEGRADED,No risk assessment available (entry/stop/target could not be computed).; Failed check: signal is directional.; Failed check: confidence sufficient.; Failed check: risk reward sufficient.; Failed check: expected value positive.; Failed check: positive edge after costs.; Failed check: stop loss logical.; Failed check: position size within limits.; Failed check: sufficient liquidity.; Failed check: strong technical setup.; Failed check: news credibility acceptable.,,1000000.0,713.75,,48.333333333333336,72.0,45.10098267343396,,60.0,,,10.0,72.9361779506971,,,,,,No risk assessment available (entry/stop/target could not be computed).,BEAR_LOW_VOL,20.0,
2026-09-10 14:59:35.910558+00:00,SUDARSCHEM.NS,NO TRADE,False,66.12687419274916,WATCH,UP,DEGRADED,No risk assessment available (entry/stop/target could not be computed).; Failed check: signal is directional.; Failed check: confidence sufficient.; Failed check: risk reward sufficient.; Failed check: expected value positive.; Failed check: positive edge after costs.; Failed check: stop loss logical.; Failed check: position size within limits.; Failed check: strong technical setup.; Failed check: news credibility acceptable.,,1000000.0,1270.800048828125,,58.333333333333336,64.0,70.0,,40.0,,,70.0,77.84760522710965,,,,,,No risk assessment available (entry/stop/target could not be computed).,BULL_LOW_VOL,30.0,
2026-09-10 14:59:37.087176+00:00,SUMICHEM.NS,NO TRADE,False,51.45746977267432,NO TRADE,UP,DEGRADED,No risk assessment available (entry/stop/target could not be computed).; Failed check: signal is directional.; Failed check: confidence sufficient.; Failed check: risk reward sufficient.; Failed check: expected value positive.; Failed check: positive edge after costs.; Failed check: stop loss logical.; Failed check: position size within limits.; Failed check: strong technical setup.; Failed check: market conditions acceptable.; Failed check: news credibility acceptable.,,1000000.0,480.8999938964844,,43.333333333333336,72.0,34.41754990633157,,40.0,,,55.0,75.74361238122547,,,,,,No risk assessment available (entry/stop/target could not be computed).,BULL_LOW_VOL,20.0,
2026-09-10 14:59:38.180499+00:00,SUMMITSEC.NS,NO TRADE,False,57.66681311495586,NO TRADE,UP,DEGRADED,No risk assessment available (entry/stop/target could not be computed).; Failed check: signal is directional.; Failed check: confidence sufficient.; Failed check: risk reward sufficient.; Failed check: expected value positive.; Failed check: positive edge after costs.; Failed check: stop loss logical.; Failed check: position size within limits.; Failed check: sufficient liquidity.; Failed check: strong technical setup.; Failed check: news credibility acceptable.,,1000000.0,1438.5999755859375,,56.666666666666664,86.0,56.97122864278865,,70.0,,,25.0,73.09528655214258,,,,,,No risk assessment available (entry/stop/target could not be computed).,BEAR_LOW_VOL,30.0,
2026-09-10 14:59:38.527115+00:00,SUNCLAYLTD.NS,NO TRADE,False,0.0,NO TRADE,NONE,INVALID,"Data Quality [SUNCLAYLTD.NS] as of 2026-09-10T14:59:38.527026+00:00: INVALID (score=0.00, threshold=0.70)
  [CRITICAL] provider_unavailable: No data returned for SUNCLAYLTD.NS (2y/1d)",,1000000.0,,,,,,,,,,,,,,,,,"Data Quality [SUNCLAYLTD.NS] as of 2026-09-10T14:59:38.527026+00:00: INVALID (score=0.00, threshold=0.70)
  [CRITICAL] provider_unavailable: No data returned for SUNCLAYLTD.NS (2y/1d)",UNKNOWN,,
2026-09-10 14:59:40.898444+00:00,SUNDARAM.NS,NO TRADE,False,56.07841291474455,NO TRADE,UP,DEGRADED,No risk assessment available (entry/stop/target could not be computed).; Failed check: signal is directional.; Failed check: confidence sufficient.; Failed check: ai signals aligned.; Failed check: risk reward sufficient.; Failed check: expected value positive.; Failed check: positive edge after costs.; Failed check: stop loss logical.; Failed check: position size within limits.; Failed check: strong technical setup.; Failed check: news credibility acceptable.,,1000000.0,1.2100000381469727,,31.666666666666668,80.0,70.0,,40.0,,,55.0,79.55524761651394,,,,,,No risk assessment available (entry/stop/target could not be computed).,BEAR_HIGH_VOL,20.0,
2026-09-10 14:59:42.082055+00:00,SUNDARMFIN.NS,NO TRADE,False,58.47364998503412,NO TRADE,UP,DEGRADED,No risk assessment available (entry/stop/target could not be computed).; Failed check: signal is directional.; Failed check: confidence sufficient.; Failed check: risk reward sufficient.; Failed check: expected value positive.; Failed check: positive edge after costs.; Failed check: stop loss logical.; Failed check: position size within limits.; Failed check: sufficient liquidity.; Failed check: strong technical setup.; Failed check: news credibility acceptable.,,1000000.0,4703.0,,58.333333333333336,76.0,64.19765147066248,,70.0,,,25.0,69.99254076015417,,,,,,No risk assessment available (entry/stop/target could not be computed).,SIDEWAYS_LOW_VOL,55.0,
2026-09-10 14:59:42.378305+00:00,SUNDARMHLD.NS,NO TRADE,False,0.0,NO TRADE,NONE,INVALID,"Data Quality [SUNDARMHLD.NS] as of 2026-09-10T14:59:42.378218+00:00: INVALID (score=0.00, threshold=0.70)
  [CRITICAL] provider_unavailable: No data returned for SUNDARMHLD.NS (2y/1d)",,1000000.0,,,,,,,,,,,,,,,,,"Data Quality [SUNDARMHLD.NS] as of 2026-09-10T14:59:42.378218+00:00: INVALID (score=0.00, threshold=0.70)
  [CRITICAL] provider_unavailable: No data returned for SUNDARMHLD.NS (2y/1d)",UNKNOWN,,
2026-09-10 14:59:43.751972+00:00,SUNDRMBRAK.NS,NO TRADE,False,39.63425295214797,NO TRADE,DOWN,DEGRADED,No risk assessment available (entry/stop/target could not be computed).; Failed check: signal is directional.; Failed check: confidence sufficient.; Failed check: risk reward sufficient.; Failed check: expected value positive.; Failed check: positive edge after costs.; Failed check: stop loss logical.; Failed check: position size within limits.; Failed check: sufficient liquidity.; Failed check: strong technical setup.; Failed check: market conditions acceptable.; Failed check: news credibility acceptable.,,1000000.0,725.0999755859375,,38.333333333333336,49.0,30.118509572793542,,40.0,,,10.0,79.71269604348059,,,,,,No risk assessment available (entry/stop/target could not be computed).,BEAR_HIGH_VOL,20.0,
2026-09-10 14:59:45.052058+00:00,SUNDRMFAST.NS,NO TRADE,False,64.63797291824017,WATCH,UP,DEGRADED,No risk assessment available (entry/stop/target could not be computed).; Failed check: signal is directional.; Failed check: confidence sufficient.; Failed check: risk reward sufficient.; Failed check: expected value positive.; Failed check: positive edge after costs.; Failed check: stop loss logical.; Failed check: position size within limits.; Failed check: strong technical setup.; Failed check: news credibility acceptable.,,1000000.0,1250.0,,55.0,78.0,61.70056586186436,,40.0,,,70.0,75.5204176037748,,,,,,No risk assessment available (entry/stop/target could not be computed).,BULL_LOW_VOL,20.0,
2026-09-10 14:59:46.448739+00:00,SUNFLAG.NS,NO TRADE,False,48.86356698839742,NO TRADE,NONE,DEGRADED,No risk assessment available (entry/stop/target could not be computed).; Failed check: signal is directional.; Failed check: confidence sufficient.; Failed check: risk reward sufficient.; Failed check: expected value positive.; Failed check: positive edge after costs.; Failed check: stop loss logical.; Failed check: position size within limits.; Failed check: strong technical setup.; Failed check: news credibility acceptable.,,1000000.0,345.3999938964844,,35.0,62.0,51.79984247814502,,50.0,,,40.0,76.05553264308591,,,,,,No risk assessment available (entry/stop/target could not be computed).,SIDEWAYS_LOW_VOL,20.0,
2026-09-10 14:59:48.007478+00:00,SUNPHARMA.NS,NO TRADE,False,50.145034057558924,NO TRADE,UP,DEGRADED,No risk assessment available (entry/stop/target could not be computed).; Failed check: signal is directional.; Failed check: confidence sufficient.; Failed check: ai signals aligned.; Failed check: risk reward sufficient.; Failed check: expected value positive.; Failed check: positive edge after costs.; Failed check: stop loss logical.; Failed check: position size within limits.; Failed check: strong technical setup.; Failed check: news credibility acceptable.,,1000000.0,1861.0,,35.0,82.0,50.1402212638417,,40.0,,,40.0,68.0496748486733,,,,,,No risk assessment available (entry/stop/target could not be computed).,SIDEWAYS_LOW_VOL,20.0,
2026-09-10 14:59:49.323139+00:00,SUNTECK.NS,NO TRADE,False,49.87422945677497,NO TRADE,UP,DEGRADED,No risk assessment available (entry/stop/target could not be computed).; Failed check: signal is directional.; Failed check: confidence sufficient.; Failed check: ai signals aligned.; Failed check: risk reward sufficient.; Failed check: expected value positive.; Failed check: positive edge after costs.; Failed check: stop loss logical.; Failed check: position size within limits.; Failed check: strong technical setup.; Failed check: news credibility acceptable.,,1000000.0,289.79998779296875,,31.666666666666668,84.0,50.90997716378356,,40.0,,,40.0,72.3882284131723,,,,,,No risk assessment available (entry/stop/target could not be computed).,BEAR_LOW_VOL,20.0,
2026-09-10 14:59:50.681681+00:00,SUNTV.NS,NO TRADE,False,51.61201500649315,NO TRADE,UP,DEGRADED,No risk assessment available (entry/stop/target could not be computed).; Failed check: signal is directional.; Failed check: confidence sufficient.; Failed check: ai signals aligned.; Failed check: risk reward sufficient.; Failed check: expected value positive.; Failed check: positive edge after costs.; Failed check: stop loss logical.; Failed check: position size within limits.; Failed check: strong technical setup.; Failed check: news credibility acceptable.,,1000000.0,455.29998779296875,,31.666666666666668,94.0,44.02956354160843,,40.0,,,55.0,71.97985707560024,,,,,,No risk assessment available (entry/stop/target could not be computed).,BEAR_LOW_VOL,20.0,
2026-09-10 14:59:51.838146+00:00,SUPERHOUSE.NS,NO TRADE,False,61.153348322908585,WATCH,UP,DEGRADED,No risk assessment available (entry/stop/target could not be computed).; Failed check: signal is directional.; Failed check: confidence sufficient.; Failed check: risk reward sufficient.; Failed check: expected value positive.; Failed check: positive edge after costs.; Failed check: stop loss logical.; Failed check: position size within limits.; Failed check: sufficient liquidity.; Failed check: news credibility acceptable.,,1000000.0,171.6699981689453,,61.666666666666664,70.0,61.65952577041985,,50.0,,,40.0,73.79499920737852,,,,,,No risk assessment available (entry/stop/target could not be computed).,BULL_HIGH_VOL,20.0,
2026-09-10 14:59:54.056856+00:00,SUPERSPIN.NS,NO TRADE,False,0.0,NO TRADE,NONE,INVALID,"Data quality gate failed for SUPERSPIN.NS: status=INVALID, score=0.60 (min required 0.70). [CRITICAL] invalid_ohlc: 1 bar(s) with an invalid OHLC relationship (e.g. High < Low, non-positive price) or NaN price.; [WARNING] zero_volume: 3 bar(s) (0.6%) with volume below 1.; [INFO] holiday_mismatch: 1 bar(s) fall on a date the configured calendar marks as a non-trading day. Not scored as an error: this system's built-in NSE holiday list only covers fixed-date national holidays (see data/market_calendar.py) and is deliberately incomplete for variable-date holidays -- this may just mean the calendar doesn't know about a legitimate special session or holiday.; Forced NO TRADE: this system never trades on data it cannot vouch for, regardless of what any other signal would have said.",,1000000.0,7.360000133514404,,,,,,45.0,,,,,,,,,,"Data quality gate failed for SUPERSPIN.NS: status=INVALID, score=0.60 (min required 0.70). [CRITICAL] invalid_ohlc: 1 bar(s) with an invalid OHLC relationship (e.g. High < Low, non-positive price) or NaN price.; [WARNING] zero_volume: 3 bar(s) (0.6%) with volume below 1.; [INFO] holiday_mismatch: 1 bar(s) fall on a date the configured calendar marks as a non-trading day. Not scored as an error: this system's built-in NSE holiday list only covers fixed-date national holidays (see data/market_calendar.py) and is deliberately incomplete for variable-date holidays -- this may just mean the calendar doesn't know about a legitimate special session or holiday.",BULL_LOW_VOL,,
2026-09-10 14:59:54.353190+00:00,SUPPETRO.NS,NO TRADE,False,0.0,NO TRADE,NONE,INVALID,"Data Quality [SUPPETRO.NS] as of 2026-09-10T14:59:54.353104+00:00: INVALID (score=0.00, threshold=0.70)
  [CRITICAL] provider_unavailable: No data returned for SUPPETRO.NS (2y/1d)",,1000000.0,,,,,,,,,,,,,,,,,"Data Quality [SUPPETRO.NS] as of 2026-09-10T14:59:54.353104+00:00: INVALID (score=0.00, threshold=0.70)
  [CRITICAL] provider_unavailable: No data returned for SUPPETRO.NS (2y/1d)",UNKNOWN,,
2026-09-10 14:59:55.821462+00:00,SUPRAJIT.NS,NO TRADE,False,50.64478034279267,NO TRADE,UP,DEGRADED,No risk assessment available (entry/stop/target could not be computed).; Failed check: signal is directional.; Failed check: confidence sufficient.; Failed check: risk reward sufficient.; Failed check: expected value positive.; Failed check: positive edge after costs.; Failed check: stop loss logical.; Failed check: position size within limits.; Failed check: sufficient liquidity.; Failed check: strong technical setup.; Failed check: news credibility acceptable.,,1000000.0,501.25,,46.666666666666664,68.0,48.02628325767571,,50.0,,,25.0,74.1714709935495,,,,,,No risk assessment available (entry/stop/target could not be computed).,BULL_LOW_VOL,30.0,
2026-09-10 14:59:56.992772+00:00,SUPREMEENG.NS,NO TRADE,False,0.0,NO TRADE,NONE,INVALID,"Data quality gate failed for SUPREMEENG.NS: status=INVALID, score=0.75 (min required 0.70). [CRITICAL] zero_volume: 100 bar(s) (20.0%) with volume below 1.; [INFO] holiday_mismatch: 1 bar(s) fall on a date the configured calendar marks as a non-trading day. Not scored as an error: this system's built-in NSE holiday list only covers fixed-date national holidays (see data/market_calendar.py) and is deliberately incomplete for variable-date holidays -- this may just mean the calendar doesn't know about a legitimate special session or holiday.; Forced NO TRADE: this system never trades on data it cannot vouch for, regardless of what any other signal would have said.",,1000000.0,3.2699999809265137,,,,,,45.0,,,,,,,,,,"Data quality gate failed for SUPREMEENG.NS: status=INVALID, score=0.75 (min required 0.70). [CRITICAL] zero_volume: 100 bar(s) (20.0%) with volume below 1.; [INFO] holiday_mismatch: 1 bar(s) fall on a date the configured calendar marks as a non-trading day. Not scored as an error: this system's built-in NSE holiday list only covers fixed-date national holidays (see data/market_calendar.py) and is deliberately incomplete for variable-date holidays -- this may just mean the calendar doesn't know about a legitimate special session or holiday.",BULL_LOW_VOL,,
2026-09-10 14:59:58.327281+00:00,SUPREMEIND.NS,NO TRADE,False,56.71091836524498,NO TRADE,UP,DEGRADED,No risk assessment available (entry/stop/target could not be computed).; Failed check: signal is directional.; Failed check: confidence sufficient.; Failed check: risk reward sufficient.; Failed check: expected value positive.; Failed check: positive edge after costs.; Failed check: stop loss logical.; Failed check: position size within limits.; Failed check: strong technical setup.; Failed check: news credibility acceptable.,,1000000.0,3510.0,,46.666666666666664,68.0,58.033974754991014,,50.0,,,55.0,71.24439685696181,,,,,,No risk assessment available (entry/stop/target could not be computed).,BULL_LOW_VOL,20.0,
2026-09-10 14:59:59.737994+00:00,SURANAT&P.NS,NO TRADE,False,52.5508688143084,NO TRADE,UP,DEGRADED,No risk assessment available (entry/stop/target could not be computed).; Failed check: signal is directional.; Failed check: confidence sufficient.; Failed check: risk reward sufficient.; Failed check: expected value positive.; Failed check: positive edge after costs.; Failed check: stop loss logical.; Failed check: position size within limits.; Failed check: sufficient liquidity.; Failed check: strong technical setup.; Failed check: news credibility acceptable.,,1000000.0,16.049999237060547,,48.333333333333336,79.0,54.46490981665211,,60.0,,,10.0,79.17676954530607,,,,,,No risk assessment available (entry/stop/target could not be computed).,BEAR_LOW_VOL,20.0,
2026-09-10 15:00:01.223348+00:00,SURYAROSNI.NS,NO TRADE,False,55.193456646976486,NO TRADE,UP,DEGRADED,No risk assessment available (entry/stop/target could not be computed).; Failed check: signal is directional.; Failed check: confidence sufficient.; Failed check: ai signals aligned.; Failed check: risk reward sufficient.; Failed check: expected value positive.; Failed check: positive edge after costs.; Failed check: stop loss logical.; Failed check: position size within limits.; Failed check: strong technical setup.; Failed check: news credibility acceptable.,,1000000.0,216.3000030517578,,45.0,90.0,51.07468267350343,,60.0,,,40.0,73.35289934074007,,,,,,No risk assessment available (entry/stop/target could not be computed).,BEAR_LOW_VOL,20.0,
2026-09-10 15:00:02.477092+00:00,SUTLEJTEX.NS,NO TRADE,False,57.47046910001298,NO TRADE,UP,DEGRADED,No risk assessment available (entry/stop/target could not be computed).; Failed check: signal is directional.; Failed check: confidence sufficient.; Failed check: risk reward sufficient.; Failed check: expected value positive.; Failed check: positive edge after costs.; Failed check: stop loss logical.; Failed check: position size within limits.; Failed check: sufficient liquidity.; Failed check: strong technical setup.; Failed check: news credibility acceptable.,,1000000.0,39.63999938964844,,58.333333333333336,56.0,64.01799515182091,,70.0,,,25.0,78.9032549100326,,,,,,No risk assessment available (entry/stop/target could not be computed).,BULL_LOW_VOL,42.0,
2026-09-10 15:00:03.651569+00:00,SUULD.NS,NO TRADE,False,0.0,NO TRADE,NONE,INVALID,"Data quality gate failed for SUULD.NS: status=INVALID, score=0.75 (min required 0.70). [CRITICAL] zero_volume: 289 bar(s) (57.9%) with volume below 1.; [INFO] holiday_mismatch: 1 bar(s) fall on a date the configured calendar marks as a non-trading day. Not scored as an error: this system's built-in NSE holiday list only covers fixed-date national holidays (see data/market_calendar.py) and is deliberately incomplete for variable-date holidays -- this may just mean the calendar doesn't know about a legitimate special session or holiday.; Forced NO TRADE: this system never trades on data it cannot vouch for, regardless of what any other signal would have said.",,1000000.0,1.5700000524520874,,,,,,60.0,,,,,,,,,,"Data quality gate failed for SUULD.NS: status=INVALID, score=0.75 (min required 0.70). [CRITICAL] zero_volume: 289 bar(s) (57.9%) with volume below 1.; [INFO] holiday_mismatch: 1 bar(s) fall on a date the configured calendar marks as a non-trading day. Not scored as an error: this system's built-in NSE holiday list only covers fixed-date national holidays (see data/market_calendar.py) and is deliberately incomplete for variable-date holidays -- this may just mean the calendar doesn't know about a legitimate special session or holiday.",SIDEWAYS_LOW_VOL,,
2026-09-10 15:00:05.108623+00:00,SUVEN.NS,NO TRADE,False,59.0331822900301,WATCH,UP,DEGRADED,No risk assessment available (entry/stop/target could not be computed).; Failed check: signal is directional.; Failed check: confidence sufficient.; Failed check: risk reward sufficient.; Failed check: expected value positive.; Failed check: positive edge after costs.; Failed check: stop loss logical.; Failed check: position size within limits.; Failed check: strong technical setup.; Failed check: news credibility acceptable.,,1000000.0,360.70001220703125,,46.666666666666664,64.0,70.0,,50.0,,,55.0,74.36594279921229,,,,,,No risk assessment available (entry/stop/target could not be computed).,BULL_HIGH_VOL,20.0,
2026-09-10 15:00:06.557052+00:00,SUVENPHAR.NS,NO TRADE,False,0.0,NO TRADE,NONE,INVALID,"Data Quality [SUVENPHAR.NS] as of 2026-09-10T15:00:06.556943+00:00: INVALID (score=0.00, threshold=0.70)
  [CRITICAL] provider_unavailable: No data returned for SUVENPHAR.NS (2y/1d)",,1000000.0,,,,,,,,,,,,,,,,,"Data Quality [SUVENPHAR.NS] as of 2026-09-10T15:00:06.556943+00:00: INVALID (score=0.00, threshold=0.70)
  [CRITICAL] provider_unavailable: No data returned for SUVENPHAR.NS (2y/1d)",UNKNOWN,,
2026-09-10 15:00:06.864106+00:00,SWANENERGY.NS,NO TRADE,False,0.0,NO TRADE,NONE,INVALID,"Data Quality [SWANENERGY.NS] as of 2026-09-10T15:00:06.864021+00:00: INVALID (score=0.00, threshold=0.70)
  [CRITICAL] provider_unavailable: No data returned for SWANENERGY.NS (2y/1d)",,1000000.0,,,,,,,,,,,,,,,,,"Data Quality [SWANENERGY.NS] as of 2026-09-10T15:00:06.864021+00:00: INVALID (score=0.00, threshold=0.70)
  [CRITICAL] provider_unavailable: No data returned for SWANENERGY.NS (2y/1d)",UNKNOWN,,
2026-09-10 15:00:08.135858+00:00,SWARAJENG.NS,NO TRADE,False,51.528467518226506,NO TRADE,UP,DEGRADED,No risk assessment available (entry/stop/target could not be computed).; Failed check: signal is directional.; Failed check: confidence sufficient.; Failed check: ai signals aligned.; Failed check: risk reward sufficient.; Failed check: expected value positive.; Failed check: positive edge after costs.; Failed check: stop loss logical.; Failed check: position size within limits.; Failed check: sufficient liquidity.; Failed check: strong technical setup.; Failed check: news credibility acceptable.,,1000000.0,3554.0,,41.666666666666664,86.0,53.57592878187922,,60.0,,,25.0,67.84873742333767,,,,,,No risk assessment available (entry/stop/target could not be computed).,BEAR_LOW_VOL,20.0,
2026-09-10 15:00:09.665008+00:00,SWELECTES.NS,NO TRADE,False,40.65498214292994,NO TRADE,NONE,DEGRADED,No risk assessment available (entry/stop/target could not be computed).; Failed check: signal is directional.; Failed check: confidence sufficient.; Failed check: risk reward sufficient.; Failed check: expected value positive.; Failed check: positive edge after costs.; Failed check: stop loss logical.; Failed check: position size within limits.; Failed check: sufficient liquidity.; Failed check: strong technical setup.; Failed check: market conditions acceptable.; Failed check: news credibility acceptable.,,1000000.0,568.1500244140625,,38.333333333333336,60.0,30.0,,40.0,,,10.0,78.9878155189625,,,,,,No risk assessment available (entry/stop/target could not be computed).,BEAR_HIGH_VOL,45.0,
2026-09-10 15:00:10.957484+00:00,SWSOLAR.NS,NO TRADE,False,42.85774844094442,NO TRADE,DOWN,DEGRADED,No risk assessment available (entry/stop/target could not be computed).; Failed check: signal is directional.; Failed check: confidence sufficient.; Failed check: risk reward sufficient.; Failed check: expected value positive.; Failed check: positive edge after costs.; Failed check: stop loss logical.; Failed check: position size within limits.; Failed check: strong technical setup.; Failed check: market conditions acceptable.; Failed check: news credibility acceptable.,,1000000.0,182.64999389648438,,33.333333333333336,47.0,36.47329121172574,,25.0,,,40.0,75.84400554584285,,,,,,No risk assessment available (entry/stop/target could not be computed).,BEAR_LOW_VOL,42.0,
2026-09-10 15:00:12.537399+00:00,SYMPHONY.NS,NO TRADE,False,57.25484530277271,NO TRADE,UP,DEGRADED,No risk assessment available (entry/stop/target could not be computed).; Failed check: signal is directional.; Failed check: confidence sufficient.; Failed check: risk reward sufficient.; Failed check: expected value positive.; Failed check: positive edge after costs.; Failed check: stop loss logical.; Failed check: position size within limits.; Failed check: strong technical setup.; Failed check: news credibility acceptable.,,1000000.0,606.9500122070312,,56.666666666666664,55.0,49.591474297783364,,70.0,,,55.0,74.22074214225678,,,,,,No risk assessment available (entry/stop/target could not be computed).,BEAR_LOW_VOL,20.0,
2026-09-10 15:00:14.264887+00:00,SYNGENE.NS,NO TRADE,False,44.525057119584474,NO TRADE,DOWN,DEGRADED,No risk assessment available (entry/stop/target could not be computed).; Failed check: signal is directional.; Failed check: confidence sufficient.; Failed check: risk reward sufficient.; Failed check: expected value positive.; Failed check: positive edge after costs.; Failed check: stop loss logical.; Failed check: position size within limits.; Failed check: strong technical setup.; Failed check: news credibility acceptable.,,1000000.0,384.0,,31.666666666666668,49.0,48.59698840123403,,40.0,,,40.0,71.64663845737712,,,,,,No risk assessment available (entry/stop/target could not be computed).,BEAR_LOW_VOL,20.0,
2026-09-10 15:00:15.560954+00:00,TAINWALCHM.NS,NO TRADE,False,53.17715256210304,NO TRADE,NONE,DEGRADED,No risk assessment available (entry/stop/target could not be computed).; Failed check: signal is directional.; Failed check: confidence sufficient.; Failed check: risk reward sufficient.; Failed check: expected value positive.; Failed check: positive edge after costs.; Failed check: stop loss logical.; Failed check: position size within limits.; Failed check: sufficient liquidity.; Failed check: strong technical setup.; Failed check: news credibility acceptable.,,1000000.0,210.02000427246094,,46.666666666666664,56.0,63.92173331588833,,50.0,,,25.0,79.56826801815228,,,,,,No risk assessment available (entry/stop/target could not be computed).,SIDEWAYS_LOW_VOL,45.0,
2026-09-10 15:00:17.067536+00:00,TAJGVK.NS,NO TRADE,False,52.847939395430544,NO TRADE,UP,DEGRADED,No risk assessment available (entry/stop/target could not be computed).; Failed check: signal is directional.; Failed check: confidence sufficient.; Failed check: risk reward sufficient.; Failed check: expected value positive.; Failed check: positive edge after costs.; Failed check: stop loss logical.; Failed check: position size within limits.; Failed check: sufficient liquidity.; Failed check: strong technical setup.; Failed check: news credibility acceptable.,,1000000.0,340.54998779296875,,46.666666666666664,79.0,52.55979470148257,,50.0,,,25.0,74.39920359821352,,,,,,No risk assessment available (entry/stop/target could not be computed).,SIDEWAYS_LOW_VOL,35.0,
2026-09-10 15:00:18.945940+00:00,TAKE.NS,NO TRADE,False,50.59830247477118,NO TRADE,UP,DEGRADED,No risk assessment available (entry/stop/target could not be computed).; Failed check: signal is directional.; Failed check: confidence sufficient.; Failed check: risk reward sufficient.; Failed check: expected value positive.; Failed check: positive edge after costs.; Failed check: stop loss logical.; Failed check: position size within limits.; Failed check: strong technical setup.; Failed check: market conditions acceptable.; Failed check: news credibility acceptable.,,1000000.0,16.780000686645508,,51.666666666666664,54.0,30.0,,60.0,,,55.0,72.35595519085386,,,,,,No risk assessment available (entry/stop/target could not be computed).,BEAR_HIGH_VOL,30.0,
2026-09-10 15:00:21.319533+00:00,TALBROAUTO.NS,NO TRADE,False,69.61002820125732,MODERATE,UP,DEGRADED,No risk assessment available (entry/stop/target could not be computed).; Failed check: signal is directional.; Failed check: confidence sufficient.; Failed check: risk reward sufficient.; Failed check: expected value positive.; Failed check: positive edge after costs.; Failed check: stop loss logical.; Failed check: position size within limits.; Failed check: news credibility acceptable.,,1000000.0,420.20001220703125,,65.0,94.0,57.624216782703975,,70.0,,,70.0,77.55933778273912,,,,,,No risk assessment available (entry/stop/target could not be computed).,SIDEWAYS_LOW_VOL,20.0,
2026-09-10 15:00:22.811548+00:00,TANLA.NS,NO TRADE,False,49.630047438483835,NO TRADE,UP,DEGRADED,No risk assessment available (entry/stop/target could not be computed).; Failed check: signal is directional.; Failed check: confidence sufficient.; Failed check: ai signals aligned.; Failed check: risk reward sufficient.; Failed check: expected value positive.; Failed check: positive edge after costs.; Failed check: stop loss logical.; Failed check: position size within limits.; Failed check: strong technical setup.; Failed check: market conditions acceptable.; Failed check: news credibility acceptable.,,1000000.0,503.0,,38.333333333333336,94.0,30.419942291683498,,40.0,,,40.0,78.7665351456784,,,,,,No risk assessment available (entry/stop/target could not be computed).,BEAR_LOW_VOL,20.0,
2026-09-10 15:00:24.054215+00:00,TARC.NS,NO TRADE,False,59.82416303268432,WATCH,UP,DEGRADED,No risk assessment available (entry/stop/target could not be computed).; Failed check: signal is directional.; Failed check: confidence sufficient.; Failed check: risk reward sufficient.; Failed check: expected value positive.; Failed check: positive edge after costs.; Failed check: stop loss logical.; Failed check: position size within limits.; Failed check: strong technical setup.; Failed check: news credibility acceptable.,,1000000.0,128.25,,56.666666666666664,51.0,60.11449384059017,,70.0,,,55.0,78.98347238750887,,,,,,No risk assessment available (entry/stop/target could not be computed).,SIDEWAYS_LOW_VOL,57.0,
2026-09-10 15:00:25.530775+00:00,TARMAT.NS,NO TRADE,False,66.79872057101896,WATCH,UP,DEGRADED,No risk assessment available (entry/stop/target could not be computed).; Failed check: signal is directional.; Failed check: confidence sufficient.; Failed check: risk reward sufficient.; Failed check: expected value positive.; Failed check: positive edge after costs.; Failed check: stop loss logical.; Failed check: position size within limits.; Failed check: news credibility acceptable.,,1000000.0,60.65999984741211,,71.66666666666667,90.0,44.86005225823588,,70.0,,,70.0,64.72029584364168,,,,,,No risk assessment available (entry/stop/target could not be computed).,BULL_HIGH_VOL,20.0,
2026-09-10 15:00:26.898728+00:00,TASTYBITE.NS,NO TRADE,False,62.465658323851045,WATCH,UP,DEGRADED,No risk assessment available (entry/stop/target could not be computed).; Failed check: signal is directional.; Failed check: confidence sufficient.; Failed check: risk reward sufficient.; Failed check: expected value positive.; Failed check: positive edge after costs.; Failed check: stop loss logical.; Failed check: position size within limits.; Failed check: sufficient liquidity.; Failed check: news credibility acceptable.,,1000000.0,10199.0,,61.666666666666664,60.0,70.0,,50.0,,,40.0,77.65156503798927,,,,,,No risk assessment available (entry/stop/target could not be computed).,BULL_HIGH_VOL,20.0,
2026-09-10 15:00:28.315989+00:00,TATACHEM.NS,NO TRADE,False,43.86322865295368,NO TRADE,NONE,DEGRADED,No risk assessment available (entry/stop/target could not be computed).; Failed check: signal is directional.; Failed check: confidence sufficient.; Failed check: risk reward sufficient.; Failed check: expected value positive.; Failed check: positive edge after costs.; Failed check: stop loss logical.; Failed check: position size within limits.; Failed check: strong technical setup.; Failed check: market conditions acceptable.; Failed check: news credibility acceptable.,,1000000.0,612.0,,31.666666666666668,64.0,39.36755945347248,,40.0,,,40.0,71.64291004745105,,,,,,No risk assessment available (entry/stop/target could not be computed).,BEAR_LOW_VOL,20.0,
2026-09-10 15:00:28.713222+00:00,TATACOFFEE.NS,NO TRADE,False,0.0,NO TRADE,NONE,INVALID,"Data Quality [TATACOFFEE.NS] as of 2026-09-10T15:00:28.713136+00:00: INVALID (score=0.00, threshold=0.70)
  [CRITICAL] provider_unavailable: No data returned for TATACOFFEE.NS (2y/1d)",,1000000.0,,,,,,,,,,,,,,,,,"Data Quality [TATACOFFEE.NS] as of 2026-09-10T15:00:28.713136+00:00: INVALID (score=0.00, threshold=0.70)
  [CRITICAL] provider_unavailable: No data returned for TATACOFFEE.NS (2y/1d)",UNKNOWN,,
2026-09-10 15:00:30.154916+00:00,TATACOMM.NS,NO TRADE,False,56.97644470343723,NO TRADE,NONE,DEGRADED,No risk assessment available (entry/stop/target could not be computed).; Failed check: signal is directional.; Failed check: confidence sufficient.; Failed check: risk reward sufficient.; Failed check: expected value positive.; Failed check: positive edge after costs.; Failed check: stop loss logical.; Failed check: position size within limits.; Failed check: strong technical setup.; Failed check: news credibility acceptable.,,1000000.0,1764.4000244140625,,56.666666666666664,41.0,57.9957554323679,,70.0,,,55.0,72.31013393222509,,,,,,No risk assessment available (entry/stop/target could not be computed).,BEAR_LOW_VOL,70.0,
2026-09-10 15:00:31.532665+00:00,TATACONSUM.NS,NO TRADE,False,47.80076088992767,NO TRADE,UP,DEGRADED,No risk assessment available (entry/stop/target could not be computed).; Failed check: signal is directional.; Failed check: confidence sufficient.; Failed check: risk reward sufficient.; Failed check: expected value positive.; Failed check: positive edge after costs.; Failed check: stop loss logical.; Failed check: position size within limits.; Failed check: strong technical setup.; Failed check: news credibility acceptable.,,1000000.0,999.5999755859375,,38.333333333333336,70.0,42.48732620168323,,40.0,,,40.0,68.04314918432176,,,,,,No risk assessment available (entry/stop/target could not be computed).,BEAR_LOW_VOL,20.0,
2026-09-10 15:00:33.044148+00:00,TATAELXSI.NS,NO TRADE,False,46.76985986540433,NO TRADE,UP,DEGRADED,No risk assessment available (entry/stop/target could not be computed).; Failed check: signal is directional.; Failed check: confidence sufficient.; Failed check: ai signals aligned.; Failed check: risk reward sufficient.; Failed check: expected value positive.; Failed check: positive edge after costs.; Failed check: stop loss logical.; Failed check: position size within limits.; Failed check: strong technical setup.; Failed check: market conditions acceptable.; Failed check: news credibility acceptable.,,1000000.0,3409.0,,31.666666666666668,82.0,38.00986136446147,,40.0,,,40.0,72.28333967281088,,,,,,No risk assessment available (entry/stop/target could not be computed).,BEAR_LOW_VOL,20.0,
2026-09-10 15:00:35.433328+00:00,TATAINVEST.NS,NO TRADE,False,53.16850231169869,NO TRADE,NONE,DEGRADED,No risk assessment available (entry/stop/target could not be computed).; Failed check: signal is directional.; Failed check: confidence sufficient.; Failed check: risk reward sufficient.; Failed check: expected value positive.; Failed check: positive edge after costs.; Failed check: stop loss logical.; Failed check: position size within limits.; Failed check: strong technical setup.; Failed check: news credibility acceptable.,,1000000.0,645.1500244140625,,46.666666666666664,53.0,50.651797944237046,,50.0,,,55.0,71.5077166598858,,,,,,No risk assessment available (entry/stop/target could not be computed).,SIDEWAYS_LOW_VOL,20.0,
2026-09-10 15:00:35.537401+00:00,TATAMETALI.NS,NO TRADE,False,0.0,NO TRADE,NONE,INVALID,"Data Quality [TATAMETALI.NS] as of 2026-09-10T15:00:35.537287+00:00: INVALID (score=0.00, threshold=0.70)
  [CRITICAL] provider_unavailable: No data returned for TATAMETALI.NS (2y/1d)",,1000000.0,,,,,,,,,,,,,,,,,"Data Quality [TATAMETALI.NS] as of 2026-09-10T15:00:35.537287+00:00: INVALID (score=0.00, threshold=0.70)
  [CRITICAL] provider_unavailable: No data returned for TATAMETALI.NS (2y/1d)",UNKNOWN,,
2026-09-10 15:00:35.954914+00:00,TATAMOTORS.NS,NO TRADE,False,0.0,NO TRADE,NONE,INVALID,"Data Quality [TATAMOTORS.NS] as of 2026-09-10T15:00:35.954828+00:00: INVALID (score=0.00, threshold=0.70)
  [CRITICAL] provider_unavailable: No data returned for TATAMOTORS.NS (2y/1d)",,1000000.0,,,,,,,,,,,,,,,,,"Data Quality [TATAMOTORS.NS] as of 2026-09-10T15:00:35.954828+00:00: INVALID (score=0.00, threshold=0.70)
  [CRITICAL] provider_unavailable: No data returned for TATAMOTORS.NS (2y/1d)",UNKNOWN,,
2026-09-10 15:00:36.302000+00:00,TATAMTRDVR.NS,NO TRADE,False,0.0,NO TRADE,NONE,INVALID,"Data Quality [TATAMTRDVR.NS] as of 2026-09-10T15:00:36.301913+00:00: INVALID (score=0.00, threshold=0.70)
  [CRITICAL] provider_unavailable: No data returned for TATAMTRDVR.NS (2y/1d)",,1000000.0,,,,,,,,,,,,,,,,,"Data Quality [TATAMTRDVR.NS] as of 2026-09-10T15:00:36.301913+00:00: INVALID (score=0.00, threshold=0.70)
  [CRITICAL] provider_unavailable: No data returned for TATAMTRDVR.NS (2y/1d)",UNKNOWN,,
2026-09-10 15:00:37.948848+00:00,TATAPOWER.NS,NO TRADE,False,54.50439244517062,NO TRADE,UP,DEGRADED,No risk assessment available (entry/stop/target could not be computed).; Failed check: signal is directional.; Failed check: confidence sufficient.; Failed check: risk reward sufficient.; Failed check: expected value positive.; Failed check: positive edge after costs.; Failed check: stop loss logical.; Failed check: position size within limits.; Failed check: strong technical setup.; Failed check: news credibility acceptable.,,1000000.0,367.0,,48.333333333333336,64.0,49.41193654172824,,70.0,,,55.0,68.91340808187746,,,,,,No risk assessment available (entry/stop/target could not be computed).,SIDEWAYS_LOW_VOL,42.0,
2026-09-10 15:00:39.718677+00:00,TATASTEEL.NS,NO TRADE,False,63.54319254569946,WATCH,UP,DEGRADED,No risk assessment available (entry/stop/target could not be computed).; Failed check: signal is directional.; Failed check: confidence sufficient.; Failed check: risk reward sufficient.; Failed check: expected value positive.; Failed check: positive edge after costs.; Failed check: stop loss logical.; Failed check: position size within limits.; Failed check: strong technical setup.; Failed check: news credibility acceptable.,,1000000.0,186.77999877929688,,56.666666666666664,90.0,60.86541088084158,,70.0,,,55.0,71.28566681015785,,,,,,No risk assessment available (entry/stop/target could not be computed).,SIDEWAYS_LOW_VOL,30.0,
2026-09-10 15:00:40.086674+00:00,TATASTLBSL.NS,NO TRADE,False,0.0,NO TRADE,NONE,INVALID,"Data Quality [TATASTLBSL.NS] as of 2026-09-10T15:00:40.086585+00:00: INVALID (score=0.00, threshold=0.70)
  [CRITICAL] provider_unavailable: No data returned for TATASTLBSL.NS (2y/1d)",,1000000.0,,,,,,,,,,,,,,,,,"Data Quality [TATASTLBSL.NS] as of 2026-09-10T15:00:40.086585+00:00: INVALID (score=0.00, threshold=0.70)
  [CRITICAL] provider_unavailable: No data returned for TATASTLBSL.NS (2y/1d)",UNKNOWN,,
2026-09-10 15:00:40.454722+00:00,TATASTLLP.NS,NO TRADE,False,0.0,NO TRADE,NONE,INVALID,"Data Quality [TATASTLLP.NS] as of 2026-09-10T15:00:40.454633+00:00: INVALID (score=0.00, threshold=0.70)
  [CRITICAL] provider_unavailable: No data returned for TATASTLLP.NS (2y/1d)",,1000000.0,,,,,,,,,,,,,,,,,"Data Quality [TATASTLLP.NS] as of 2026-09-10T15:00:40.454633+00:00: INVALID (score=0.00, threshold=0.70)
  [CRITICAL] provider_unavailable: No data returned for TATASTLLP.NS (2y/1d)",UNKNOWN,,
2026-09-10 15:00:41.964833+00:00,TBZ.NS,NO TRADE,False,68.63511930221401,WATCH,UP,DEGRADED,No risk assessment available (entry/stop/target could not be computed).; Failed check: signal is directional.; Failed check: confidence sufficient.; Failed check: risk reward sufficient.; Failed check: expected value positive.; Failed check: positive edge after costs.; Failed check: stop loss logical.; Failed check: position size within limits.; Failed check: news credibility acceptable.,,1000000.0,501.25,,63.333333333333336,82.0,70.0,,45.0,,,70.0,67.74583175265786,,,,,,No risk assessment available (entry/stop/target could not be computed).,BULL_HIGH_VOL,42.0,
2026-09-10 15:00:44.177114+00:00,TCI.NS,NO TRADE,False,43.195176887933386,NO TRADE,NONE,DEGRADED,No risk assessment available (entry/stop/target could not be computed).; Failed check: signal is directional.; Failed check: confidence sufficient.; Failed check: risk reward sufficient.; Failed check: expected value positive.; Failed check: positive edge after costs.; Failed check: stop loss logical.; Failed check: position size within limits.; Failed check: sufficient liquidity.; Failed check: strong technical setup.; Failed check: news credibility acceptable.,,1000000.0,856.9000244140625,,38.333333333333336,65.0,42.72653596762939,,40.0,,,10.0,72.07773020313685,,,,,,No risk assessment available (entry/stop/target could not be computed).,BEAR_LOW_VOL,20.0,
2026-09-10 15:00:45.525198+00:00,TCIDEVELOP.NS,NO TRADE,False,0.0,NO TRADE,NONE,INVALID,"Data Quality [TCIDEVELOP.NS] as of 2026-09-10T15:00:45.525097+00:00: INVALID (score=0.00, threshold=0.70)
  [CRITICAL] provider_unavailable: No data returned for TCIDEVELOP.NS (2y/1d)",,1000000.0,,,,,,,,,,,,,,,,,"Data Quality [TCIDEVELOP.NS] as of 2026-09-10T15:00:45.525097+00:00: INVALID (score=0.00, threshold=0.70)
  [CRITICAL] provider_unavailable: No data returned for TCIDEVELOP.NS (2y/1d)",UNKNOWN,,
2026-09-10 15:00:46.833907+00:00,TCIEXP.NS,NO TRADE,False,42.96000395614629,NO TRADE,DOWN,DEGRADED,No risk assessment available (entry/stop/target could not be computed).; Failed check: signal is directional.; Failed check: confidence sufficient.; Failed check: risk reward sufficient.; Failed check: expected value positive.; Failed check: positive edge after costs.; Failed check: stop loss logical.; Failed check: position size within limits.; Failed check: sufficient liquidity.; Failed check: strong technical setup.; Failed check: news credibility acceptable.,,1000000.0,535.4000244140625,,31.666666666666668,62.0,49.396688068406846,,40.0,,,10.0,76.75279974196494,,,,,,No risk assessment available (entry/stop/target could not be computed).,BULL_LOW_VOL,20.0,
2026-09-10 15:00:47.160872+00:00,TCNSBRANDS.NS,NO TRADE,False,0.0,NO TRADE,NONE,INVALID,"Data Quality [TCNSBRANDS.NS] as of 2026-09-10T15:00:47.160784+00:00: INVALID (score=0.00, threshold=0.70)
  [CRITICAL] provider_unavailable: No data returned for TCNSBRANDS.NS (2y/1d)",,1000000.0,,,,,,,,,,,,,,,,,"Data Quality [TCNSBRANDS.NS] as of 2026-09-10T15:00:47.160784+00:00: INVALID (score=0.00, threshold=0.70)
  [CRITICAL] provider_unavailable: No data returned for TCNSBRANDS.NS (2y/1d)",UNKNOWN,,
2026-09-10 15:00:48.488248+00:00,TCPLPACK.NS,NO TRADE,False,50.10446172993574,NO TRADE,UP,DEGRADED,No risk assessment available (entry/stop/target could not be computed).; Failed check: signal is directional.; Failed check: confidence sufficient.; Failed check: risk reward sufficient.; Failed check: expected value positive.; Failed check: positive edge after costs.; Failed check: stop loss logical.; Failed check: position size within limits.; Failed check: sufficient liquidity.; Failed check: strong technical setup.; Failed check: market conditions acceptable.; Failed check: news credibility acceptable.,,1000000.0,3856.10009765625,,46.666666666666664,78.0,38.532251371918,,50.0,,,25.0,77.56165846945306,,,,,,No risk assessment available (entry/stop/target could not be computed).,BULL_HIGH_VOL,30.0,
2026-09-10 15:00:50.133548+00:00,TCS.NS,NO TRADE,False,56.156692087055056,NO TRADE,UP,DEGRADED,No risk assessment available (entry/stop/target could not be computed).; Failed check: signal is directional.; Failed check: confidence sufficient.; Failed check: ai signals aligned.; Failed check: risk reward sufficient.; Failed check: expected value positive.; Failed check: positive edge after costs.; Failed check: stop loss logical.; Failed check: position size within limits.; Failed check: strong technical setup.; Failed check: news credibility acceptable.,,1000000.0,2204.10009765625,,40.0,92.0,43.999510204663835,,40.0,,,55.0,72.14784024195417,,,,,,No risk assessment available (entry/stop/target could not be computed).,BULL_LOW_VOL,10.0,
2026-09-10 15:00:51.454520+00:00,TDPOWERSYS.NS,NO TRADE,False,66.51208711545202,WATCH,UP,DEGRADED,No risk assessment available (entry/stop/target could not be computed).; Failed check: signal is directional.; Failed check: confidence sufficient.; Failed check: risk reward sufficient.; Failed check: expected value positive.; Failed check: positive edge after costs.; Failed check: stop loss logical.; Failed check: position size within limits.; Failed check: news credibility acceptable.,,1000000.0,771.4500122070312,,61.666666666666664,70.0,62.80038536779607,,50.0,,,70.0,78.2124905361778,,,,,,No risk assessment available (entry/stop/target could not be computed).,BULL_HIGH_VOL,20.0,
2026-09-10 15:00:52.794952+00:00,TEAMLEASE.NS,NO TRADE,False,57.421658299426355,NO TRADE,UP,DEGRADED,No risk assessment available (entry/stop/target could not be computed).; Failed check: signal is directional.; Failed check: confidence sufficient.; Failed check: risk reward sufficient.; Failed check: expected value positive.; Failed check: positive edge after costs.; Failed check: stop loss logical.; Failed check: position size within limits.; Failed check: sufficient liquidity.; Failed check: strong technical setup.; Failed check: news credibility acceptable.,,1000000.0,1254.5,,56.666666666666664,80.0,56.89251790658594,,70.0,,,25.0,73.25594376310649,,,,,,No risk assessment available (entry/stop/target could not be computed).,BEAR_LOW_VOL,20.0,
2026-09-10 15:00:53.994772+00:00,TECHIN.NS,NO TRADE,False,0.0,NO TRADE,NONE,INVALID,"Data quality gate failed for TECHIN.NS: status=INVALID, score=0.35 (min required 0.70). [CRITICAL] invalid_ohlc: 1 bar(s) with an invalid OHLC relationship (e.g. High < Low, non-positive price) or NaN price.; [CRITICAL] zero_volume: 425 bar(s) (85.2%) with volume below 1.; [WARNING] abnormal_price_jump: 2 day(s) with |return| > 20% not matched to a supplied corporate-action date -- verify against the source before trusting this bar (could be an unlisted split/bonus, or a genuine data error).; [INFO] holiday_mismatch: 1 bar(s) fall on a date the configured calendar marks as a non-trading day. Not scored as an error: this system's built-in NSE holiday list only covers fixed-date national holidays (see data/market_calendar.py) and is deliberately incomplete for variable-date holidays -- this may just mean the calendar doesn't know about a legitimate special session or holiday.; Forced NO TRADE: this system never trades on data it cannot vouch for, regardless of what any other signal would have said.",,1000000.0,14.0,,,,,,45.0,,,,,,,,,,"Data quality gate failed for TECHIN.NS: status=INVALID, score=0.35 (min required 0.70). [CRITICAL] invalid_ohlc: 1 bar(s) with an invalid OHLC relationship (e.g. High < Low, non-positive price) or NaN price.; [CRITICAL] zero_volume: 425 bar(s) (85.2%) with volume below 1.; [WARNING] abnormal_price_jump: 2 day(s) with |return| > 20% not matched to a supplied corporate-action date -- verify against the source before trusting this bar (could be an unlisted split/bonus, or a genuine data error).; [INFO] holiday_mismatch: 1 bar(s) fall on a date the configured calendar marks as a non-trading day. Not scored as an error: this system's built-in NSE holiday list only covers fixed-date national holidays (see data/market_calendar.py) and is deliberately incomplete for variable-date holidays -- this may just mean the calendar doesn't know about a legitimate special session or holiday.",SIDEWAYS_LOW_VOL,,
2026-09-10 15:00:55.542233+00:00,TECHM.NS,NO TRADE,False,52.54045498533241,NO TRADE,UP,DEGRADED,No risk assessment available (entry/stop/target could not be computed).; Failed check: signal is directional.; Failed check: confidence sufficient.; Failed check: ai signals aligned.; Failed check: risk reward sufficient.; Failed check: expected value positive.; Failed check: positive edge after costs.; Failed check: stop loss logical.; Failed check: position size within limits.; Failed check: strong technical setup.; Failed check: news credibility acceptable.,,1000000.0,1525.800048828125,,40.0,78.0,44.184160291976426,,40.0,,,55.0,72.12144275909583,,,,,,No risk assessment available (entry/stop/target could not be computed).,BULL_LOW_VOL,20.0,
2026-09-10 15:00:56.778698+00:00,TECHNOE.NS,NO TRADE,False,50.80094613740668,NO TRADE,UP,DEGRADED,No risk assessment available (entry/stop/target could not be computed).; Failed check: signal is directional.; Failed check: confidence sufficient.; Failed check: ai signals aligned.; Failed check: risk reward sufficient.; Failed check: expected value positive.; Failed check: positive edge after costs.; Failed check: stop loss logical.; Failed check: position size within limits.; Failed check: strong technical setup.; Failed check: news credibility acceptable.,,1000000.0,977.8499755859375,,35.0,71.0,56.12130584101591,,50.0,,,40.0,74.17707793575366,,,,,,No risk assessment available (entry/stop/target could not be computed).,BEAR_LOW_VOL,35.0,
2026-09-10 15:00:58.995657+00:00,TEJASNET.NS,NO TRADE,False,68.42157020210038,WATCH,UP,DEGRADED,No risk assessment available (entry/stop/target could not be computed).; Failed check: signal is directional.; Failed check: confidence sufficient.; Failed check: risk reward sufficient.; Failed check: expected value positive.; Failed check: positive edge after costs.; Failed check: stop loss logical.; Failed check: position size within limits.; Failed check: news credibility acceptable.,,1000000.0,551.9000244140625,,71.66666666666667,56.0,61.48731888011983,,70.0,,,70.0,76.73575858489856,,,,,,No risk assessment available (entry/stop/target could not be computed).,BEAR_HIGH_VOL,42.0,
2026-09-10 15:01:00.229390+00:00,TERASOFT.NS,NO TRADE,False,38.47912109912184,NO TRADE,UP,DEGRADED,No risk assessment available (entry/stop/target could not be computed).; Failed check: signal is directional.; Failed check: confidence sufficient.; Failed check: ai signals aligned.; Failed check: risk reward sufficient.; Failed check: expected value positive.; Failed check: positive edge after costs.; Failed check: stop loss logical.; Failed check: position size within limits.; Failed check: sufficient liquidity.; Failed check: strong technical setup.; Failed check: market conditions acceptable.; Failed check: news credibility acceptable.,,1000000.0,252.35000610351562,,33.333333333333336,75.0,30.0,,25.0,,,10.0,61.499998653846205,,,,,,No risk assessment available (entry/stop/target could not be computed).,BEAR_HIGH_VOL,20.0,
2026-09-10 15:01:01.551674+00:00,TEXINFRA.NS,NO TRADE,False,59.53416916795602,WATCH,NONE,DEGRADED,No risk assessment available (entry/stop/target could not be computed).; Failed check: signal is directional.; Failed check: confidence sufficient.; Failed check: risk reward sufficient.; Failed check: expected value positive.; Failed check: positive edge after costs.; Failed check: stop loss logical.; Failed check: position size within limits.; Failed check: strong technical setup.; Failed check: news credibility acceptable.,,1000000.0,114.20999908447266,,56.666666666666664,48.0,62.92605325489882,,70.0,,,55.0,75.38109367273101,,,,,,No risk assessment available (entry/stop/target could not be computed).,SIDEWAYS_LOW_VOL,35.0,
2026-09-10 15:01:02.954773+00:00,TEXMOPIPES.NS,NO TRADE,False,69.55021432098557,MODERATE,UP,DEGRADED,No risk assessment available (entry/stop/target could not be computed).; Failed check: signal is directional.; Failed check: confidence sufficient.; Failed check: risk reward sufficient.; Failed check: expected value positive.; Failed check: positive edge after costs.; Failed check: stop loss logical.; Failed check: position size within limits.; Failed check: news credibility acceptable.,,1000000.0,56.439998626708984,,60.0,90.0,70.0,,45.0,,,70.0,74.8492525199831,,,,,,No risk assessment available (entry/stop/target could not be computed).,BULL_HIGH_VOL,20.0,
2026-09-10 15:01:04.186806+00:00,TEXRAIL.NS,NO TRADE,False,64.44189867909495,WATCH,UP,DEGRADED,No risk assessment available (entry/stop/target could not be computed).; Failed check: signal is directional.; Failed check: confidence sufficient.; Failed check: risk reward sufficient.; Failed check: expected value positive.; Failed check: positive edge after costs.; Failed check: stop loss logical.; Failed check: position size within limits.; Failed check: strong technical setup.; Failed check: news credibility acceptable.,,1000000.0,117.7699966430664,,56.666666666666664,75.0,70.0,,70.0,,,55.0,76.09452192848255,,,,,,No risk assessment available (entry/stop/target could not be computed).,SIDEWAYS_LOW_VOL,20.0,
2026-09-10 15:01:05.467866+00:00,TFCILTD.NS,NO TRADE,False,66.36649586863756,WATCH,UP,DEGRADED,No risk assessment available (entry/stop/target could not be computed).; Failed check: signal is directional.; Failed check: confidence sufficient.; Failed check: risk reward sufficient.; Failed check: expected value positive.; Failed check: positive edge after costs.; Failed check: stop loss logical.; Failed check: position size within limits.; Failed check: strong technical setup.; Failed check: news credibility acceptable.,,1000000.0,143.44000244140625,,53.333333333333336,82.0,70.0,,25.0,,,70.0,76.72806420520236,,,,,,No risk assessment available (entry/stop/target could not be computed).,BULL_HIGH_VOL,30.0,
2026-09-10 15:01:06.866648+00:00,TFL.NS,NO TRADE,False,57.095655867414315,NO TRADE,NONE,DEGRADED,No risk assessment available (entry/stop/target could not be computed).; Failed check: signal is directional.; Failed check: confidence sufficient.; Failed check: risk reward sufficient.; Failed check: expected value positive.; Failed check: positive edge after costs.; Failed check: stop loss logical.; Failed check: position size within limits.; Failed check: sufficient liquidity.; Failed check: news credibility acceptable.,,1000000.0,12.109999656677246,,61.666666666666664,41.0,70.0,,70.0,,,25.0,69.00381921093225,,,,,,No risk assessment available (entry/stop/target could not be computed).,SIDEWAYS_HIGH_VOL,42.0,
2026-09-10 15:01:08.313760+00:00,THANGAMAYL.NS,NO TRADE,False,43.47387767213516,NO TRADE,UP,DEGRADED,No risk assessment available (entry/stop/target could not be computed).; Failed check: signal is directional.; Failed check: confidence sufficient.; Failed check: ai signals aligned.; Failed check: risk reward sufficient.; Failed check: expected value positive.; Failed check: positive edge after costs.; Failed check: stop loss logical.; Failed check: position size within limits.; Failed check: sufficient liquidity.; Failed check: strong technical setup.; Failed check: news credibility acceptable.,,1000000.0,5109.0,,31.666666666666668,74.0,44.55784720055613,,40.0,,,10.0,79.96630743762401,,,,,,No risk assessment available (entry/stop/target could not be computed).,BEAR_LOW_VOL,30.0,
2026-09-10 15:01:09.617624+00:00,THEMISMED.NS,NO TRADE,False,69.18713159666545,MODERATE,UP,DEGRADED,No risk assessment available (entry/stop/target could not be computed).; Failed check: signal is directional.; Failed check: confidence sufficient.; Failed check: risk reward sufficient.; Failed check: expected value positive.; Failed check: positive edge after costs.; Failed check: stop loss logical.; Failed check: position size within limits.; Failed check: news credibility acceptable.,,1000000.0,132.83999633789062,,68.33333333333333,61.0,70.0,,60.0,,,70.0,75.48882226744918,,,,,,No risk assessment available (entry/stop/target could not be computed).,BULL_HIGH_VOL,20.0,
2026-09-10 15:01:11.076026+00:00,THERMAX.NS,NO TRADE,False,42.75925516560335,NO TRADE,DOWN,DEGRADED,No risk assessment available (entry/stop/target could not be computed).; Failed check: signal is directional.; Failed check: confidence sufficient.; Failed check: risk reward sufficient.; Failed check: expected value positive.; Failed check: positive edge after costs.; Failed check: stop loss logical.; Failed check: position size within limits.; Failed check: strong technical setup.; Failed check: market conditions acceptable.; Failed check: news credibility acceptable.,,1000000.0,3631.5,,33.333333333333336,45.0,37.53721030498589,,25.0,,,40.0,75.07325997882484,,,,,,No risk assessment available (entry/stop/target could not be computed).,BEAR_LOW_VOL,35.0,
2026-09-10 15:01:13.698049+00:00,THOMASCOOK.NS,NO TRADE,False,63.300117277066036,WATCH,UP,DEGRADED,No risk assessment available (entry/stop/target could not be computed).; Failed check: signal is directional.; Failed check: confidence sufficient.; Failed check: risk reward sufficient.; Failed check: expected value positive.; Failed check: positive edge after costs.; Failed check: stop loss logical.; Failed check: position size within limits.; Failed check: strong technical setup.; Failed check: news credibility acceptable.,,1000000.0,108.3499984741211,,58.333333333333336,60.0,57.93862565364567,,50.0,,,70.0,79.44751123190949,,,,,,No risk assessment available (entry/stop/target could not be computed).,SIDEWAYS_HIGH_VOL,20.0,
2026-09-10 15:01:14.969050+00:00,THYROCARE.NS,NO TRADE,False,53.61853845171925,NO TRADE,UP,DEGRADED,No risk assessment available (entry/stop/target could not be computed).; Failed check: signal is directional.; Failed check: confidence sufficient.; Failed check: risk reward sufficient.; Failed check: expected value positive.; Failed check: positive edge after costs.; Failed check: stop loss logical.; Failed check: position size within limits.; Failed check: strong technical setup.; Failed check: news credibility acceptable.,,1000000.0,558.0,,43.333333333333336,78.0,41.349890300516456,,40.0,,,55.0,77.18186033339121,,,,,,No risk assessment available (entry/stop/target could not be computed).,SIDEWAYS_HIGH_VOL,20.0,
2026-09-10 15:01:16.883092+00:00,TI.NS,NO TRADE,False,54.29208029738176,NO TRADE,NONE,DEGRADED,No risk assessment available (entry/stop/target could not be computed).; Failed check: signal is directional.; Failed check: confidence sufficient.; Failed check: risk reward sufficient.; Failed check: expected value positive.; Failed check: positive edge after costs.; Failed check: stop loss logical.; Failed check: position size within limits.; Failed check: strong technical setup.; Failed check: news credibility acceptable.,,1000000.0,535.75,,46.666666666666664,55.0,50.80682065581541,,50.0,,,55.0,77.3026001522564,,,,,,No risk assessment available (entry/stop/target could not be computed).,BULL_LOW_VOL,45.0,
2026-09-10 15:01:17.190828+00:00,TIDEWATER.NS,NO TRADE,False,0.0,NO TRADE,NONE,INVALID,"Data Quality [TIDEWATER.NS] as of 2026-09-10T15:01:17.190735+00:00: INVALID (score=0.00, threshold=0.70)
  [CRITICAL] provider_unavailable: No data returned for TIDEWATER.NS (2y/1d)",,1000000.0,,,,,,,,,,,,,,,,,"Data Quality [TIDEWATER.NS] as of 2026-09-10T15:01:17.190735+00:00: INVALID (score=0.00, threshold=0.70)
  [CRITICAL] provider_unavailable: No data returned for TIDEWATER.NS (2y/1d)",UNKNOWN,,
2026-09-10 15:01:18.687661+00:00,TIIL.NS,NO TRADE,False,59.28505138468998,WATCH,UP,DEGRADED,No risk assessment available (entry/stop/target could not be computed).; Failed check: signal is directional.; Failed check: confidence sufficient.; Failed check: ai signals aligned.; Failed check: risk reward sufficient.; Failed check: expected value positive.; Failed check: positive edge after costs.; Failed check: stop loss logical.; Failed check: position size within limits.; Failed check: sufficient liquidity.; Failed check: strong technical setup.; Failed check: news credibility acceptable.,,1000000.0,3133.0,,46.666666666666664,94.0,70.0,,50.0,,,25.0,79.1138184675606,,,,,,No risk assessment available (entry/stop/target could not be computed).,BULL_HIGH_VOL,20.0,
2026-09-10 15:01:20.871083+00:00,TIINDIA.NS,NO TRADE,False,45.5499193399758,NO TRADE,DOWN,DEGRADED,No risk assessment available (entry/stop/target could not be computed).; Failed check: signal is directional.; Failed check: confidence sufficient.; Failed check: risk reward sufficient.; Failed check: expected value positive.; Failed check: positive edge after costs.; Failed check: stop loss logical.; Failed check: position size within limits.; Failed check: strong technical setup.; Failed check: news credibility acceptable.,,1000000.0,2652.0,,35.0,,48.08184723767403,,40.0,,,40.0,73.67674518334374,,,,,,No risk assessment available (entry/stop/target could not be computed).,BEAR_LOW_VOL,,
2026-09-10 15:01:22.507397+00:00,TIL.NS,NO TRADE,False,68.86225523611459,WATCH,UP,DEGRADED,No risk assessment available (entry/stop/target could not be computed).; Failed check: signal is directional.; Failed check: confidence sufficient.; Failed check: risk reward sufficient.; Failed check: expected value positive.; Failed check: positive edge after costs.; Failed check: stop loss logical.; Failed check: position size within limits.; Failed check: news credibility acceptable.,,1000000.0,246.24000549316406,,71.66666666666667,38.0,70.0,,70.0,,,70.0,78.4180757000469,,,,,,No risk assessment available (entry/stop/target could not be computed).,BULL_HIGH_VOL,55.0,
2026-09-10 15:01:22.803694+00:00,TIMESGTY.NS,NO TRADE,False,0.0,NO TRADE,NONE,INVALID,"Data Quality [TIMESGTY.NS] as of 2026-09-10T15:01:22.803604+00:00: INVALID (score=0.00, threshold=0.70)
  [CRITICAL] provider_unavailable: No data returned for TIMESGTY.NS (2y/1d)",,1000000.0,,,,,,,,,,,,,,,,,"Data Quality [TIMESGTY.NS] as of 2026-09-10T15:01:22.803604+00:00: INVALID (score=0.00, threshold=0.70)
  [CRITICAL] provider_unavailable: No data returned for TIMESGTY.NS (2y/1d)",UNKNOWN,,
2026-09-10 15:01:24.177403+00:00,TIMETECHNO.NS,NO TRADE,False,54.75146331530014,NO TRADE,UP,DEGRADED,No risk assessment available (entry/stop/target could not be computed).; Failed check: signal is directional.; Failed check: confidence sufficient.; Failed check: ai signals aligned.; Failed check: risk reward sufficient.; Failed check: expected value positive.; Failed check: positive edge after costs.; Failed check: stop loss logical.; Failed check: position size within limits.; Failed check: strong technical setup.; Failed check: news credibility acceptable.,,1000000.0,185.44000244140625,,38.333333333333336,90.0,48.59796833287422,,40.0,,,55.0,74.67296999396532,,,,,,No risk assessment available (entry/stop/target could not be computed).,SIDEWAYS_LOW_VOL,20.0,
2026-09-10 15:01:25.801130+00:00,TIMKEN.NS,NO TRADE,False,58.00721439385475,NO TRADE,UP,DEGRADED,No risk assessment available (entry/stop/target could not be computed).; Failed check: signal is directional.; Failed check: confidence sufficient.; Failed check: risk reward sufficient.; Failed check: expected value positive.; Failed check: positive edge after costs.; Failed check: stop loss logical.; Failed check: position size within limits.; Failed check: sufficient liquidity.; Failed check: strong technical setup.; Failed check: news credibility acceptable.,,1000000.0,3297.199951171875,,56.666666666666664,82.0,58.59702542093419,,70.0,,,25.0,72.34960260344434,,,,,,No risk assessment available (entry/stop/target could not be computed).,BEAR_LOW_VOL,20.0,
2026-09-10 15:01:26.907078+00:00,TINPLATE.NS,NO TRADE,False,0.0,NO TRADE,NONE,INVALID,"Data Quality [TINPLATE.NS] as of 2026-09-10T15:01:26.906982+00:00: INVALID (score=0.00, threshold=0.70)
  [CRITICAL] provider_unavailable: No data returned for TINPLATE.NS (2y/1d)",,1000000.0,,,,,,,,,,,,,,,,,"Data Quality [TINPLATE.NS] as of 2026-09-10T15:01:26.906982+00:00: INVALID (score=0.00, threshold=0.70)
  [CRITICAL] provider_unavailable: No data returned for TINPLATE.NS (2y/1d)",UNKNOWN,,
2026-09-10 15:01:27.203678+00:00,TIPSINDLTD.NS,NO TRADE,False,0.0,NO TRADE,NONE,INVALID,"Data Quality [TIPSINDLTD.NS] as of 2026-09-10T15:01:27.203587+00:00: INVALID (score=0.00, threshold=0.70)
  [CRITICAL] provider_unavailable: No data returned for TIPSINDLTD.NS (2y/1d)",,1000000.0,,,,,,,,,,,,,,,,,"Data Quality [TIPSINDLTD.NS] as of 2026-09-10T15:01:27.203587+00:00: INVALID (score=0.00, threshold=0.70)
  [CRITICAL] provider_unavailable: No data returned for TIPSINDLTD.NS (2y/1d)",UNKNOWN,,
2026-09-10 15:01:28.651282+00:00,TIRUMALCHM.NS,NO TRADE,False,57.77400437776144,NO TRADE,UP,DEGRADED,No risk assessment available (entry/stop/target could not be computed).; Failed check: signal is directional.; Failed check: confidence sufficient.; Failed check: risk reward sufficient.; Failed check: expected value positive.; Failed check: positive edge after costs.; Failed check: stop loss logical.; Failed check: position size within limits.; Failed check: strong technical setup.; Failed check: news credibility acceptable.,,1000000.0,157.52000427246094,,53.333333333333336,56.0,53.210879936862,,60.0,,,55.0,79.6697142984438,,,,,,No risk assessment available (entry/stop/target could not be computed).,BEAR_HIGH_VOL,42.0,
2026-09-10 15:01:30.443935+00:00,TITAN.NS,NO TRADE,False,54.160542541602695,NO TRADE,NONE,DEGRADED,No risk assessment available (entry/stop/target could not be computed).; Failed check: signal is directional.; Failed check: confidence sufficient.; Failed check: risk reward sufficient.; Failed check: expected value positive.; Failed check: positive edge after costs.; Failed check: stop loss logical.; Failed check: position size within limits.; Failed check: strong technical setup.; Failed check: news credibility acceptable.,,1000000.0,5021.0,,46.666666666666664,58.0,55.898122673164494,,50.0,,,55.0,66.70237603456945,,,,,,No risk assessment available (entry/stop/target could not be computed).,BULL_LOW_VOL,42.0,
2026-09-10 15:01:30.791196+00:00,TMRVL.NS,NO TRADE,False,0.0,NO TRADE,NONE,INVALID,"Data Quality [TMRVL.NS] as of 2026-09-10T15:01:30.791094+00:00: INVALID (score=0.00, threshold=0.70)
  [CRITICAL] provider_unavailable: No data returned for TMRVL.NS (2y/1d)",,1000000.0,,,,,,,,,,,,,,,,,"Data Quality [TMRVL.NS] as of 2026-09-10T15:01:30.791094+00:00: INVALID (score=0.00, threshold=0.70)
  [CRITICAL] provider_unavailable: No data returned for TMRVL.NS (2y/1d)",UNKNOWN,,
2026-09-10 15:01:32.134533+00:00,TNPETRO.NS,NO TRADE,False,72.40480146145215,MODERATE,UP,DEGRADED,Failed check: news credibility acceptable.,,1000000.0,133.4600067138672,7467,68.33333333333333,90.0,70.0,,60.0,,,70.0,74.08933548447204,,3.1250000000000004,7633.93310142906,323.98751229858397,714,Failed check: news credibility acceptable.,BULL_HIGH_VOL,20.0,
2026-09-10 15:01:33.887734+00:00,TNPL.NS,NO TRADE,False,63.98401930480905,WATCH,UP,DEGRADED,No risk assessment available (entry/stop/target could not be computed).; Failed check: signal is directional.; Failed check: confidence sufficient.; Failed check: risk reward sufficient.; Failed check: expected value positive.; Failed check: positive edge after costs.; Failed check: stop loss logical.; Failed check: position size within limits.; Failed check: strong technical setup.; Failed check: news credibility acceptable.,,1000000.0,154.02999877929688,,56.666666666666664,70.0,70.0,,70.0,,,55.0,77.86799906495803,,,,,,No risk assessment available (entry/stop/target could not be computed).,BULL_HIGH_VOL,30.0,
2026-09-10 15:01:35.191557+00:00,TOKYOPLAST.NS,NO TRADE,False,49.44649498061439,NO TRADE,UP,DEGRADED,No risk assessment available (entry/stop/target could not be computed).; Failed check: signal is directional.; Failed check: confidence sufficient.; Failed check: risk reward sufficient.; Failed check: expected value positive.; Failed check: positive edge after costs.; Failed check: stop loss logical.; Failed check: position size within limits.; Failed check: sufficient liquidity.; Failed check: strong technical setup.; Failed check: news credibility acceptable.,,1000000.0,76.80999755859375,,51.666666666666664,54.0,49.31547422768359,,70.0,,,10.0,79.69343328213427,,,,,,No risk assessment available (entry/stop/target could not be computed).,BEAR_LOW_VOL,30.0,
2026-09-10 15:01:36.650185+00:00,TORNTPHARM.NS,NO TRADE,False,55.52743891581391,NO TRADE,NONE,DEGRADED,No risk assessment available (entry/stop/target could not be computed).; Failed check: signal is directional.; Failed check: confidence sufficient.; Failed check: risk reward sufficient.; Failed check: expected value positive.; Failed check: positive edge after costs.; Failed check: stop loss logical.; Failed check: position size within limits.; Failed check: strong technical setup.; Failed check: news credibility acceptable.,,1000000.0,4930.0,,46.666666666666664,55.0,61.304550267056854,,50.0,,,55.0,69.95161515628452,,,,,,No risk assessment available (entry/stop/target could not be computed).,BULL_LOW_VOL,30.0,
2026-09-10 15:01:37.911838+00:00,TORNTPOWER.NS,NO TRADE,False,58.24904802291218,NO TRADE,UP,DEGRADED,No risk assessment available (entry/stop/target could not be computed).; Failed check: signal is directional.; Failed check: confidence sufficient.; Failed check: risk reward sufficient.; Failed check: expected value positive.; Failed check: positive edge after costs.; Failed check: stop loss logical.; Failed check: position size within limits.; Failed check: strong technical setup.; Failed check: news credibility acceptable.,,1000000.0,1296.300048828125,,56.666666666666664,57.0,53.99761975883579,,70.0,,,55.0,72.8980899927383,,,,,,No risk assessment available (entry/stop/target could not be computed).,BEAR_LOW_VOL,30.0,
2026-09-10 15:01:40.545802+00:00,TOTAL.NS,NO TRADE,False,66.14213511921724,WATCH,UP,DEGRADED,No risk assessment available (entry/stop/target could not be computed).; Failed check: signal is directional.; Failed check: confidence sufficient.; Failed check: risk reward sufficient.; Failed check: expected value positive.; Failed check: positive edge after costs.; Failed check: stop loss logical.; Failed check: position size within limits.; Failed check: sufficient liquidity.; Failed check: news credibility acceptable.,,1000000.0,76.9800033569336,,63.333333333333336,90.0,70.0,,45.0,,,40.0,73.85016099816987,,,,,,No risk assessment available (entry/stop/target could not be computed).,BULL_HIGH_VOL,20.0,
2026-09-10 15:01:41.818788+00:00,TPLPLASTEH.NS,NO TRADE,False,48.53630979660961,NO TRADE,UP,DEGRADED,No risk assessment available (entry/stop/target could not be computed).; Failed check: signal is directional.; Failed check: confidence sufficient.; Failed check: ai signals aligned.; Failed check: risk reward sufficient.; Failed check: expected value positive.; Failed check: positive edge after costs.; Failed check: stop loss logical.; Failed check: position size within limits.; Failed check: strong technical setup.; Failed check: market conditions acceptable.; Failed check: news credibility acceptable.,,1000000.0,68.19999694824219,,35.0,90.0,35.31187031681768,,40.0,,,40.0,76.56583585137268,,,,,,No risk assessment available (entry/stop/target could not be computed).,BEAR_HIGH_VOL,20.0,
2026-09-10 15:01:43.216843+00:00,TREEHOUSE.NS,NO TRADE,False,43.424351273073974,NO TRADE,NONE,DEGRADED,No risk assessment available (entry/stop/target could not be computed).; Failed check: signal is directional.; Failed check: confidence sufficient.; Failed check: risk reward sufficient.; Failed check: expected value positive.; Failed check: positive edge after costs.; Failed check: stop loss logical.; Failed check: position size within limits.; Failed check: sufficient liquidity.; Failed check: strong technical setup.; Failed check: news credibility acceptable.,,1000000.0,5.949999809265137,,38.333333333333336,57.0,44.9876306802079,,40.0,,,25.0,63.576475073462575,,,,,,No risk assessment available (entry/stop/target could not be computed).,BEAR_HIGH_VOL,20.0,
2026-09-10 15:01:44.519876+00:00,TREJHARA.NS,NO TRADE,False,48.15893867011779,NO TRADE,UP,DEGRADED,No risk assessment available (entry/stop/target could not be computed).; Failed check: signal is directional.; Failed check: confidence sufficient.; Failed check: ai signals aligned.; Failed check: risk reward sufficient.; Failed check: expected value positive.; Failed check: positive edge after costs.; Failed check: stop loss logical.; Failed check: position size within limits.; Failed check: sufficient liquidity.; Failed check: strong technical setup.; Failed check: market conditions acceptable.; Failed check: news credibility acceptable.,,1000000.0,145.3300018310547,,43.333333333333336,82.0,35.42371985061234,,40.0,,,25.0,73.38409120542491,,,,,,No risk assessment available (entry/stop/target could not be computed).,SIDEWAYS_LOW_VOL,20.0,
2026-09-10 15:01:46.266790+00:00,TRENT.NS,NO TRADE,False,46.77896528908596,NO TRADE,NONE,DEGRADED,No risk assessment available (entry/stop/target could not be computed).; Failed check: signal is directional.; Failed check: confidence sufficient.; Failed check: risk reward sufficient.; Failed check: expected value positive.; Failed check: positive edge after costs.; Failed check: stop loss logical.; Failed check: position size within limits.; Failed check: strong technical setup.; Failed check: news credibility acceptable.,,1000000.0,2818.699951171875,,35.0,66.0,46.5920217127892,,40.0,,,40.0,69.39988419162196,,,,,,No risk assessment available (entry/stop/target could not be computed).,BEAR_LOW_VOL,20.0,
2026-09-10 15:01:47.835839+00:00,TRIDENT.NS,NO TRADE,False,44.17169341224783,NO TRADE,NONE,DEGRADED,No risk assessment available (entry/stop/target could not be computed).; Failed check: signal is directional.; Failed check: confidence sufficient.; Failed check: ai signals aligned.; Failed check: risk reward sufficient.; Failed check: expected value positive.; Failed check: positive edge after costs.; Failed check: stop loss logical.; Failed check: position size within limits.; Failed check: strong technical setup.; Failed check: news credibility acceptable.,,1000000.0,23.639999389648438,,23.333333333333332,72.0,48.612461665789475,,25.0,,,40.0,67.84178909799988,,,,,,No risk assessment available (entry/stop/target could not be computed).,BEAR_LOW_VOL,20.0,
2026-09-10 15:01:49.502536+00:00,TRIGYN.NS,NO TRADE,False,54.308715418539535,NO TRADE,UP,DEGRADED,No risk assessment available (entry/stop/target could not be computed).; Failed check: signal is directional.; Failed check: confidence sufficient.; Failed check: risk reward sufficient.; Failed check: expected value positive.; Failed check: positive edge after costs.; Failed check: stop loss logical.; Failed check: position size within limits.; Failed check: sufficient liquidity.; Failed check: strong technical setup.; Failed check: news credibility acceptable.,,1000000.0,56.20000076293945,,46.666666666666664,80.0,60.89632936111735,,50.0,,,25.0,73.23911093836904,,,,,,No risk assessment available (entry/stop/target could not be computed).,BULL_HIGH_VOL,20.0,
2026-09-10 15:01:50.966750+00:00,TRITURBINE.NS,NO TRADE,False,50.2078792520641,NO TRADE,NONE,DEGRADED,No risk assessment available (entry/stop/target could not be computed).; Failed check: signal is directional.; Failed check: confidence sufficient.; Failed check: risk reward sufficient.; Failed check: expected value positive.; Failed check: positive edge after costs.; Failed check: stop loss logical.; Failed check: position size within limits.; Failed check: strong technical setup.; Failed check: news credibility acceptable.,,1000000.0,564.4500122070312,,41.666666666666664,63.0,46.78282394814075,,60.0,,,40.0,75.90006562721028,,,,,,No risk assessment available (entry/stop/target could not be computed).,BEAR_LOW_VOL,35.0,
2026-09-10 15:01:52.524590+00:00,TRIVENI.NS,NO TRADE,False,57.81291916218278,NO TRADE,NONE,DEGRADED,No risk assessment available (entry/stop/target could not be computed).; Failed check: signal is directional.; Failed check: confidence sufficient.; Failed check: risk reward sufficient.; Failed check: expected value positive.; Failed check: positive edge after costs.; Failed check: stop loss logical.; Failed check: position size within limits.; Failed check: strong technical setup.; Failed check: news credibility acceptable.,,1000000.0,263.95001220703125,,45.0,60.0,68.58572214673131,,60.0,,,55.0,74.90384593361149,,,,,,No risk assessment available (entry/stop/target could not be computed).,BEAR_HIGH_VOL,30.0,
2026-09-10 15:01:53.814977+00:00,TTKHLTCARE.NS,NO TRADE,False,66.42408702429418,WATCH,UP,DEGRADED,No risk assessment available (entry/stop/target could not be computed).; Failed check: signal is directional.; Failed check: confidence sufficient.; Failed check: risk reward sufficient.; Failed check: expected value positive.; Failed check: positive edge after costs.; Failed check: stop loss logical.; Failed check: position size within limits.; Failed check: sufficient liquidity.; Failed check: news credibility acceptable.,,1000000.0,1134.4000244140625,,71.66666666666667,90.0,56.46527599925155,,70.0,,,40.0,73.78749724291245,,,,,,No risk assessment available (entry/stop/target could not be computed).,BULL_HIGH_VOL,20.0,
2026-09-10 15:01:56.171288+00:00,TTKPRESTIG.NS,NO TRADE,False,40.59090979368338,NO TRADE,UP,DEGRADED,No risk assessment available (entry/stop/target could not be computed).; Failed check: signal is directional.; Failed check: confidence sufficient.; Failed check: ai signals aligned.; Failed check: risk reward sufficient.; Failed check: expected value positive.; Failed check: positive edge after costs.; Failed check: stop loss logical.; Failed check: position size within limits.; Failed check: sufficient liquidity.; Failed check: strong technical setup.; Failed check: market conditions acceptable.; Failed check: news credibility acceptable.,,1000000.0,543.0,,26.666666666666668,82.0,37.07249255651182,,25.0,,,10.0,75.86805696418988,,,,,,No risk assessment available (entry/stop/target could not be computed).,BEAR_LOW_VOL,20.0,
2026-09-10 15:01:57.586871+00:00,TTL.NS,NO TRADE,False,67.57342109602712,WATCH,UP,DEGRADED,No risk assessment available (entry/stop/target could not be computed).; Failed check: signal is directional.; Failed check: confidence sufficient.; Failed check: risk reward sufficient.; Failed check: expected value positive.; Failed check: positive edge after costs.; Failed check: stop loss logical.; Failed check: position size within limits.; Failed check: news credibility acceptable.,,1000000.0,6.730000019073486,,68.33333333333333,59.0,70.0,,70.0,,,70.0,67.77044186627539,,,,,,No risk assessment available (entry/stop/target could not be computed).,SIDEWAYS_LOW_VOL,30.0,
2026-09-10 15:01:57.995277+00:00,TV18BRDCST.NS,NO TRADE,False,0.0,NO TRADE,NONE,INVALID,"Data Quality [TV18BRDCST.NS] as of 2026-09-10T15:01:57.995173+00:00: INVALID (score=0.00, threshold=0.70)
  [CRITICAL] provider_unavailable: No data returned for TV18BRDCST.NS (2y/1d)",,1000000.0,,,,,,,,,,,,,,,,,"Data Quality [TV18BRDCST.NS] as of 2026-09-10T15:01:57.995173+00:00: INVALID (score=0.00, threshold=0.70)
  [CRITICAL] provider_unavailable: No data returned for TV18BRDCST.NS (2y/1d)",UNKNOWN,,
2026-09-10 15:01:59.517276+00:00,TVSMOTOR.NS,NO TRADE,False,51.86789446871344,NO TRADE,NONE,DEGRADED,No risk assessment available (entry/stop/target could not be computed).; Failed check: signal is directional.; Failed check: confidence sufficient.; Failed check: risk reward sufficient.; Failed check: expected value positive.; Failed check: positive edge after costs.; Failed check: stop loss logical.; Failed check: position size within limits.; Failed check: strong technical setup.; Failed check: news credibility acceptable.,,1000000.0,4121.5,,43.333333333333336,56.0,48.67659595692477,,40.0,,,55.0,71.61860753232969,,,,,,No risk assessment available (entry/stop/target could not be computed).,BULL_LOW_VOL,55.0,
2026-09-10 15:02:00.786002+00:00,TVSSRICHAK.NS,NO TRADE,False,65.37128429619673,WATCH,UP,DEGRADED,No risk assessment available (entry/stop/target could not be computed).; Failed check: signal is directional.; Failed check: confidence sufficient.; Failed check: risk reward sufficient.; Failed check: expected value positive.; Failed check: positive edge after costs.; Failed check: stop loss logical.; Failed check: position size within limits.; Failed check: sufficient liquidity.; Failed check: news credibility acceptable.,,1000000.0,5222.5,,61.666666666666664,82.0,70.0,,50.0,,,40.0,78.98807761012975,,,,,,No risk assessment available (entry/stop/target could not be computed).,BULL_HIGH_VOL,30.0,
2026-09-10 15:02:02.433787+00:00,TVTODAY.NS,NO TRADE,False,45.01434156817292,NO TRADE,NONE,DEGRADED,No risk assessment available (entry/stop/target could not be computed).; Failed check: signal is directional.; Failed check: confidence sufficient.; Failed check: ai signals aligned.; Failed check: risk reward sufficient.; Failed check: expected value positive.; Failed check: positive edge after costs.; Failed check: stop loss logical.; Failed check: position size within limits.; Failed check: sufficient liquidity.; Failed check: strong technical setup.; Failed check: news credibility acceptable.,,1000000.0,109.61000061035156,,31.666666666666668,72.0,52.45148146088168,,40.0,,,10.0,77.61249417741733,,,,,,No risk assessment available (entry/stop/target could not be computed).,BEAR_LOW_VOL,20.0,
2026-09-10 15:02:02.791506+00:00,TWL.NS,NO TRADE,False,0.0,NO TRADE,NONE,INVALID,"Data Quality [TWL.NS] as of 2026-09-10T15:02:02.791400+00:00: INVALID (score=0.00, threshold=0.70)
  [CRITICAL] provider_unavailable: No data returned for TWL.NS (2y/1d)",,1000000.0,,,,,,,,,,,,,,,,,"Data Quality [TWL.NS] as of 2026-09-10T15:02:02.791400+00:00: INVALID (score=0.00, threshold=0.70)
  [CRITICAL] provider_unavailable: No data returned for TWL.NS (2y/1d)",UNKNOWN,,
2026-09-10 15:02:04.107506+00:00,UBL.NS,NO TRADE,False,42.44709553480738,NO TRADE,DOWN,DEGRADED,No risk assessment available (entry/stop/target could not be computed).; Failed check: signal is directional.; Failed check: confidence sufficient.; Failed check: risk reward sufficient.; Failed check: expected value positive.; Failed check: positive edge after costs.; Failed check: stop loss logical.; Failed check: position size within limits.; Failed check: strong technical setup.; Failed check: market conditions acceptable.; Failed check: news credibility acceptable.,,1000000.0,1255.0,,33.333333333333336,45.0,38.149657898580315,,25.0,,,40.0,72.02486423920143,,,,,,No risk assessment available (entry/stop/target could not be computed).,BEAR_LOW_VOL,20.0,
2026-09-10 15:02:04.404525+00:00,UCALFUEL.NS,NO TRADE,False,0.0,NO TRADE,NONE,INVALID,"Data Quality [UCALFUEL.NS] as of 2026-09-10T15:02:04.404431+00:00: INVALID (score=0.00, threshold=0.70)
  [CRITICAL] provider_unavailable: No data returned for UCALFUEL.NS (2y/1d)",,1000000.0,,,,,,,,,,,,,,,,,"Data Quality [UCALFUEL.NS] as of 2026-09-10T15:02:04.404431+00:00: INVALID (score=0.00, threshold=0.70)
  [CRITICAL] provider_unavailable: No data returned for UCALFUEL.NS (2y/1d)",UNKNOWN,,
2026-09-10 15:02:05.918130+00:00,UCOBANK.NS,NO TRADE,False,45.38767994120344,NO TRADE,UP,DEGRADED,No risk assessment available (entry/stop/target could not be computed).; Failed check: signal is directional.; Failed check: confidence sufficient.; Failed check: ai signals aligned.; Failed check: risk reward sufficient.; Failed check: expected value positive.; Failed check: positive edge after costs.; Failed check: stop loss logical.; Failed check: position size within limits.; Failed check: strong technical setup.; Failed check: news credibility acceptable.,,1000000.0,23.93000030517578,,30.0,76.0,40.73241337236972,,25.0,,,40.0,69.18511884291851,,,,,,No risk assessment available (entry/stop/target could not be computed).,BEAR_LOW_VOL,30.0,
2026-09-10 15:02:08.393463+00:00,UFLEX.NS,NO TRADE,False,68.44267968831807,WATCH,UP,DEGRADED,No risk assessment available (entry/stop/target could not be computed).; Failed check: signal is directional.; Failed check: confidence sufficient.; Failed check: risk reward sufficient.; Failed check: expected value positive.; Failed check: positive edge after costs.; Failed check: stop loss logical.; Failed check: position size within limits.; Failed check: strong technical setup.; Failed check: news credibility acceptable.,,1000000.0,672.5999755859375,,58.333333333333336,82.0,70.0,,40.0,,,70.0,78.93667151684319,,,,,,No risk assessment available (entry/stop/target could not be computed).,BULL_HIGH_VOL,42.0,
2026-09-10 15:02:09.763443+00:00,UFO.NS,NO TRADE,False,40.59541940055918,NO TRADE,DOWN,DEGRADED,No risk assessment available (entry/stop/target could not be computed).; Failed check: signal is directional.; Failed check: confidence sufficient.; Failed check: ai signals aligned.; Failed check: risk reward sufficient.; Failed check: expected value positive.; Failed check: positive edge after costs.; Failed check: stop loss logical.; Failed check: position size within limits.; Failed check: sufficient liquidity.; Failed check: strong technical setup.; Failed check: news credibility acceptable.,,1000000.0,63.08000183105469,,28.333333333333332,65.0,44.499272147108336,,40.0,,,10.0,76.77290365973693,,,,,,No risk assessment available (entry/stop/target could not be computed).,BEAR_LOW_VOL,20.0,
2026-09-10 15:02:11.101169+00:00,UGARSUGAR.NS,NO TRADE,False,55.94683400033223,NO TRADE,UP,DEGRADED,No risk assessment available (entry/stop/target could not be computed).; Failed check: signal is directional.; Failed check: confidence sufficient.; Failed check: risk reward sufficient.; Failed check: expected value positive.; Failed check: positive edge after costs.; Failed check: stop loss logical.; Failed check: position size within limits.; Failed check: strong technical setup.; Failed check: news credibility acceptable.,,1000000.0,49.91999816894531,,46.666666666666664,62.0,64.47039148096832,,50.0,,,55.0,63.13426461786413,,,,,,No risk assessment available (entry/stop/target could not be computed).,BULL_HIGH_VOL,55.0,
2026-09-10 15:02:11.428464+00:00,UJJIVAN.NS,NO TRADE,False,0.0,NO TRADE,NONE,INVALID,"Data Quality [UJJIVAN.NS] as of 2026-09-10T15:02:11.428345+00:00: INVALID (score=0.00, threshold=0.70)
  [CRITICAL] provider_unavailable: No data returned for UJJIVAN.NS (2y/1d)",,1000000.0,,,,,,,,,,,,,,,,,"Data Quality [UJJIVAN.NS] as of 2026-09-10T15:02:11.428345+00:00: INVALID (score=0.00, threshold=0.70)
  [CRITICAL] provider_unavailable: No data returned for UJJIVAN.NS (2y/1d)",UNKNOWN,,
2026-09-10 15:02:12.602607+00:00,UJJIVANSFB.NS,NO TRADE,False,56.11452169286197,NO TRADE,UP,DEGRADED,No risk assessment available (entry/stop/target could not be computed).; Failed check: signal is directional.; Failed check: confidence sufficient.; Failed check: ai signals aligned.; Failed check: risk reward sufficient.; Failed check: expected value positive.; Failed check: positive edge after costs.; Failed check: stop loss logical.; Failed check: position size within limits.; Failed check: strong technical setup.; Failed check: news credibility acceptable.,,1000000.0,66.5,,46.666666666666664,86.0,44.17064429190831,,50.0,,,55.0,76.84382577579946,,,,,,No risk assessment available (entry/stop/target could not be computed).,BULL_LOW_VOL,30.0,
2026-09-10 15:02:14.102135+00:00,ULTRACEMCO.NS,NO TRADE,False,47.22213909321026,NO TRADE,UP,DEGRADED,No risk assessment available (entry/stop/target could not be computed).; Failed check: signal is directional.; Failed check: confidence sufficient.; Failed check: ai signals aligned.; Failed check: risk reward sufficient.; Failed check: expected value positive.; Failed check: positive edge after costs.; Failed check: stop loss logical.; Failed check: position size within limits.; Failed check: strong technical setup.; Failed check: news credibility acceptable.,,1000000.0,10979.0,,31.666666666666668,78.0,46.274041739237774,,40.0,,,40.0,67.61024896358215,,,,,,No risk assessment available (entry/stop/target could not be computed).,SIDEWAYS_LOW_VOL,20.0,
2026-09-10 15:02:14.449126+00:00,UMANGDAIRY.NS,NO TRADE,False,0.0,NO TRADE,NONE,INVALID,"Data Quality [UMANGDAIRY.NS] as of 2026-09-10T15:02:14.449031+00:00: INVALID (score=0.00, threshold=0.70)
  [CRITICAL] provider_unavailable: No data returned for UMANGDAIRY.NS (2y/1d)",,1000000.0,,,,,,,,,,,,,,,,,"Data Quality [UMANGDAIRY.NS] as of 2026-09-10T15:02:14.449031+00:00: INVALID (score=0.00, threshold=0.70)
  [CRITICAL] provider_unavailable: No data returned for UMANGDAIRY.NS (2y/1d)",UNKNOWN,,
2026-09-10 15:02:15.829267+00:00,UNICHEMLAB.NS,NO TRADE,False,53.966792528237924,NO TRADE,UP,DEGRADED,No risk assessment available (entry/stop/target could not be computed).; Failed check: signal is directional.; Failed check: confidence sufficient.; Failed check: ai signals aligned.; Failed check: risk reward sufficient.; Failed check: expected value positive.; Failed check: positive edge after costs.; Failed check: stop loss logical.; Failed check: position size within limits.; Failed check: strong technical setup.; Failed check: news credibility acceptable.,,1000000.0,530.0,,41.666666666666664,84.0,54.513731041854285,,50.0,,,40.0,74.18445408551156,,,,,,No risk assessment available (entry/stop/target could not be computed).,BULL_HIGH_VOL,20.0,
2026-09-10 15:02:17.237904+00:00,UNIDT.NS,NO TRADE,False,59.43167140906398,WATCH,UP,DEGRADED,No risk assessment available (entry/stop/target could not be computed).; Failed check: signal is directional.; Failed check: confidence sufficient.; Failed check: risk reward sufficient.; Failed check: expected value positive.; Failed check: positive edge after costs.; Failed check: stop loss logical.; Failed check: position size within limits.; Failed check: sufficient liquidity.; Failed check: strong technical setup.; Failed check: news credibility acceptable.,,1000000.0,230.47000122070312,,56.666666666666664,84.0,61.11096004891803,,70.0,,,25.0,76.53258277083242,,,,,,No risk assessment available (entry/stop/target could not be computed).,BULL_LOW_VOL,20.0,
2026-09-10 15:02:18.910281+00:00,UNIENTER.NS,NO TRADE,False,40.26844227850226,NO TRADE,DOWN,DEGRADED,No risk assessment available (entry/stop/target could not be computed).; Failed check: signal is directional.; Failed check: confidence sufficient.; Failed check: risk reward sufficient.; Failed check: expected value positive.; Failed check: positive edge after costs.; Failed check: stop loss logical.; Failed check: position size within limits.; Failed check: sufficient liquidity.; Failed check: strong technical setup.; Failed check: news credibility acceptable.,,1000000.0,91.55000305175781,,28.333333333333332,53.0,49.6628332587489,,40.0,,,10.0,77.76871879723645,,,,,,No risk assessment available (entry/stop/target could not be computed).,BEAR_LOW_VOL,30.0,
2026-09-10 15:02:21.545573+00:00,UNIONBANK.NS,NO TRADE,False,52.36299525136117,NO TRADE,UP,DEGRADED,No risk assessment available (entry/stop/target could not be computed).; Failed check: signal is directional.; Failed check: confidence sufficient.; Failed check: risk reward sufficient.; Failed check: expected value positive.; Failed check: positive edge after costs.; Failed check: stop loss logical.; Failed check: position size within limits.; Failed check: strong technical setup.; Failed check: news credibility acceptable.,,1000000.0,179.1999969482422,,40.0,74.0,48.55955096689901,,40.0,,,55.0,72.20867693823539,,,,,,No risk assessment available (entry/stop/target could not be computed).,SIDEWAYS_LOW_VOL,30.0,
2026-09-10 15:02:23.308433+00:00,UNITEDTEA.NS,NO TRADE,False,39.1435001364237,NO TRADE,DOWN,DEGRADED,No risk assessment available (entry/stop/target could not be computed).; Failed check: signal is directional.; Failed check: confidence sufficient.; Failed check: risk reward sufficient.; Failed check: expected value positive.; Failed check: positive edge after costs.; Failed check: stop loss logical.; Failed check: position size within limits.; Failed check: sufficient liquidity.; Failed check: strong technical setup.; Failed check: news credibility acceptable.,,1000000.0,435.79998779296875,,28.333333333333332,56.0,46.913016425962326,,40.0,,,10.0,73.08337239972956,,,,,,No risk assessment available (entry/stop/target could not be computed).,BEAR_LOW_VOL,45.0,
2026-09-10 15:02:24.684812+00:00,UNIVASTU.NS,NO TRADE,False,59.97776346770339,WATCH,UP,DEGRADED,No risk assessment available (entry/stop/target could not be computed).; Failed check: signal is directional.; Failed check: confidence sufficient.; Failed check: risk reward sufficient.; Failed check: expected value positive.; Failed check: positive edge after costs.; Failed check: stop loss logical.; Failed check: position size within limits.; Failed check: strong technical setup.; Failed check: news credibility acceptable.,,1000000.0,160.3000030517578,,46.666666666666664,78.0,66.77820913951307,,50.0,,,55.0,72.56898555700992,,,,,,No risk assessment available (entry/stop/target could not be computed).,BULL_HIGH_VOL,20.0,
2026-09-10 15:02:26.517082+00:00,UNIVCABLES.NS,NO TRADE,False,56.4261671865506,NO TRADE,UP,DEGRADED,No risk assessment available (entry/stop/target could not be computed).; Failed check: signal is directional.; Failed check: confidence sufficient.; Failed check: ai signals aligned.; Failed check: risk reward sufficient.; Failed check: expected value positive.; Failed check: positive edge after costs.; Failed check: stop loss logical.; Failed check: position size within limits.; Failed check: strong technical setup.; Failed check: news credibility acceptable.,,1000000.0,1556.9000244140625,,46.666666666666664,82.0,46.648300970836054,,50.0,,,55.0,75.27462817417268,,,,,,No risk assessment available (entry/stop/target could not be computed).,BULL_HIGH_VOL,30.0,
2026-09-10 15:02:27.841661+00:00,UNIVPHOTO.NS,NO TRADE,False,62.16741627129667,WATCH,UP,DEGRADED,No risk assessment available (entry/stop/target could not be computed).; Failed check: signal is directional.; Failed check: confidence sufficient.; Failed check: risk reward sufficient.; Failed check: expected value positive.; Failed check: positive edge after costs.; Failed check: stop loss logical.; Failed check: position size within limits.; Failed check: sufficient liquidity.; Failed check: news credibility acceptable.,,1000000.0,540.5,,61.666666666666664,56.0,70.0,,60.0,,,40.0,77.42264166880457,,,,,,No risk assessment available (entry/stop/target could not be computed).,BULL_HIGH_VOL,30.0,
2026-09-10 15:02:29.338971+00:00,UPL.NS,NO TRADE,False,61.830900299169436,WATCH,UP,DEGRADED,No risk assessment available (entry/stop/target could not be computed).; Failed check: signal is directional.; Failed check: confidence sufficient.; Failed check: risk reward sufficient.; Failed check: expected value positive.; Failed check: positive edge after costs.; Failed check: stop loss logical.; Failed check: position size within limits.; Failed check: strong technical setup.; Failed check: news credibility acceptable.,,1000000.0,575.2999877929688,,56.666666666666664,80.0,61.659925373106375,,70.0,,,55.0,68.63249912863941,,,,,,No risk assessment available (entry/stop/target could not be computed).,SIDEWAYS_LOW_VOL,30.0,
2026-09-10 15:02:30.691182+00:00,USHAMART.NS,NO TRADE,False,57.70167490210902,NO TRADE,UP,DEGRADED,No risk assessment available (entry/stop/target could not be computed).; Failed check: signal is directional.; Failed check: confidence sufficient.; Failed check: ai signals aligned.; Failed check: risk reward sufficient.; Failed check: expected value positive.; Failed check: positive edge after costs.; Failed check: stop loss logical.; Failed check: position size within limits.; Failed check: strong technical setup.; Failed check: news credibility acceptable.,,1000000.0,497.0,,45.0,82.0,56.647067811291606,,70.0,,,55.0,72.8907622006585,,,,,,No risk assessment available (entry/stop/target could not be computed).,SIDEWAYS_LOW_VOL,20.0,
2026-09-10 15:02:31.983880+00:00,UTIAMC.NS,NO TRADE,False,60.176824093979214,WATCH,UP,DEGRADED,No risk assessment available (entry/stop/target could not be computed).; Failed check: signal is directional.; Failed check: confidence sufficient.; Failed check: risk reward sufficient.; Failed check: expected value positive.; Failed check: positive edge after costs.; Failed check: stop loss logical.; Failed check: position size within limits.; Failed check: strong technical setup.; Failed check: news credibility acceptable.,,1000000.0,921.0,,53.333333333333336,76.0,60.24186507745786,,70.0,,,55.0,67.44600754020229,,,,,,No risk assessment available (entry/stop/target could not be computed).,SIDEWAYS_LOW_VOL,20.0,
2026-09-10 15:02:33.342859+00:00,UTTAMSUGAR.NS,NO TRADE,False,58.16972715356003,NO TRADE,UP,DEGRADED,No risk assessment available (entry/stop/target could not be computed).; Failed check: signal is directional.; Failed check: confidence sufficient.; Failed check: risk reward sufficient.; Failed check: expected value positive.; Failed check: positive edge after costs.; Failed check: stop loss logical.; Failed check: position size within limits.; Failed check: strong technical setup.; Failed check: news credibility acceptable.,,1000000.0,282.3999938964844,,46.666666666666664,60.0,70.0,,50.0,,,55.0,71.01683829586223,,,,,,No risk assessment available (entry/stop/target could not be computed).,BULL_HIGH_VOL,45.0,
2026-09-10 15:02:34.769465+00:00,VADILALIND.NS,NO TRADE,False,53.02597317668445,NO TRADE,UP,DEGRADED,No risk assessment available (entry/stop/target could not be computed).; Failed check: signal is directional.; Failed check: confidence sufficient.; Failed check: ai signals aligned.; Failed check: risk reward sufficient.; Failed check: expected value positive.; Failed check: positive edge after costs.; Failed check: stop loss logical.; Failed check: position size within limits.; Failed check: sufficient liquidity.; Failed check: strong technical setup.; Failed check: news credibility acceptable.,,1000000.0,7256.5,,46.666666666666664,90.0,43.80892269079308,,50.0,,,25.0,77.87823066723479,,,,,,No risk assessment available (entry/stop/target could not be computed).,BULL_HIGH_VOL,20.0,
2026-09-10 15:02:37.000734+00:00,VAIBHAVGBL.NS,NO TRADE,False,53.74760300205249,NO TRADE,UP,DEGRADED,No risk assessment available (entry/stop/target could not be computed).; Failed check: signal is directional.; Failed check: confidence sufficient.; Failed check: ai signals aligned.; Failed check: risk reward sufficient.; Failed check: expected value positive.; Failed check: positive edge after costs.; Failed check: stop loss logical.; Failed check: position size within limits.; Failed check: strong technical setup.; Failed check: news credibility acceptable.,,1000000.0,216.2100067138672,,45.0,90.0,42.34618929548306,,60.0,,,40.0,75.52820819413404,,,,,,No risk assessment available (entry/stop/target could not be computed).,BEAR_LOW_VOL,20.0,
2026-09-10 15:02:38.342405+00:00,VAKRANGEE.NS,NO TRADE,False,42.23000592029259,NO TRADE,DOWN,DEGRADED,No risk assessment available (entry/stop/target could not be computed).; Failed check: signal is directional.; Failed check: confidence sufficient.; Failed check: risk reward sufficient.; Failed check: expected value positive.; Failed check: positive edge after costs.; Failed check: stop loss logical.; Failed check: position size within limits.; Failed check: strong technical setup.; Failed check: news credibility acceptable.,,1000000.0,5.46999979019165,,30.0,44.0,42.08776815880324,,25.0,,,40.0,73.83405575241166,,,,,,No risk assessment available (entry/stop/target could not be computed).,BEAR_LOW_VOL,35.0,
2026-09-10 15:02:39.484453+00:00,VALIANTORG.NS,NO TRADE,False,64.55450945752969,WATCH,UP,DEGRADED,No risk assessment available (entry/stop/target could not be computed).; Failed check: signal is directional.; Failed check: confidence sufficient.; Failed check: risk reward sufficient.; Failed check: expected value positive.; Failed check: positive edge after costs.; Failed check: stop loss logical.; Failed check: position size within limits.; Failed check: sufficient liquidity.; Failed check: strong technical setup.; Failed check: news credibility acceptable.,,1000000.0,377.45001220703125,,56.666666666666664,90.0,70.0,,45.0,,,40.0,78.94497662881516,,,,,,No risk assessment available (entry/stop/target could not be computed).,BULL_HIGH_VOL,20.0,
2026-09-10 15:02:40.824252+00:00,VARDHACRLC.NS,NO TRADE,False,59.38873043408719,WATCH,UP,DEGRADED,No risk assessment available (entry/stop/target could not be computed).; Failed check: signal is directional.; Failed check: confidence sufficient.; Failed check: risk reward sufficient.; Failed check: expected value positive.; Failed check: positive edge after costs.; Failed check: stop loss logical.; Failed check: position size within limits.; Failed check: sufficient liquidity.; Failed check: news credibility acceptable.,,1000000.0,44.279998779296875,,60.0,86.0,58.152934352020736,,70.0,,,25.0,74.42205372374468,,,,,,No risk assessment available (entry/stop/target could not be computed).,SIDEWAYS_LOW_VOL,30.0,
2026-09-10 15:02:42.150441+00:00,VARDMNPOLY.NS,NO TRADE,False,50.315245703517135,NO TRADE,UP,DEGRADED,No risk assessment available (entry/stop/target could not be computed).; Failed check: signal is directional.; Failed check: confidence sufficient.; Failed check: ai signals aligned.; Failed check: risk reward sufficient.; Failed check: expected value positive.; Failed check: positive edge after costs.; Failed check: stop loss logical.; Failed check: position size within limits.; Failed check: strong technical setup.; Failed check: news credibility acceptable.,,1000000.0,5.940000057220459,,35.0,72.0,42.049429500727584,,40.0,,,55.0,79.16530412107349,,,,,,No risk assessment available (entry/stop/target could not be computed).,BEAR_LOW_VOL,30.0,
2026-09-10 15:02:43.469115+00:00,VARROC.NS,NO TRADE,False,63.46485154748562,WATCH,UP,DEGRADED,No risk assessment available (entry/stop/target could not be computed).; Failed check: signal is directional.; Failed check: confidence sufficient.; Failed check: risk reward sufficient.; Failed check: expected value positive.; Failed check: positive edge after costs.; Failed check: stop loss logical.; Failed check: position size within limits.; Failed check: strong technical setup.; Failed check: news credibility acceptable.,,1000000.0,875.0,,55.0,55.0,67.37421727319546,,40.0,,,70.0,79.9015750329456,,,,,,No risk assessment available (entry/stop/target could not be computed).,BULL_HIGH_VOL,45.0,
2026-09-10 15:02:44.776289+00:00,VASWANI.NS,NO TRADE,False,37.645237897783296,NO TRADE,DOWN,DEGRADED,No risk assessment available (entry/stop/target could not be computed).; Failed check: signal is directional.; Failed check: confidence sufficient.; Failed check: risk reward sufficient.; Failed check: expected value positive.; Failed check: positive edge after costs.; Failed check: stop loss logical.; Failed check: position size within limits.; Failed check: sufficient liquidity.; Failed check: strong technical setup.; Failed check: market conditions acceptable.; Failed check: news credibility acceptable.,,1000000.0,46.40999984741211,,35.0,41.0,32.29047673514227,,40.0,,,10.0,77.51191576064647,,,,,,No risk assessment available (entry/stop/target could not be computed).,BEAR_HIGH_VOL,57.0,
2026-09-10 15:02:46.385770+00:00,VBL.NS,NO TRADE,False,52.78550162755443,NO TRADE,NONE,DEGRADED,No risk assessment available (entry/stop/target could not be computed).; Failed check: signal is directional.; Failed check: confidence sufficient.; Failed check: risk reward sufficient.; Failed check: expected value positive.; Failed check: positive edge after costs.; Failed check: stop loss logical.; Failed check: position size within limits.; Failed check: strong technical setup.; Failed check: news credibility acceptable.,,1000000.0,410.5,,48.333333333333336,,46.026112515107265,,60.0,,,55.0,71.84050765933232,,,,,,No risk assessment available (entry/stop/target could not be computed).,BEAR_LOW_VOL,,
2026-09-10 15:02:48.020409+00:00,VEDL.NS,NO TRADE,False,58.37041251455056,NO TRADE,UP,DEGRADED,No risk assessment available (entry/stop/target could not be computed).; Failed check: signal is directional.; Failed check: confidence sufficient.; Failed check: risk reward sufficient.; Failed check: expected value positive.; Failed check: positive edge after costs.; Failed check: stop loss logical.; Failed check: position size within limits.; Failed check: strong technical setup.; Failed check: news credibility acceptable.,,1000000.0,269.04998779296875,,46.666666666666664,79.0,58.44934970911979,,50.0,,,55.0,73.21309919400754,,,,,,No risk assessment available (entry/stop/target could not be computed).,SIDEWAYS_LOW_VOL,20.0,
2026-09-10 15:02:49.253784+00:00,VENKEYS.NS,NO TRADE,False,72.76741306432818,MODERATE,UP,DEGRADED,Failed check: news credibility acceptable.,,1000000.0,1706.699951171875,583,68.33333333333333,90.0,70.0,,60.0,,,70.0,76.56395567325018,,3.1250000000000004,7437.012127740969,493.2362858886719,85,Failed check: news credibility acceptable.,BULL_HIGH_VOL,20.0,
2026-09-10 15:02:51.488569+00:00,VENUSREM.NS,NO TRADE,False,53.08606952481047,NO TRADE,UP,DEGRADED,No risk assessment available (entry/stop/target could not be computed).; Failed check: signal is directional.; Failed check: confidence sufficient.; Failed check: ai signals aligned.; Failed check: risk reward sufficient.; Failed check: expected value positive.; Failed check: positive edge after costs.; Failed check: stop loss logical.; Failed check: position size within limits.; Failed check: sufficient liquidity.; Failed check: strong technical setup.; Failed check: news credibility acceptable.,,1000000.0,1623.0,,46.666666666666664,94.0,45.135262070785465,,50.0,,,25.0,73.8725230239249,,,,,,No risk assessment available (entry/stop/target could not be computed).,BEAR_HIGH_VOL,20.0,
2026-09-10 15:02:52.730977+00:00,VERTOZ.NS,NO TRADE,False,60.787984919618204,WATCH,UP,DEGRADED,No risk assessment available (entry/stop/target could not be computed).; Failed check: signal is directional.; Failed check: confidence sufficient.; Failed check: risk reward sufficient.; Failed check: expected value positive.; Failed check: positive edge after costs.; Failed check: stop loss logical.; Failed check: position size within limits.; Failed check: sufficient liquidity.; Failed check: strong technical setup.; Failed check: news credibility acceptable.,,1000000.0,39.41999816894531,,58.333333333333336,74.0,70.0,,70.0,,,25.0,76.69068393305001,,,,,,No risk assessment available (entry/stop/target could not be computed).,SIDEWAYS_HIGH_VOL,20.0,
2026-09-10 15:02:54.061742+00:00,VESUVIUS.NS,NO TRADE,False,44.2162396136791,NO TRADE,DOWN,DEGRADED,No risk assessment available (entry/stop/target could not be computed).; Failed check: signal is directional.; Failed check: confidence sufficient.; Failed check: risk reward sufficient.; Failed check: expected value positive.; Failed check: positive edge after costs.; Failed check: stop loss logical.; Failed check: position size within limits.; Failed check: sufficient liquidity.; Failed check: strong technical setup.; Failed check: news credibility acceptable.,,1000000.0,413.20001220703125,,45.0,,46.42684674188813,,60.0,,,10.0,73.1571675692424,,,,,,No risk assessment available (entry/stop/target could not be computed).,BEAR_LOW_VOL,,
2026-09-10 15:02:55.497888+00:00,VETO.NS,NO TRADE,False,55.902849346893234,NO TRADE,UP,DEGRADED,No risk assessment available (entry/stop/target could not be computed).; Failed check: signal is directional.; Failed check: confidence sufficient.; Failed check: ai signals aligned.; Failed check: risk reward sufficient.; Failed check: expected value positive.; Failed check: positive edge after costs.; Failed check: stop loss logical.; Failed check: position size within limits.; Failed check: sufficient liquidity.; Failed check: strong technical setup.; Failed check: news credibility acceptable.,,1000000.0,127.1500015258789,,45.0,90.0,62.1563537530691,,50.0,,,25.0,76.5715988026708,,,,,,No risk assessment available (entry/stop/target could not be computed).,SIDEWAYS_LOW_VOL,20.0,
2026-09-10 15:02:56.824051+00:00,VGUARD.NS,NO TRADE,False,57.73110076734707,NO TRADE,UP,DEGRADED,No risk assessment available (entry/stop/target could not be computed).; Failed check: signal is directional.; Failed check: confidence sufficient.; Failed check: risk reward sufficient.; Failed check: expected value positive.; Failed check: positive edge after costs.; Failed check: stop loss logical.; Failed check: position size within limits.; Failed check: strong technical setup.; Failed check: news credibility acceptable.,,1000000.0,328.75,,46.666666666666664,78.0,55.51175732941047,,50.0,,,55.0,74.31617002410158,,,,,,No risk assessment available (entry/stop/target could not be computed).,BULL_LOW_VOL,20.0,
2026-09-10 15:02:58.254301+00:00,VHL.NS,NO TRADE,False,50.136906387273086,NO TRADE,DOWN,DEGRADED,No risk assessment available (entry/stop/target could not be computed).; Failed check: signal is directional.; Failed check: confidence sufficient.; Failed check: risk reward sufficient.; Failed check: expected value positive.; Failed check: positive edge after costs.; Failed check: stop loss logical.; Failed check: position size within limits.; Failed check: sufficient liquidity.; Failed check: strong technical setup.; Failed check: news credibility acceptable.,,1000000.0,3443.0,,45.0,,56.60160929700935,,60.0,,,25.0,78.4190243781245,,,,,,No risk assessment available (entry/stop/target could not be computed).,SIDEWAYS_LOW_VOL,,
2026-09-10 15:02:59.666974+00:00,VIDHIING.NS,NO TRADE,False,59.52770755686245,WATCH,UP,DEGRADED,No risk assessment available (entry/stop/target could not be computed).; Failed check: signal is directional.; Failed check: confidence sufficient.; Failed check: risk reward sufficient.; Failed check: expected value positive.; Failed check: positive edge after costs.; Failed check: stop loss logical.; Failed check: position size within limits.; Failed check: sufficient liquidity.; Failed check: strong technical setup.; Failed check: news credibility acceptable.,,1000000.0,338.8999938964844,,51.666666666666664,82.0,70.0,,50.0,,,25.0,78.71768349809473,,,,,,No risk assessment available (entry/stop/target could not be computed).,BULL_HIGH_VOL,20.0,
2026-09-10 15:03:00.948521+00:00,VIKASECO.NS,NO TRADE,False,45.87686200713476,NO TRADE,DOWN,DEGRADED,No risk assessment available (entry/stop/target could not be computed).; Failed check: signal is directional.; Failed check: confidence sufficient.; Failed check: risk reward sufficient.; Failed check: expected value positive.; Failed check: positive edge after costs.; Failed check: stop loss logical.; Failed check: position size within limits.; Failed check: strong technical setup.; Failed check: news credibility acceptable.,,1000000.0,1.059999942779541,,31.666666666666668,59.0,46.47965849055411,,40.0,,,40.0,74.33227164408204,,,,,,No risk assessment available (entry/stop/target could not be computed).,BEAR_LOW_VOL,35.0,
2026-09-10 15:03:01.296769+00:00,VIKASMCORP.NS,NO TRADE,False,0.0,NO TRADE,NONE,INVALID,"Data Quality [VIKASMCORP.NS] as of 2026-09-10T15:03:01.296649+00:00: INVALID (score=0.00, threshold=0.70)
  [CRITICAL] provider_unavailable: No data returned for VIKASMCORP.NS (2y/1d)",,1000000.0,,,,,,,,,,,,,,,,,"Data Quality [VIKASMCORP.NS] as of 2026-09-10T15:03:01.296649+00:00: INVALID (score=0.00, threshold=0.70)
  [CRITICAL] provider_unavailable: No data returned for VIKASMCORP.NS (2y/1d)",UNKNOWN,,
2026-09-10 15:03:01.604172+00:00,VIKASPROP.NS,NO TRADE,False,0.0,NO TRADE,NONE,INVALID,"Data Quality [VIKASPROP.NS] as of 2026-09-10T15:03:01.604075+00:00: INVALID (score=0.00, threshold=0.70)
  [CRITICAL] provider_unavailable: No data returned for VIKASPROP.NS (2y/1d)",,1000000.0,,,,,,,,,,,,,,,,,"Data Quality [VIKASPROP.NS] as of 2026-09-10T15:03:01.604075+00:00: INVALID (score=0.00, threshold=0.70)
  [CRITICAL] provider_unavailable: No data returned for VIKASPROP.NS (2y/1d)",UNKNOWN,,
2026-09-10 15:03:02.912268+00:00,VIKASWSP.NS,NO TRADE,False,0.0,NO TRADE,NONE,INVALID,"Data Quality [VIKASWSP.NS] as of 2026-09-10T15:03:02.912163+00:00: INVALID (score=0.00, threshold=0.70)
  [CRITICAL] provider_unavailable: No data returned for VIKASWSP.NS (2y/1d)",,1000000.0,,,,,,,,,,,,,,,,,"Data Quality [VIKASWSP.NS] as of 2026-09-10T15:03:02.912163+00:00: INVALID (score=0.00, threshold=0.70)
  [CRITICAL] provider_unavailable: No data returned for VIKASWSP.NS (2y/1d)",UNKNOWN,,
2026-09-10 15:03:04.408553+00:00,VIMTALABS.NS,NO TRADE,False,67.12706145801239,WATCH,UP,DEGRADED,No risk assessment available (entry/stop/target could not be computed).; Failed check: signal is directional.; Failed check: confidence sufficient.; Failed check: risk reward sufficient.; Failed check: expected value positive.; Failed check: positive edge after costs.; Failed check: stop loss logical.; Failed check: position size within limits.; Failed check: news credibility acceptable.,,1000000.0,634.9500122070312,,61.666666666666664,82.0,57.84322826747934,,50.0,,,70.0,78.32824180573162,,,,,,No risk assessment available (entry/stop/target could not be computed).,BULL_LOW_VOL,20.0,
2026-09-10 15:03:05.750032+00:00,VINATIORGA.NS,NO TRADE,False,50.52711746137264,NO TRADE,UP,DEGRADED,No risk assessment available (entry/stop/target could not be computed).; Failed check: signal is directional.; Failed check: confidence sufficient.; Failed check: risk reward sufficient.; Failed check: expected value positive.; Failed check: positive edge after costs.; Failed check: stop loss logical.; Failed check: position size within limits.; Failed check: sufficient liquidity.; Failed check: strong technical setup.; Failed check: news credibility acceptable.,,1000000.0,1312.4000244140625,,46.666666666666664,64.0,53.41989474215411,,50.0,,,25.0,70.76867970229922,,,,,,No risk assessment available (entry/stop/target could not be computed).,SIDEWAYS_LOW_VOL,30.0,
2026-09-10 15:03:07.006004+00:00,VINDHYATEL.NS,NO TRADE,False,66.3231673753806,WATCH,UP,DEGRADED,No risk assessment available (entry/stop/target could not be computed).; Failed check: signal is directional.; Failed check: confidence sufficient.; Failed check: risk reward sufficient.; Failed check: expected value positive.; Failed check: positive edge after costs.; Failed check: stop loss logical.; Failed check: position size within limits.; Failed check: sufficient liquidity.; Failed check: news credibility acceptable.,,1000000.0,2818.300048828125,,68.33333333333333,75.0,70.0,,60.0,,,40.0,74.90758148204992,,,,,,No risk assessment available (entry/stop/target could not be computed).,BULL_HIGH_VOL,20.0,
2026-09-10 15:03:08.284556+00:00,VINYLINDIA.NS,NO TRADE,False,41.411320882636645,NO TRADE,NONE,DEGRADED,No risk assessment available (entry/stop/target could not be computed).; Failed check: signal is directional.; Failed check: confidence sufficient.; Failed check: ai signals aligned.; Failed check: risk reward sufficient.; Failed check: expected value positive.; Failed check: positive edge after costs.; Failed check: stop loss logical.; Failed check: position size within limits.; Failed check: sufficient liquidity.; Failed check: strong technical setup.; Failed check: news credibility acceptable.,,1000000.0,221.6300048828125,,28.333333333333332,75.0,41.62883073849897,,40.0,,,10.0,75.69197250935663,,,,,,No risk assessment available (entry/stop/target could not be computed).,BEAR_LOW_VOL,20.0,
2026-09-10 15:03:09.767635+00:00,VIPIND.NS,NO TRADE,False,53.5424274822951,NO TRADE,DOWN,DEGRADED,No risk assessment available (entry/stop/target could not be computed).; Failed check: signal is directional.; Failed check: confidence sufficient.; Failed check: risk reward sufficient.; Failed check: expected value positive.; Failed check: positive edge after costs.; Failed check: stop loss logical.; Failed check: position size within limits.; Failed check: strong technical setup.; Failed check: news credibility acceptable.,,1000000.0,301.54998779296875,,46.666666666666664,32.0,58.45792534204321,,50.0,,,55.0,75.83990216879305,,,,,,No risk assessment available (entry/stop/target could not be computed).,SIDEWAYS_LOW_VOL,55.0,
2026-09-10 15:03:10.969943+00:00,VIPULLTD.NS,NO TRADE,False,51.21381641710565,NO TRADE,DOWN,DEGRADED,No risk assessment available (entry/stop/target could not be computed).; Failed check: signal is directional.; Failed check: confidence sufficient.; Failed check: risk reward sufficient.; Failed check: expected value positive.; Failed check: positive edge after costs.; Failed check: stop loss logical.; Failed check: position size within limits.; Failed check: strong technical setup.; Failed check: news credibility acceptable.,,1000000.0,13.229999542236328,,43.333333333333336,,46.02085280290802,,40.0,,,55.0,74.91828596493853,,,,,,No risk assessment available (entry/stop/target could not be computed).,BEAR_LOW_VOL,,
2026-09-10 15:03:12.676985+00:00,VISAKAIND.NS,NO TRADE,False,57.404766988989174,NO TRADE,UP,DEGRADED,No risk assessment available (entry/stop/target could not be computed).; Failed check: signal is directional.; Failed check: confidence sufficient.; Failed check: risk reward sufficient.; Failed check: expected value positive.; Failed check: positive edge after costs.; Failed check: stop loss logical.; Failed check: position size within limits.; Failed check: strong technical setup.; Failed check: news credibility acceptable.,,1000000.0,91.91000366210938,,46.666666666666664,80.0,49.75200604871255,,50.0,,,55.0,78.83549865218899,,,,,,No risk assessment available (entry/stop/target could not be computed).,BULL_LOW_VOL,20.0,
2026-09-10 15:03:12.974279+00:00,VISASTEEL.NS,NO TRADE,False,0.0,NO TRADE,NONE,INVALID,"Data Quality [VISASTEEL.NS] as of 2026-09-10T15:03:12.974166+00:00: INVALID (score=0.00, threshold=0.70)
  [CRITICAL] provider_unavailable: No data returned for VISASTEEL.NS (2y/1d)",,1000000.0,,,,,,,,,,,,,,,,,"Data Quality [VISASTEEL.NS] as of 2026-09-10T15:03:12.974166+00:00: INVALID (score=0.00, threshold=0.70)
  [CRITICAL] provider_unavailable: No data returned for VISASTEEL.NS (2y/1d)",UNKNOWN,,
2026-09-10 15:03:14.347004+00:00,VISHAL.NS,NO TRADE,False,0.0,NO TRADE,NONE,INVALID,"Data quality gate failed for VISHAL.NS: status=INVALID, score=0.75 (min required 0.70). [CRITICAL] zero_volume: 4 bar(s) (18.2%) with volume below 1.; Forced NO TRADE: this system never trades on data it cannot vouch for, regardless of what any other signal would have said.",,1000000.0,18.170000076293945,,,,,,35.0,,,,,,,,,,"Data quality gate failed for VISHAL.NS: status=INVALID, score=0.75 (min required 0.70). [CRITICAL] zero_volume: 4 bar(s) (18.2%) with volume below 1.",UNKNOWN,,
2026-09-10 15:03:16.760341+00:00,VISHNU.NS,NO TRADE,False,68.22840750895823,WATCH,UP,DEGRADED,No risk assessment available (entry/stop/target could not be computed).; Failed check: signal is directional.; Failed check: confidence sufficient.; Failed check: risk reward sufficient.; Failed check: expected value positive.; Failed check: positive edge after costs.; Failed check: stop loss logical.; Failed check: position size within limits.; Failed check: news credibility acceptable.,,1000000.0,723.7999877929688,,60.0,78.0,70.0,,45.0,,,70.0,76.10915291029708,,,,,,No risk assessment available (entry/stop/target could not be computed).,BULL_LOW_VOL,20.0,
2026-09-10 15:03:17.918847+00:00,VISHWARAJ.NS,NO TRADE,False,52.323886702377116,NO TRADE,DOWN,DEGRADED,No risk assessment available (entry/stop/target could not be computed).; Failed check: signal is directional.; Failed check: confidence sufficient.; Failed check: risk reward sufficient.; Failed check: expected value positive.; Failed check: positive edge after costs.; Failed check: stop loss logical.; Failed check: position size within limits.; Failed check: strong technical setup.; Failed check: news credibility acceptable.,,1000000.0,5.619999885559082,,46.666666666666664,25.0,63.52901545940017,,50.0,,,55.0,71.58547735651658,,,,,,No risk assessment available (entry/stop/target could not be computed).,SIDEWAYS_HIGH_VOL,77.0,
2026-09-10 15:03:19.244986+00:00,VIVIMEDLAB.NS,NO TRADE,False,0.0,NO TRADE,NONE,INVALID,"Data quality gate failed for VIVIMEDLAB.NS: status=INVALID, score=0.70 (min required 0.70). [CRITICAL] zero_volume: 320 bar(s) (64.1%) with volume below 1.; [WARNING] abnormal_price_jump: 1 day(s) with |return| > 20% not matched to a supplied corporate-action date -- verify against the source before trusting this bar (could be an unlisted split/bonus, or a genuine data error).; [INFO] holiday_mismatch: 1 bar(s) fall on a date the configured calendar marks as a non-trading day. Not scored as an error: this system's built-in NSE holiday list only covers fixed-date national holidays (see data/market_calendar.py) and is deliberately incomplete for variable-date holidays -- this may just mean the calendar doesn't know about a legitimate special session or holiday.; Forced NO TRADE: this system never trades on data it cannot vouch for, regardless of what any other signal would have said.",,1000000.0,6.150000095367432,,,,,,50.0,,,,,,,,,,"Data quality gate failed for VIVIMEDLAB.NS: status=INVALID, score=0.70 (min required 0.70). [CRITICAL] zero_volume: 320 bar(s) (64.1%) with volume below 1.; [WARNING] abnormal_price_jump: 1 day(s) with |return| > 20% not matched to a supplied corporate-action date -- verify against the source before trusting this bar (could be an unlisted split/bonus, or a genuine data error).; [INFO] holiday_mismatch: 1 bar(s) fall on a date the configured calendar marks as a non-trading day. Not scored as an error: this system's built-in NSE holiday list only covers fixed-date national holidays (see data/market_calendar.py) and is deliberately incomplete for variable-date holidays -- this may just mean the calendar doesn't know about a legitimate special session or holiday.",BULL_HIGH_VOL,,
2026-09-10 15:03:20.526738+00:00,VLSFINANCE.NS,NO TRADE,False,44.52851674078207,NO TRADE,UP,DEGRADED,No risk assessment available (entry/stop/target could not be computed).; Failed check: signal is directional.; Failed check: confidence sufficient.; Failed check: ai signals aligned.; Failed check: risk reward sufficient.; Failed check: expected value positive.; Failed check: positive edge after costs.; Failed check: stop loss logical.; Failed check: position size within limits.; Failed check: sufficient liquidity.; Failed check: strong technical setup.; Failed check: news credibility acceptable.,,1000000.0,244.67999267578125,,31.666666666666668,94.0,41.85016225320241,,40.0,,,10.0,71.59729833517667,,,,,,No risk assessment available (entry/stop/target could not be computed).,SIDEWAYS_LOW_VOL,20.0,
2026-09-10 15:03:21.941443+00:00,VMART.NS,NO TRADE,False,57.84536303708043,NO TRADE,UP,DEGRADED,No risk assessment available (entry/stop/target could not be computed).; Failed check: signal is directional.; Failed check: confidence sufficient.; Failed check: risk reward sufficient.; Failed check: expected value positive.; Failed check: positive edge after costs.; Failed check: stop loss logical.; Failed check: position size within limits.; Failed check: strong technical setup.; Failed check: news credibility acceptable.,,1000000.0,817.7999877929688,,46.666666666666664,70.0,59.89174384136112,,50.0,,,55.0,75.37731845683315,,,,,,No risk assessment available (entry/stop/target could not be computed).,SIDEWAYS_LOW_VOL,42.0,
2026-09-10 15:03:23.437995+00:00,VOLTAMP.NS,NO TRADE,False,59.37878170794704,WATCH,UP,DEGRADED,No risk assessment available (entry/stop/target could not be computed).; Failed check: signal is directional.; Failed check: confidence sufficient.; Failed check: risk reward sufficient.; Failed check: expected value positive.; Failed check: positive edge after costs.; Failed check: stop loss logical.; Failed check: position size within limits.; Failed check: sufficient liquidity.; Failed check: strong technical setup.; Failed check: news credibility acceptable.,,1000000.0,10924.0,,51.666666666666664,82.0,70.0,,50.0,,,25.0,76.84050346008428,,,,,,No risk assessment available (entry/stop/target could not be computed).,BULL_HIGH_VOL,20.0,
2026-09-10 15:03:24.903511+00:00,VOLTAS.NS,NO TRADE,False,45.83383686251109,NO TRADE,UP,DEGRADED,No risk assessment available (entry/stop/target could not be computed).; Failed check: signal is directional.; Failed check: confidence sufficient.; Failed check: risk reward sufficient.; Failed check: expected value positive.; Failed check: positive edge after costs.; Failed check: stop loss logical.; Failed check: position size within limits.; Failed check: strong technical setup.; Failed check: market conditions acceptable.; Failed check: news credibility acceptable.,,1000000.0,1158.5,,38.333333333333336,70.0,32.7543197859512,,40.0,,,40.0,71.50275527426955,,,,,,No risk assessment available (entry/stop/target could not be computed).,BEAR_LOW_VOL,20.0,
2026-09-10 15:03:26.135567+00:00,VRLLOG.NS,NO TRADE,False,56.069121316538464,NO TRADE,UP,DEGRADED,No risk assessment available (entry/stop/target could not be computed).; Failed check: signal is directional.; Failed check: confidence sufficient.; Failed check: risk reward sufficient.; Failed check: expected value positive.; Failed check: positive edge after costs.; Failed check: stop loss logical.; Failed check: position size within limits.; Failed check: strong technical setup.; Failed check: news credibility acceptable.,,1000000.0,288.79998779296875,,46.666666666666664,78.0,48.77066838787441,,50.0,,,55.0,73.36426004654105,,,,,,No risk assessment available (entry/stop/target could not be computed).,BULL_LOW_VOL,42.0,
2026-09-10 15:03:27.379895+00:00,VSSL.NS,NO TRADE,False,70.2224164961128,MODERATE,UP,DEGRADED,Failed check: news credibility acceptable.,,1000000.0,392.0,2542,63.333333333333336,82.0,70.0,,45.0,,,70.0,77.25182806015522,,3.124999999999998,7598.234836716741,366.52,275,Failed check: news credibility acceptable.,BULL_HIGH_VOL,20.0,
2026-09-10 15:03:28.706876+00:00,VSTIND.NS,NO TRADE,False,48.80322463143968,NO TRADE,NONE,DEGRADED,No risk assessment available (entry/stop/target could not be computed).; Failed check: signal is directional.; Failed check: confidence sufficient.; Failed check: risk reward sufficient.; Failed check: expected value positive.; Failed check: positive edge after costs.; Failed check: stop loss logical.; Failed check: position size within limits.; Failed check: strong technical setup.; Failed check: news credibility acceptable.,,1000000.0,206.0,,43.333333333333336,56.0,48.95405661621957,,45.0,,,40.0,66.54009856999664,,,,,,No risk assessment available (entry/stop/target could not be computed).,BEAR_LOW_VOL,45.0,
2026-09-10 15:03:30.919173+00:00,VSTTILLERS.NS,NO TRADE,False,40.474959182134356,NO TRADE,NONE,DEGRADED,No risk assessment available (entry/stop/target could not be computed).; Failed check: signal is directional.; Failed check: confidence sufficient.; Failed check: ai signals aligned.; Failed check: risk reward sufficient.; Failed check: expected value positive.; Failed check: positive edge after costs.; Failed check: stop loss logical.; Failed check: position size within limits.; Failed check: sufficient liquidity.; Failed check: strong technical setup.; Failed check: market conditions acceptable.; Failed check: news credibility acceptable.,,1000000.0,4100.0,,30.0,72.0,38.21520594898331,,25.0,,,10.0,71.14519599542692,,,,,,No risk assessment available (entry/stop/target could not be computed).,BEAR_LOW_VOL,20.0,
2026-09-10 15:03:32.424745+00:00,VTL.NS,NO TRADE,False,51.9398653030762,NO TRADE,UP,DEGRADED,No risk assessment available (entry/stop/target could not be computed).; Failed check: signal is directional.; Failed check: confidence sufficient.; Failed check: ai signals aligned.; Failed check: risk reward sufficient.; Failed check: expected value positive.; Failed check: positive edge after costs.; Failed check: stop loss logical.; Failed check: position size within limits.; Failed check: strong technical setup.; Failed check: news credibility acceptable.,,1000000.0,575.5999755859375,,28.333333333333332,90.0,52.12842545089671,,40.0,,,55.0,75.13235461214948,,,,,,No risk assessment available (entry/stop/target could not be computed).,BEAR_LOW_VOL,20.0,
2026-09-10 15:03:33.851067+00:00,WABAG.NS,NO TRADE,False,69.09706925182225,MODERATE,UP,DEGRADED,No risk assessment available (entry/stop/target could not be computed).; Failed check: signal is directional.; Failed check: confidence sufficient.; Failed check: risk reward sufficient.; Failed check: expected value positive.; Failed check: positive edge after costs.; Failed check: stop loss logical.; Failed check: position size within limits.; Failed check: news credibility acceptable.,,1000000.0,2205.0,,61.666666666666664,78.0,70.0,,60.0,,,70.0,77.8888578169294,,,,,,No risk assessment available (entry/stop/target could not be computed).,SIDEWAYS_HIGH_VOL,20.0,
2026-09-10 15:03:34.228495+00:00,WABCOINDIA.NS,NO TRADE,False,0.0,NO TRADE,NONE,INVALID,"Data Quality [WABCOINDIA.NS] as of 2026-09-10T15:03:34.228407+00:00: INVALID (score=0.00, threshold=0.70)
  [CRITICAL] provider_unavailable: No data returned for WABCOINDIA.NS (2y/1d)",,1000000.0,,,,,,,,,,,,,,,,,"Data Quality [WABCOINDIA.NS] as of 2026-09-10T15:03:34.228407+00:00: INVALID (score=0.00, threshold=0.70)
  [CRITICAL] provider_unavailable: No data returned for WABCOINDIA.NS (2y/1d)",UNKNOWN,,
2026-09-10 15:03:35.512458+00:00,WALCHANNAG.NS,NO TRADE,False,51.73799067101151,NO TRADE,UP,DEGRADED,No risk assessment available (entry/stop/target could not be computed).; Failed check: signal is directional.; Failed check: confidence sufficient.; Failed check: risk reward sufficient.; Failed check: expected value positive.; Failed check: positive edge after costs.; Failed check: stop loss logical.; Failed check: position size within limits.; Failed check: strong technical setup.; Failed check: news credibility acceptable.,,1000000.0,210.5,,41.666666666666664,64.0,43.16236229985178,,60.0,,,55.0,78.39371471085555,,,,,,No risk assessment available (entry/stop/target could not be computed).,BEAR_LOW_VOL,30.0,
2026-09-10 15:03:36.450871+00:00,WATERBASE.NS,NO TRADE,False,0.0,NO TRADE,NONE,INVALID,"Data quality gate failed for WATERBASE.NS: status=INVALID, score=0.70 (min required 0.70). [CRITICAL] zero_volume: 4 bar(s) (18.2%) with volume below 1.; [WARNING] abnormal_price_jump: 1 day(s) with |return| > 20% not matched to a supplied corporate-action date -- verify against the source before trusting this bar (could be an unlisted split/bonus, or a genuine data error).; Forced NO TRADE: this system never trades on data it cannot vouch for, regardless of what any other signal would have said.",,1000000.0,46.54999923706055,,,,,,35.0,,,,,,,,,,"Data quality gate failed for WATERBASE.NS: status=INVALID, score=0.70 (min required 0.70). [CRITICAL] zero_volume: 4 bar(s) (18.2%) with volume below 1.; [WARNING] abnormal_price_jump: 1 day(s) with |return| > 20% not matched to a supplied corporate-action date -- verify against the source before trusting this bar (could be an unlisted split/bonus, or a genuine data error).",UNKNOWN,,
2026-09-10 15:03:37.955639+00:00,WEBELSOLAR.NS,NO TRADE,False,53.87606270617697,NO TRADE,UP,DEGRADED,No risk assessment available (entry/stop/target could not be computed).; Failed check: signal is directional.; Failed check: confidence sufficient.; Failed check: ai signals aligned.; Failed check: risk reward sufficient.; Failed check: expected value positive.; Failed check: positive edge after costs.; Failed check: stop loss logical.; Failed check: position size within limits.; Failed check: strong technical setup.; Failed check: market conditions acceptable.; Failed check: news credibility acceptable.,,1000000.0,75.5,,48.333333333333336,90.0,34.47027055781015,,60.0,,,40.0,77.18747785065453,,,,,,No risk assessment available (entry/stop/target could not be computed).,BEAR_HIGH_VOL,20.0,
2026-09-10 15:03:39.329270+00:00,WEIZMANIND.NS,NO TRADE,False,42.72712881549442,NO TRADE,UP,DEGRADED,No risk assessment available (entry/stop/target could not be computed).; Failed check: signal is directional.; Failed check: confidence sufficient.; Failed check: ai signals aligned.; Failed check: risk reward sufficient.; Failed check: expected value positive.; Failed check: positive edge after costs.; Failed check: stop loss logical.; Failed check: position size within limits.; Failed check: sufficient liquidity.; Failed check: strong technical setup.; Failed check: news credibility acceptable.,,1000000.0,71.56999969482422,,30.0,80.0,40.685731827508654,,25.0,,,10.0,78.52516730892404,,,,,,No risk assessment available (entry/stop/target could not be computed).,BEAR_LOW_VOL,20.0,
2026-09-10 15:03:40.701797+00:00,WELCORP.NS,NO TRADE,False,70.360570150537,MODERATE,UP,DEGRADED,Failed check: news credibility acceptable.,,1000000.0,2776.89990234375,358,63.333333333333336,82.0,70.0,,45.0,,,70.0,78.052988577573,,3.1250000000000053,7450.018586037262,453.1900640625,48,Failed check: news credibility acceptable.,BULL_HIGH_VOL,20.0,
2026-09-10 15:03:42.030926+00:00,WELENT.NS,NO TRADE,False,66.59935837130348,WATCH,UP,DEGRADED,No risk assessment available (entry/stop/target could not be computed).; Failed check: signal is directional.; Failed check: confidence sufficient.; Failed check: risk reward sufficient.; Failed check: expected value positive.; Failed check: positive edge after costs.; Failed check: stop loss logical.; Failed check: position size within limits.; Failed check: news credibility acceptable.,,1000000.0,797.9500122070312,,63.333333333333336,52.0,70.0,,45.0,,,70.0,77.4786779392186,,,,,,No risk assessment available (entry/stop/target could not be computed).,BULL_HIGH_VOL,45.0,
2026-09-10 15:03:44.304890+00:00,WELINV.NS,NO TRADE,False,0.0,NO TRADE,NONE,INVALID,"Data quality gate failed for WELINV.NS: status=INVALID, score=0.60 (min required 0.70). [CRITICAL] invalid_ohlc: 1 bar(s) with an invalid OHLC relationship (e.g. High < Low, non-positive price) or NaN price.; [WARNING] zero_volume: 11 bar(s) (2.2%) with volume below 1.; [INFO] holiday_mismatch: 1 bar(s) fall on a date the configured calendar marks as a non-trading day. Not scored as an error: this system's built-in NSE holiday list only covers fixed-date national holidays (see data/market_calendar.py) and is deliberately incomplete for variable-date holidays -- this may just mean the calendar doesn't know about a legitimate special session or holiday.; Forced NO TRADE: this system never trades on data it cannot vouch for, regardless of what any other signal would have said.",,1000000.0,2345.0,,,,,,45.0,,,,,,,,,,"Data quality gate failed for WELINV.NS: status=INVALID, score=0.60 (min required 0.70). [CRITICAL] invalid_ohlc: 1 bar(s) with an invalid OHLC relationship (e.g. High < Low, non-positive price) or NaN price.; [WARNING] zero_volume: 11 bar(s) (2.2%) with volume below 1.; [INFO] holiday_mismatch: 1 bar(s) fall on a date the configured calendar marks as a non-trading day. Not scored as an error: this system's built-in NSE holiday list only covers fixed-date national holidays (see data/market_calendar.py) and is deliberately incomplete for variable-date holidays -- this may just mean the calendar doesn't know about a legitimate special session or holiday.",BULL_HIGH_VOL,,
2026-09-10 15:03:44.621241+00:00,WELSPUNIND.NS,NO TRADE,False,0.0,NO TRADE,NONE,INVALID,"Data Quality [WELSPUNIND.NS] as of 2026-09-10T15:03:44.621151+00:00: INVALID (score=0.00, threshold=0.70)
  [CRITICAL] provider_unavailable: No data returned for WELSPUNIND.NS (2y/1d)",,1000000.0,,,,,,,,,,,,,,,,,"Data Quality [WELSPUNIND.NS] as of 2026-09-10T15:03:44.621151+00:00: INVALID (score=0.00, threshold=0.70)
  [CRITICAL] provider_unavailable: No data returned for WELSPUNIND.NS (2y/1d)",UNKNOWN,,
2026-09-10 15:03:46.124048+00:00,WENDT.NS,NO TRADE,False,65.82822284256017,WATCH,UP,DEGRADED,No risk assessment available (entry/stop/target could not be computed).; Failed check: signal is directional.; Failed check: confidence sufficient.; Failed check: risk reward sufficient.; Failed check: expected value positive.; Failed check: positive edge after costs.; Failed check: stop loss logical.; Failed check: position size within limits.; Failed check: sufficient liquidity.; Failed check: news credibility acceptable.,,1000000.0,8748.5,,68.33333333333333,70.0,70.0,,70.0,,,40.0,75.9362496475695,,,,,,No risk assessment available (entry/stop/target could not be computed).,BULL_LOW_VOL,20.0,
2026-09-10 15:03:47.493821+00:00,WESTLIFE.NS,NO TRADE,False,51.31310757494438,NO TRADE,DOWN,DEGRADED,No risk assessment available (entry/stop/target could not be computed).; Failed check: signal is directional.; Failed check: confidence sufficient.; Failed check: risk reward sufficient.; Failed check: expected value positive.; Failed check: positive edge after costs.; Failed check: stop loss logical.; Failed check: position size within limits.; Failed check: strong technical setup.; Failed check: news credibility acceptable.,,1000000.0,561.9500122070312,,46.666666666666664,33.0,48.18645050768542,,50.0,,,55.0,79.45470556817659,,,,,,No risk assessment available (entry/stop/target could not be computed).,BULL_LOW_VOL,70.0,
2026-09-10 15:03:49.100336+00:00,WHEELS.NS,NO TRADE,False,63.91394995981754,WATCH,NONE,DEGRADED,No risk assessment available (entry/stop/target could not be computed).; Failed check: signal is directional.; Failed check: confidence sufficient.; Failed check: risk reward sufficient.; Failed check: expected value positive.; Failed check: positive edge after costs.; Failed check: stop loss logical.; Failed check: position size within limits.; Failed check: news credibility acceptable.,,1000000.0,2313.0,,60.0,45.0,70.0,,45.0,,,70.0,73.50660151758773,,,,,,No risk assessment available (entry/stop/target could not be computed).,BULL_HIGH_VOL,30.0,
2026-09-10 15:03:50.557144+00:00,WHIRLPOOL.NS,NO TRADE,False,60.91793948965943,WATCH,UP,DEGRADED,No risk assessment available (entry/stop/target could not be computed).; Failed check: signal is directional.; Failed check: confidence sufficient.; Failed check: risk reward sufficient.; Failed check: expected value positive.; Failed check: positive edge after costs.; Failed check: stop loss logical.; Failed check: position size within limits.; Failed check: strong technical setup.; Failed check: news credibility acceptable.,,1000000.0,795.6500244140625,,56.666666666666664,67.0,60.055525384680024,,70.0,,,55.0,73.50905879404718,,,,,,No risk assessment available (entry/stop/target could not be computed).,SIDEWAYS_HIGH_VOL,35.0,
2026-09-10 15:03:51.750010+00:00,WILLAMAGOR.NS,NO TRADE,False,45.73814296447262,NO TRADE,NONE,DEGRADED,No risk assessment available (entry/stop/target could not be computed).; Failed check: signal is directional.; Failed check: confidence sufficient.; Failed check: risk reward sufficient.; Failed check: expected value positive.; Failed check: positive edge after costs.; Failed check: stop loss logical.; Failed check: position size within limits.; Failed check: sufficient liquidity.; Failed check: strong technical setup.; Failed check: news credibility acceptable.,,1000000.0,24.489999771118164,,51.666666666666664,45.0,45.82012007429594,,70.0,,,10.0,66.95411390837597,,,,,,No risk assessment available (entry/stop/target could not be computed).,BEAR_HIGH_VOL,30.0,
2026-09-10 15:03:53.513843+00:00,WIPRO.NS,NO TRADE,False,48.496090471945905,NO TRADE,UP,DEGRADED,No risk assessment available (entry/stop/target could not be computed).; Failed check: signal is directional.; Failed check: confidence sufficient.; Failed check: ai signals aligned.; Failed check: risk reward sufficient.; Failed check: expected value positive.; Failed check: positive edge after costs.; Failed check: stop loss logical.; Failed check: position size within limits.; Failed check: strong technical setup.; Failed check: market conditions acceptable.; Failed check: news credibility acceptable.,,1000000.0,166.3000030517578,,26.666666666666668,96.0,38.05135321354467,,25.0,,,40.0,70.49484831008755,,,,,,No risk assessment available (entry/stop/target could not be computed).,SIDEWAYS_LOW_VOL,10.0,
2026-09-10 15:03:54.763570+00:00,WOCKPHARMA.NS,NO TRADE,False,68.64265674727321,WATCH,UP,DEGRADED,No risk assessment available (entry/stop/target could not be computed).; Failed check: signal is directional.; Failed check: confidence sufficient.; Failed check: risk reward sufficient.; Failed check: expected value positive.; Failed check: positive edge after costs.; Failed check: stop loss logical.; Failed check: position size within limits.; Failed check: news credibility acceptable.,,1000000.0,2220.60009765625,,65.0,64.0,70.0,,60.0,,,70.0,77.68968444561838,,,,,,No risk assessment available (entry/stop/target could not be computed).,BULL_HIGH_VOL,20.0,
2026-09-10 15:03:56.001707+00:00,WONDERLA.NS,NO TRADE,False,63.81476104085126,WATCH,UP,DEGRADED,No risk assessment available (entry/stop/target could not be computed).; Failed check: signal is directional.; Failed check: confidence sufficient.; Failed check: risk reward sufficient.; Failed check: expected value positive.; Failed check: positive edge after costs.; Failed check: stop loss logical.; Failed check: position size within limits.; Failed check: strong technical setup.; Failed check: news credibility acceptable.,,1000000.0,519.0499877929688,,51.666666666666664,86.0,70.0,,50.0,,,55.0,73.97367318674833,,,,,,No risk assessment available (entry/stop/target could not be computed).,SIDEWAYS_LOW_VOL,20.0,
2026-09-10 15:03:57.511603+00:00,WORTH.NS,NO TRADE,False,0.0,NO TRADE,NONE,INVALID,"Data Quality [WORTH.NS] as of 2026-09-10T15:03:57.511513+00:00: INVALID (score=0.00, threshold=0.70)
  [CRITICAL] provider_unavailable: No data returned for WORTH.NS (2y/1d)",,1000000.0,,,,,,,,,,,,,,,,,"Data Quality [WORTH.NS] as of 2026-09-10T15:03:57.511513+00:00: INVALID (score=0.00, threshold=0.70)
  [CRITICAL] provider_unavailable: No data returned for WORTH.NS (2y/1d)",UNKNOWN,,
2026-09-10 15:03:58.882538+00:00,WSTCSTPAPR.NS,NO TRADE,False,71.86357011008609,MODERATE,UP,DEGRADED,Failed check: news credibility acceptable.,,1000000.0,714.0,1395,65.0,90.0,70.0,,60.0,,,70.0,79.07318811273213,,3.125000000000002,7505.0499611904725,434.5404,179,Failed check: news credibility acceptable.,BULL_HIGH_VOL,20.0,
2026-09-10 15:04:00.195907+00:00,XCHANGING.NS,NO TRADE,False,55.38121092287885,NO TRADE,UP,DEGRADED,No risk assessment available (entry/stop/target could not be computed).; Failed check: signal is directional.; Failed check: confidence sufficient.; Failed check: risk reward sufficient.; Failed check: expected value positive.; Failed check: positive edge after costs.; Failed check: stop loss logical.; Failed check: position size within limits.; Failed check: sufficient liquidity.; Failed check: strong technical setup.; Failed check: news credibility acceptable.,,1000000.0,63.900001525878906,,56.666666666666664,74.0,50.840833234228036,,70.0,,,25.0,73.48818971084833,,,,,,No risk assessment available (entry/stop/target could not be computed).,SIDEWAYS_LOW_VOL,20.0,
2026-09-10 15:04:01.408288+00:00,XELPMOC.NS,NO TRADE,False,42.1501733364938,NO TRADE,NONE,DEGRADED,No risk assessment available (entry/stop/target could not be computed).; Failed check: signal is directional.; Failed check: confidence sufficient.; Failed check: risk reward sufficient.; Failed check: expected value positive.; Failed check: positive edge after costs.; Failed check: stop loss logical.; Failed check: position size within limits.; Failed check: sufficient liquidity.; Failed check: strong technical setup.; Failed check: news credibility acceptable.,,1000000.0,76.20999908447266,,35.0,64.0,45.39365257003249,,40.0,,,10.0,74.12700465841269,,,,,,No risk assessment available (entry/stop/target could not be computed).,BEAR_HIGH_VOL,20.0,
2026-09-10 15:04:01.705081+00:00,YAARII.NS,NO TRADE,False,0.0,NO TRADE,NONE,INVALID,"Data Quality [YAARII.NS] as of 2026-09-10T15:04:01.704991+00:00: INVALID (score=0.00, threshold=0.70)
  [CRITICAL] provider_unavailable: No data returned for YAARII.NS (2y/1d)",,1000000.0,,,,,,,,,,,,,,,,,"Data Quality [YAARII.NS] as of 2026-09-10T15:04:01.704991+00:00: INVALID (score=0.00, threshold=0.70)
  [CRITICAL] provider_unavailable: No data returned for YAARII.NS (2y/1d)",UNKNOWN,,
2026-09-10 15:04:03.265480+00:00,YESBANK.NS,NO TRADE,False,55.70962399257272,NO TRADE,UP,DEGRADED,No risk assessment available (entry/stop/target could not be computed).; Failed check: signal is directional.; Failed check: confidence sufficient.; Failed check: ai signals aligned.; Failed check: risk reward sufficient.; Failed check: expected value positive.; Failed check: positive edge after costs.; Failed check: stop loss logical.; Failed check: position size within limits.; Failed check: strong technical setup.; Failed check: news credibility acceptable.,,1000000.0,22.299999237060547,,41.666666666666664,86.0,54.02624708913311,,60.0,,,55.0,67.29376515516445,,,,,,No risk assessment available (entry/stop/target could not be computed).,BEAR_LOW_VOL,30.0,
2026-09-10 15:04:04.704755+00:00,ZEEL.NS,NO TRADE,False,40.80409618419938,NO TRADE,DOWN,DEGRADED,No risk assessment available (entry/stop/target could not be computed).; Failed check: signal is directional.; Failed check: confidence sufficient.; Failed check: risk reward sufficient.; Failed check: expected value positive.; Failed check: positive edge after costs.; Failed check: stop loss logical.; Failed check: position size within limits.; Failed check: strong technical setup.; Failed check: market conditions acceptable.; Failed check: news credibility acceptable.,,1000000.0,81.0999984741211,,30.0,57.0,30.0,,25.0,,,40.0,70.84803089838987,,,,,,No risk assessment available (entry/stop/target could not be computed).,BEAR_HIGH_VOL,35.0,
2026-09-10 15:04:05.971094+00:00,ZEELEARN.NS,NO TRADE,False,40.83594475138677,NO TRADE,DOWN,DEGRADED,No risk assessment available (entry/stop/target could not be computed).; Failed check: signal is directional.; Failed check: confidence sufficient.; Failed check: ai signals aligned.; Failed check: risk reward sufficient.; Failed check: expected value positive.; Failed check: positive edge after costs.; Failed check: stop loss logical.; Failed check: position size within limits.; Failed check: strong technical setup.; Failed check: market conditions acceptable.; Failed check: news credibility acceptable.,,1000000.0,6.480000019073486,,26.666666666666668,67.0,30.0,,25.0,,,40.0,72.53704340544326,,,,,,No risk assessment available (entry/stop/target could not be computed).,BEAR_LOW_VOL,42.0,
2026-09-10 15:04:07.515473+00:00,ZEEMEDIA.NS,NO TRADE,False,48.58315484943704,NO TRADE,NONE,DEGRADED,No risk assessment available (entry/stop/target could not be computed).; Failed check: signal is directional.; Failed check: confidence sufficient.; Failed check: risk reward sufficient.; Failed check: expected value positive.; Failed check: positive edge after costs.; Failed check: stop loss logical.; Failed check: position size within limits.; Failed check: strong technical setup.; Failed check: market conditions acceptable.; Failed check: news credibility acceptable.,,1000000.0,7.670000076293945,,43.333333333333336,54.0,36.07836248728569,,40.0,,,55.0,70.78244945896766,,,,,,No risk assessment available (entry/stop/target could not be computed).,BEAR_HIGH_VOL,20.0,
2026-09-10 15:04:08.758432+00:00,ZENITHSTL.NS,NO TRADE,False,59.241492292288626,WATCH,NONE,DEGRADED,No risk assessment available (entry/stop/target could not be computed).; Failed check: signal is directional.; Failed check: confidence sufficient.; Failed check: risk reward sufficient.; Failed check: expected value positive.; Failed check: positive edge after costs.; Failed check: stop loss logical.; Failed check: position size within limits.; Failed check: strong technical setup.; Failed check: news credibility acceptable.,,1000000.0,5.989999771118164,,53.333333333333336,48.0,70.0,,60.0,,,55.0,69.88968759850424,,,,,,No risk assessment available (entry/stop/target could not be computed).,BULL_HIGH_VOL,45.0,
2026-09-10 15:04:11.052091+00:00,ZENSARTECH.NS,NO TRADE,False,42.82214329719547,NO TRADE,NONE,DEGRADED,No risk assessment available (entry/stop/target could not be computed).; Failed check: signal is directional.; Failed check: confidence sufficient.; Failed check: ai signals aligned.; Failed check: risk reward sufficient.; Failed check: expected value positive.; Failed check: positive edge after costs.; Failed check: stop loss logical.; Failed check: position size within limits.; Failed check: strong technical setup.; Failed check: market conditions acceptable.; Failed check: news credibility acceptable.,,1000000.0,427.70001220703125,,26.666666666666668,74.0,31.45511135265391,,25.0,,,40.0,76.52541936255781,,,,,,No risk assessment available (entry/stop/target could not be computed).,BEAR_LOW_VOL,20.0,
2026-09-10 15:04:12.332877+00:00,ZENTEC.NS,NO TRADE,False,51.285028488530486,NO TRADE,DOWN,DEGRADED,No risk assessment available (entry/stop/target could not be computed).; Failed check: signal is directional.; Failed check: confidence sufficient.; Failed check: risk reward sufficient.; Failed check: expected value positive.; Failed check: positive edge after costs.; Failed check: stop loss logical.; Failed check: position size within limits.; Failed check: strong technical setup.; Failed check: news credibility acceptable.,,1000000.0,1751.800048828125,,43.333333333333336,44.0,48.34845366552059,,40.0,,,55.0,77.23421293433125,,,,,,No risk assessment available (entry/stop/target could not be computed).,SIDEWAYS_LOW_VOL,35.0,
2026-09-10 15:04:13.715482+00:00,ZODIACLOTH.NS,NO TRADE,False,38.861260424976166,NO TRADE,DOWN,DEGRADED,No risk assessment available (entry/stop/target could not be computed).; Failed check: signal is directional.; Failed check: confidence sufficient.; Failed check: risk reward sufficient.; Failed check: expected value positive.; Failed check: positive edge after costs.; Failed check: stop loss logical.; Failed check: position size within limits.; Failed check: sufficient liquidity.; Failed check: strong technical setup.; Failed check: news credibility acceptable.,,1000000.0,70.41999816894531,,31.666666666666668,49.0,40.199566484303915,,40.0,,,10.0,77.35567596854396,,,,,,No risk assessment available (entry/stop/target could not be computed).,BEAR_LOW_VOL,30.0,
2026-09-10 15:04:14.062299+00:00,ZODJRDMKJ.NS,NO TRADE,False,0.0,NO TRADE,NONE,INVALID,"Data Quality [ZODJRDMKJ.NS] as of 2026-09-10T15:04:14.062203+00:00: INVALID (score=0.00, threshold=0.70)
  [CRITICAL] provider_unavailable: No data returned for ZODJRDMKJ.NS (2y/1d)",,1000000.0,,,,,,,,,,,,,,,,,"Data Quality [ZODJRDMKJ.NS] as of 2026-09-10T15:04:14.062203+00:00: INVALID (score=0.00, threshold=0.70)
  [CRITICAL] provider_unavailable: No data returned for ZODJRDMKJ.NS (2y/1d)",UNKNOWN,,
2026-09-10 15:04:15.390243+00:00,ZOTA.NS,NO TRADE,False,53.90119804359016,NO TRADE,UP,DEGRADED,No risk assessment available (entry/stop/target could not be computed).; Failed check: signal is directional.; Failed check: confidence sufficient.; Failed check: risk reward sufficient.; Failed check: expected value positive.; Failed check: positive edge after costs.; Failed check: stop loss logical.; Failed check: position size within limits.; Failed check: strong technical setup.; Failed check: market conditions acceptable.; Failed check: news credibility acceptable.,,1000000.0,1099.5,,53.333333333333336,60.0,34.44345813668721,,60.0,,,55.0,79.72151743782325,,,,,,No risk assessment available (entry/stop/target could not be computed).,BEAR_HIGH_VOL,20.0,
2026-09-10 15:04:16.672871+00:00,ZUARI.NS,NO TRADE,False,51.1419807461109,NO TRADE,UP,DEGRADED,No risk assessment available (entry/stop/target could not be computed).; Failed check: signal is directional.; Failed check: confidence sufficient.; Failed check: ai signals aligned.; Failed check: risk reward sufficient.; Failed check: expected value positive.; Failed check: positive edge after costs.; Failed check: stop loss logical.; Failed check: position size within limits.; Failed check: strong technical setup.; Failed check: news credibility acceptable.,,1000000.0,223.74000549316406,,31.666666666666668,79.0,59.52095583637423,,40.0,,,40.0,74.57850109415078,,,,,,No risk assessment available (entry/stop/target could not be computed).,SIDEWAYS_LOW_VOL,20.0,
2026-09-10 15:04:18.066774+00:00,ZYDUSWELL.NS,NO TRADE,False,61.003155760368756,WATCH,UP,DEGRADED,No risk assessment available (entry/stop/target could not be computed).; Failed check: signal is directional.; Failed check: confidence sufficient.; Failed check: risk reward sufficient.; Failed check: expected value positive.; Failed check: positive edge after costs.; Failed check: stop loss logical.; Failed check: position size within limits.; Failed check: strong technical setup.; Failed check: news credibility acceptable.,,1000000.0,565.0,,53.333333333333336,59.0,70.0,,70.0,,,55.0,74.52601984597092,,,,,,No risk assessment available (entry/stop/target could not be computed).,SIDEWAYS_LOW_VOL,30.0,
